click_id,user_id,campaign_id,creative_id,click_time,cost
1,1,3,7,2025-03-05T01:59:54+00:00,0.258692
2,1,2,4,2025-03-06T02:17:07+00:00,1.476650
3,2,3,8,2025-01-11T23:18:27+00:00,0.445361
4,2,1,2,2025-01-12T23:01:21+00:00,1.723794
5,3,4,10,2025-01-04T21:28:52+00:00,0.445907
6,3,2,6,2025-01-05T21:31:15+00:00,1.625949
7,4,4,12,2025-03-12T12:53:19+00:00,0.366987
8,4,2,5,2025-03-13T12:48:01+00:00,1.149802
9,5,3,9,2025-03-21T14:07:37+00:00,0.208082
10,5,1,1,2025-03-22T14:20:18+00:00,1.239706
11,6,4,12,2025-01-17T02:35:09+00:00,0.364698
12,6,2,6,2025-01-18T02:39:26+00:00,1.637232
13,7,4,12,2025-02-05T20:58:18+00:00,0.451382
14,7,2,5,2025-02-06T20:32:39+00:00,1.284549
15,8,4,12,2025-02-07T18:09:20+00:00,0.413688
16,8,2,5,2025-02-08T18:13:22+00:00,0.982422
17,9,4,11,2025-01-20T16:30:50+00:00,0.213072
18,9,1,3,2025-01-21T16:19:22+00:00,1.339328
19,10,4,12,2025-03-26T01:13:41+00:00,0.208506
20,10,2,5,2025-03-27T01:11:11+00:00,0.816643
21,11,3,7,2025-02-06T10:21:45+00:00,0.250490
22,11,1,1,2025-02-07T10:27:52+00:00,1.796986
23,12,4,12,2025-03-09T08:58:18+00:00,0.497507
24,12,1,2,2025-03-10T09:01:53+00:00,1.960348
25,13,3,7,2025-02-15T21:26:55+00:00,0.167608
26,13,2,4,2025-02-16T21:16:21+00:00,1.429170
27,14,4,12,2025-03-17T14:32:40+00:00,0.404788
28,14,1,2,2025-03-18T14:27:55+00:00,1.371611
29,15,4,10,2025-01-08T10:29:45+00:00,0.404046
30,15,2,6,2025-01-09T10:36:26+00:00,1.088958
31,16,4,12,2025-03-06T15:20:06+00:00,0.206143
32,16,1,3,2025-03-07T15:31:55+00:00,1.732073
33,17,3,7,2025-03-15T08:08:57+00:00,0.490267
34,17,1,3,2025-03-16T07:58:40+00:00,1.842551
35,18,4,10,2025-02-06T03:40:38+00:00,0.264055
36,18,2,5,2025-02-07T03:53:39+00:00,1.873738
37,19,3,8,2025-01-06T13:51:08+00:00,0.499335
38,19,1,3,2025-01-07T14:03:54+00:00,1.813500
39,20,4,12,2025-01-08T04:14:23+00:00,0.258007
40,20,1,2,2025-01-09T04:23:58+00:00,1.935602
41,21,4,11,2025-03-26T14:01:54+00:00,0.377736
42,21,2,5,2025-03-27T14:06:35+00:00,0.876966
43,22,4,12,2025-01-27T21:53:01+00:00,0.484834
44,22,2,4,2025-01-28T22:04:10+00:00,1.787235
45,23,3,9,2025-03-13T03:05:06+00:00,0.455273
46,23,2,6,2025-03-14T02:53:24+00:00,1.649168
47,24,4,11,2025-03-03T17:06:02+00:00,0.498122
48,24,1,1,2025-03-04T17:15:40+00:00,1.329029
49,25,3,9,2025-03-17T01:15:40+00:00,0.495643
50,25,2,6,2025-03-18T00:52:17+00:00,1.162699
51,26,3,7,2025-02-18T10:42:14+00:00,0.489821
52,26,2,5,2025-02-19T10:46:26+00:00,1.919810
53,27,4,10,2025-01-31T20:39:31+00:00,0.431231
54,27,2,5,2025-02-01T20:53:26+00:00,0.837020
55,28,4,11,2025-02-18T04:44:30+00:00,0.201233
56,28,2,5,2025-02-19T04:32:41+00:00,1.913384
57,29,3,7,2025-02-17T03:57:08+00:00,0.484539
58,29,2,5,2025-02-18T03:40:32+00:00,0.838258
59,30,3,8,2025-01-22T13:49:21+00:00,0.459260
60,30,2,6,2025-01-23T13:42:27+00:00,1.061065
61,31,3,8,2025-03-08T05:22:21+00:00,0.360985
62,31,1,1,2025-03-09T05:10:30+00:00,1.200479
63,32,4,12,2025-01-08T05:13:31+00:00,0.495533
64,32,1,1,2025-01-09T05:38:03+00:00,0.873957
65,33,4,12,2025-01-08T21:32:37+00:00,0.427349
66,33,2,5,2025-01-09T21:40:07+00:00,1.127356
67,34,4,11,2025-01-08T21:30:40+00:00,0.281065
68,34,2,4,2025-01-09T21:24:10+00:00,1.303636
69,35,4,10,2025-03-28T16:09:03+00:00,0.388265
70,35,1,1,2025-03-29T16:16:18+00:00,0.979043
71,36,3,7,2025-01-20T11:48:42+00:00,0.174708
72,36,2,5,2025-01-21T11:59:02+00:00,1.449605
73,37,4,11,2025-03-26T21:17:49+00:00,0.290524
74,37,1,1,2025-03-27T21:16:47+00:00,0.908107
75,38,4,12,2025-03-20T17:45:14+00:00,0.163206
76,38,1,2,2025-03-21T17:54:46+00:00,1.670487
77,39,3,9,2025-01-19T19:47:48+00:00,0.375005
78,39,1,1,2025-01-20T19:57:25+00:00,1.069321
79,40,3,8,2025-02-24T10:49:31+00:00,0.347976
80,40,1,1,2025-02-25T10:49:00+00:00,1.946207
81,41,4,11,2025-03-16T04:06:05+00:00,0.479869
82,41,2,5,2025-03-17T04:20:58+00:00,1.250405
83,42,3,9,2025-01-07T17:06:01+00:00,0.429090
84,42,2,4,2025-01-08T16:51:51+00:00,1.744023
85,43,3,9,2025-02-15T04:37:43+00:00,0.433049
86,43,1,3,2025-02-16T04:30:56+00:00,1.699341
87,44,4,11,2025-01-20T10:35:13+00:00,0.236933
88,44,1,1,2025-01-21T10:53:13+00:00,1.895190
89,45,3,7,2025-03-15T15:01:19+00:00,0.434008
90,45,1,2,2025-03-16T15:02:13+00:00,0.803396
91,46,3,9,2025-02-22T13:38:09+00:00,0.371138
92,46,2,5,2025-02-23T13:56:21+00:00,1.297524
93,47,4,12,2025-02-28T18:56:27+00:00,0.184435
94,47,2,4,2025-03-01T18:49:57+00:00,1.108872
95,48,4,10,2025-02-26T07:40:41+00:00,0.451100
96,48,1,1,2025-02-27T07:55:36+00:00,1.139393
97,49,4,11,2025-02-27T16:08:01+00:00,0.458712
98,49,1,2,2025-02-28T16:15:19+00:00,1.283794
99,50,4,12,2025-01-25T04:19:31+00:00,0.306430
100,50,1,2,2025-01-26T04:35:46+00:00,1.745036
101,51,3,7,2025-01-09T01:21:50+00:00,0.224554
102,51,2,5,2025-01-10T01:19:01+00:00,1.381481
103,52,3,9,2025-01-22T17:06:59+00:00,0.222638
104,52,2,4,2025-01-23T17:09:16+00:00,0.807229
105,53,4,11,2025-02-06T21:22:10+00:00,0.155486
106,53,1,3,2025-02-07T21:11:24+00:00,1.571871
107,54,3,7,2025-03-21T08:54:06+00:00,0.385213
108,54,1,2,2025-03-22T08:58:08+00:00,1.453259
109,55,4,10,2025-03-28T06:17:35+00:00,0.192722
110,55,2,4,2025-03-29T06:17:10+00:00,1.938920
111,56,4,12,2025-01-29T08:33:46+00:00,0.265630
112,56,2,6,2025-01-30T08:36:46+00:00,1.833438
113,57,4,11,2025-01-27T15:24:02+00:00,0.179875
114,57,2,4,2025-01-28T15:17:16+00:00,1.601084
115,58,4,10,2025-01-28T20:58:58+00:00,0.351947
116,58,2,4,2025-01-29T21:09:45+00:00,1.646645
117,59,4,10,2025-03-14T23:23:39+00:00,0.493961
118,59,2,6,2025-03-15T23:41:20+00:00,0.967832
119,60,3,8,2025-03-28T18:15:13+00:00,0.370305
120,60,2,5,2025-03-29T17:57:13+00:00,1.513631
121,61,4,12,2025-02-24T15:54:21+00:00,0.263884
122,61,1,3,2025-02-25T15:41:21+00:00,1.611632
123,62,3,8,2025-03-20T07:33:33+00:00,0.456014
124,62,2,6,2025-03-21T07:34:21+00:00,1.801010
125,63,4,11,2025-02-05T08:24:11+00:00,0.339822
126,63,2,6,2025-02-06T08:23:07+00:00,1.516010
127,64,4,12,2025-01-24T23:46:26+00:00,0.305211
128,64,2,5,2025-01-26T00:05:08+00:00,1.226178
129,65,4,12,2025-03-14T12:20:33+00:00,0.377474
130,65,2,6,2025-03-15T12:42:21+00:00,1.655058
131,66,3,9,2025-03-21T17:27:00+00:00,0.389188
132,66,2,6,2025-03-22T17:27:57+00:00,0.885732
133,67,3,8,2025-02-16T17:08:20+00:00,0.246331
134,67,2,4,2025-02-17T16:50:06+00:00,1.718143
135,68,4,10,2025-03-27T14:43:20+00:00,0.167029
136,68,2,6,2025-03-28T14:30:35+00:00,1.223029
137,69,3,8,2025-01-08T17:59:39+00:00,0.161826
138,69,2,6,2025-01-09T18:15:12+00:00,1.592400
139,70,4,12,2025-02-23T01:51:43+00:00,0.218427
140,70,1,2,2025-02-24T01:47:44+00:00,1.621638
141,71,4,10,2025-02-27T09:17:44+00:00,0.175459
142,71,1,2,2025-02-28T09:01:58+00:00,1.913718
143,72,3,7,2025-02-01T11:17:49+00:00,0.422777
144,72,1,2,2025-02-02T11:08:37+00:00,1.534135
145,73,4,11,2025-01-20T11:00:26+00:00,0.341450
146,73,2,4,2025-01-21T11:14:57+00:00,1.689772
147,74,3,7,2025-02-23T07:06:40+00:00,0.459378
148,74,1,1,2025-02-24T06:50:32+00:00,0.957623
149,75,4,10,2025-03-07T12:14:37+00:00,0.452351
150,75,1,3,2025-03-08T12:07:27+00:00,1.899921
151,76,3,8,2025-02-01T01:09:36+00:00,0.312379
152,76,2,5,2025-02-02T01:01:47+00:00,1.037188
153,77,3,8,2025-01-20T15:10:11+00:00,0.252077
154,77,1,3,2025-01-21T15:18:15+00:00,0.809414
155,78,4,11,2025-03-02T18:18:55+00:00,0.228676
156,78,1,1,2025-03-03T18:41:09+00:00,0.807605
157,79,4,10,2025-01-22T09:56:04+00:00,0.427782
158,79,2,6,2025-01-23T10:09:08+00:00,0.942922
159,80,4,11,2025-02-13T22:44:39+00:00,0.159388
160,80,1,2,2025-02-14T22:33:15+00:00,1.997793
161,81,4,10,2025-03-14T11:14:06+00:00,0.329125
162,81,2,6,2025-03-15T11:02:45+00:00,0.828095
163,82,3,8,2025-02-03T13:27:50+00:00,0.487779
164,82,1,2,2025-02-04T13:30:51+00:00,0.984391
165,83,4,11,2025-01-21T08:10:30+00:00,0.497948
166,83,2,6,2025-01-22T08:22:33+00:00,1.765326
167,84,4,12,2025-03-17T15:06:25+00:00,0.219328
168,84,1,3,2025-03-18T14:55:32+00:00,0.954379
169,85,4,10,2025-02-19T00:07:40+00:00,0.228325
170,85,2,4,2025-02-20T00:19:34+00:00,1.214615
171,86,4,12,2025-03-28T23:30:41+00:00,0.319195
172,86,1,1,2025-03-29T23:46:45+00:00,1.242525
173,87,3,8,2025-02-21T07:25:04+00:00,0.390905
174,87,2,6,2025-02-22T07:23:45+00:00,1.449641
175,88,3,8,2025-01-14T22:54:57+00:00,0.465249
176,88,1,3,2025-01-15T23:06:48+00:00,0.946989
177,89,3,9,2025-02-13T23:41:24+00:00,0.391742
178,89,2,4,2025-02-14T23:27:22+00:00,1.201120
179,90,4,10,2025-02-14T07:17:04+00:00,0.339741
180,90,2,4,2025-02-15T07:18:05+00:00,1.444633
181,91,3,7,2025-03-24T13:20:33+00:00,0.489358
182,91,1,3,2025-03-25T13:06:36+00:00,1.414489
183,92,3,9,2025-02-13T16:59:57+00:00,0.465310
184,92,1,2,2025-02-14T17:16:07+00:00,1.278264
185,93,3,7,2025-02-23T10:48:40+00:00,0.461374
186,93,1,1,2025-02-24T10:53:49+00:00,1.284292
187,94,3,9,2025-01-22T18:38:49+00:00,0.394717
188,94,1,1,2025-01-23T18:59:26+00:00,1.764930
189,95,4,11,2025-01-22T02:18:02+00:00,0.156683
190,95,1,3,2025-01-23T02:16:20+00:00,1.357622
191,96,4,11,2025-03-28T12:11:18+00:00,0.232792
192,96,1,3,2025-03-29T12:26:45+00:00,1.675049
193,97,3,9,2025-03-16T04:11:24+00:00,0.238505
194,97,1,2,2025-03-17T04:09:46+00:00,1.431651
195,98,3,9,2025-03-20T15:55:33+00:00,0.467253
196,98,1,3,2025-03-21T16:14:40+00:00,0.916606
197,99,4,11,2025-01-04T19:54:21+00:00,0.413841
198,99,2,4,2025-01-05T19:49:48+00:00,1.344856
199,100,3,7,2025-01-14T09:45:47+00:00,0.408321
200,100,1,3,2025-01-15T09:49:43+00:00,1.707789
201,125,2,5,2025-02-03T12:01:46+00:00,1.783983
202,148,6,17,2025-01-12T14:28:52+00:00,0.000000
203,149,1,2,2025-01-24T06:58:42+00:00,1.862080
204,161,1,1,2025-03-02T13:14:09+00:00,1.216627
205,177,2,6,2025-03-23T22:27:26+00:00,0.858581
206,184,1,1,2025-03-04T22:18:05+00:00,1.755957
207,185,4,10,2025-01-14T13:09:26+00:00,0.322533
208,188,1,3,2025-03-27T07:45:55+00:00,1.662376
209,195,1,2,2025-02-03T08:09:45+00:00,1.524489
210,213,1,2,2025-02-28T12:44:29+00:00,1.325685
211,215,4,12,2025-03-16T16:41:17+00:00,0.421069
212,226,3,7,2025-03-13T09:11:17+00:00,0.405826
213,228,4,12,2025-01-16T06:42:03+00:00,0.260963
214,244,3,7,2025-03-18T19:17:14+00:00,0.226805
215,277,9,27,2025-03-28T05:32:02+00:00,0.000000
216,281,2,4,2025-02-25T12:35:36+00:00,1.129684
217,288,1,3,2025-03-17T20:25:03+00:00,1.996153
218,297,5,14,2025-02-15T06:25:23+00:00,0.000000
219,320,4,10,2025-01-05T06:15:29+00:00,0.197576
220,331,5,13,2025-01-26T22:32:28+00:00,0.000000
221,333,1,1,2025-02-13T19:23:27+00:00,1.446287
222,342,4,10,2025-02-16T18:31:48+00:00,0.442564
223,343,4,12,2025-03-27T16:27:24+00:00,0.469173
224,406,3,9,2025-03-19T19:02:29+00:00,0.356149
225,409,4,12,2025-03-27T12:29:10+00:00,0.181173
226,421,4,11,2025-02-27T14:44:04+00:00,0.335302
227,428,1,3,2025-01-28T07:21:09+00:00,1.972249
228,434,1,3,2025-01-12T14:12:38+00:00,1.609638
229,439,7,21,2025-01-26T09:00:24+00:00,0.757618
230,444,7,20,2025-03-08T08:05:49+00:00,0.464324
231,445,4,11,2025-02-03T17:33:38+00:00,0.494737
232,451,2,5,2025-02-25T13:01:33+00:00,1.337099
233,458,3,8,2025-02-22T05:52:15+00:00,0.483239
234,461,7,20,2025-03-11T00:23:11+00:00,1.032495
235,463,4,10,2025-03-17T01:45:53+00:00,0.482424
236,473,4,11,2025-02-26T07:55:09+00:00,0.163725
237,474,2,5,2025-03-27T23:34:17+00:00,1.443106
238,476,4,12,2025-03-13T07:15:32+00:00,0.151239
239,479,1,1,2025-03-05T22:27:05+00:00,1.595219
240,501,4,11,2025-02-05T17:22:22+00:00,0.294681
241,508,2,6,2025-01-17T21:59:32+00:00,1.054786
242,526,4,11,2025-02-08T02:39:15+00:00,0.347268
243,527,4,11,2025-03-25T01:04:39+00:00,0.212200
244,528,3,7,2025-03-03T03:22:16+00:00,0.305827
245,533,4,12,2025-02-19T22:33:34+00:00,0.489297
246,540,3,8,2025-01-02T05:14:09+00:00,0.288555
247,582,8,23,2025-03-02T23:43:09+00:00,1.024763
248,583,3,9,2025-02-28T10:49:40+00:00,0.324743
249,597,3,9,2025-02-11T16:20:20+00:00,0.170262
250,603,1,2,2025-01-27T16:02:48+00:00,1.310384
251,616,1,3,2025-03-28T02:56:23+00:00,1.198081
252,618,3,9,2025-01-05T21:02:48+00:00,0.168639
253,620,3,9,2025-02-07T03:13:19+00:00,0.150074
254,623,3,9,2025-02-24T09:24:59+00:00,0.237376
255,629,1,1,2025-02-07T02:29:52+00:00,1.711665
256,630,1,3,2025-02-27T09:24:53+00:00,1.849066
257,639,2,6,2025-03-26T03:32:46+00:00,1.717499
258,653,2,5,2025-01-09T16:31:33+00:00,1.073724
259,657,2,4,2025-01-19T14:22:32+00:00,1.632208
260,671,4,12,2025-03-25T14:11:35+00:00,0.303322
261,672,4,12,2025-01-10T19:23:20+00:00,0.205004
262,680,2,4,2025-02-16T20:40:02+00:00,1.767294
263,684,4,11,2025-02-10T22:23:58+00:00,0.489367
264,685,4,12,2025-01-31T09:59:39+00:00,0.359692
265,690,1,1,2025-02-18T13:15:38+00:00,0.852584
266,696,7,21,2025-03-11T12:39:02+00:00,1.056423
267,705,6,17,2025-03-13T22:48:05+00:00,0.000000
268,712,3,9,2025-01-13T08:46:26+00:00,0.294028
269,727,1,2,2025-02-10T20:36:17+00:00,1.440996
270,729,4,12,2025-03-22T14:07:48+00:00,0.479017
271,740,3,7,2025-02-22T22:41:55+00:00,0.246311
272,786,5,14,2025-03-05T11:47:56+00:00,0.000000
273,788,2,4,2025-01-22T12:54:44+00:00,1.243566
274,795,10,28,2025-03-23T05:14:09+00:00,0.000000
275,798,2,5,2025-01-16T07:25:39+00:00,1.362786
276,800,2,6,2025-02-21T18:52:46+00:00,1.225634
277,808,2,4,2025-03-04T07:29:33+00:00,1.398139
278,812,1,1,2025-02-17T19:39:54+00:00,1.928676
279,819,10,30,2025-03-17T02:37:51+00:00,0.000000
280,829,2,5,2025-03-16T23:49:29+00:00,1.636191
281,832,1,2,2025-01-26T06:40:21+00:00,0.936980
282,836,2,5,2025-02-07T23:11:31+00:00,1.876114
283,840,10,29,2025-01-16T05:03:07+00:00,0.000000
284,841,2,4,2025-02-11T19:23:50+00:00,1.238481
285,859,3,8,2025-01-19T18:10:39+00:00,0.181184
286,879,5,15,2025-01-16T02:08:26+00:00,0.000000
287,881,3,8,2025-01-16T19:00:06+00:00,0.320403
288,884,8,24,2025-01-14T14:19:33+00:00,0.791986
289,893,4,11,2025-03-11T09:54:41+00:00,0.475366
290,896,8,23,2025-01-13T14:37:21+00:00,0.805965
291,897,3,9,2025-02-09T20:20:33+00:00,0.179710
292,914,8,22,2025-03-17T07:18:18+00:00,0.833901
293,916,5,14,2025-01-08T00:29:00+00:00,0.000000
294,922,3,7,2025-03-20T04:42:53+00:00,0.200404
295,926,1,1,2025-03-17T04:17:58+00:00,1.526738
296,941,8,24,2025-02-11T20:48:43+00:00,0.996720
297,945,1,2,2025-01-18T03:57:20+00:00,0.877062
298,947,2,5,2025-02-01T19:14:06+00:00,1.801296
299,956,1,1,2025-03-16T01:42:57+00:00,1.274277
300,971,3,7,2025-01-20T21:03:28+00:00,0.347063
301,975,4,11,2025-03-24T00:30:04+00:00,0.454286
302,978,9,25,2025-03-15T08:23:15+00:00,0.000000
303,979,1,3,2025-02-17T23:12:11+00:00,1.319768
304,982,3,9,2025-01-31T17:32:26+00:00,0.425590
305,999,4,11,2025-03-02T14:22:54+00:00,0.229712
306,1017,1,1,2025-03-25T19:23:15+00:00,0.925794
307,1043,2,5,2025-02-27T01:15:40+00:00,1.043305
308,1051,2,5,2025-02-24T13:56:22+00:00,1.431118
309,1080,10,30,2025-02-18T03:06:54+00:00,0.000000
310,1130,7,20,2025-01-10T21:52:40+00:00,0.611030
311,1135,7,20,2025-03-19T23:44:12+00:00,1.110001
312,1149,3,9,2025-02-09T08:41:18+00:00,0.361862
313,1154,4,10,2025-03-06T23:09:51+00:00,0.239437
314,1158,3,9,2025-01-22T20:09:36+00:00,0.480747
315,1165,4,11,2025-02-23T11:07:39+00:00,0.362733
316,1176,7,21,2025-03-27T19:21:38+00:00,1.069528
317,1187,6,17,2025-01-19T06:32:32+00:00,0.000000
318,1199,4,10,2025-01-22T07:21:21+00:00,0.158339
319,1206,1,1,2025-01-30T01:16:08+00:00,1.405125
320,1218,1,2,2025-03-10T22:37:36+00:00,1.748243
321,1237,6,18,2025-03-19T05:51:57+00:00,0.000000
322,1257,4,12,2025-03-08T07:31:52+00:00,0.322328
323,1270,2,5,2025-03-13T06:35:09+00:00,1.569669
324,1286,1,1,2025-03-13T13:29:47+00:00,0.871538
325,1288,2,5,2025-02-22T17:55:20+00:00,1.773634
326,1294,4,10,2025-01-31T08:13:31+00:00,0.248706
327,1295,1,3,2025-01-25T09:41:33+00:00,1.200422
328,1309,2,6,2025-02-14T07:17:57+00:00,1.129154
329,1313,10,28,2025-02-22T02:58:19+00:00,0.000000
330,1319,9,27,2025-02-23T20:06:51+00:00,0.000000
331,1369,1,2,2025-01-22T17:24:33+00:00,1.676696
332,1370,2,5,2025-01-17T07:46:32+00:00,1.647267
333,1375,2,4,2025-01-30T23:13:41+00:00,1.602622
334,1378,2,4,2025-01-18T04:09:31+00:00,1.984945
335,1380,7,21,2025-02-06T05:26:01+00:00,0.927795
336,1383,1,3,2025-01-29T15:30:56+00:00,1.987376
337,1396,7,21,2025-02-28T10:09:03+00:00,0.780124
338,1401,3,8,2025-02-27T02:38:34+00:00,0.221456
339,1403,1,1,2025-01-04T17:09:07+00:00,1.998914
340,1433,4,11,2025-02-14T10:43:22+00:00,0.305912
341,1438,8,24,2025-01-14T13:56:08+00:00,0.510463
342,1465,3,7,2025-01-27T17:12:46+00:00,0.240292
343,1466,4,11,2025-02-27T10:15:42+00:00,0.213753
344,1484,2,5,2025-01-11T09:09:42+00:00,1.391458
345,1487,4,11,2025-03-17T08:16:55+00:00,0.268515
346,1512,8,22,2025-03-25T07:26:46+00:00,0.645498
347,1535,2,6,2025-02-01T20:45:47+00:00,0.816604
348,1547,1,2,2025-03-10T21:44:09+00:00,1.863546
349,1550,1,3,2025-01-28T23:02:41+00:00,1.555625
350,1570,1,1,2025-02-09T07:05:52+00:00,1.872031
351,1585,8,22,2025-01-15T07:27:19+00:00,0.871323
352,1601,8,23,2025-01-24T12:02:35+00:00,1.183944
353,1603,1,3,2025-02-09T14:42:19+00:00,1.242755
354,1604,10,29,2025-01-25T03:41:15+00:00,0.000000
355,1609,3,9,2025-02-05T23:55:21+00:00,0.292705
356,1611,4,12,2025-03-29T06:25:57+00:00,0.357708
357,1613,9,25,2025-03-23T20:55:16+00:00,0.000000
358,1618,2,5,2025-03-20T08:48:09+00:00,1.717129
359,1619,7,20,2025-01-17T15:49:10+00:00,0.755355
360,1620,7,21,2025-03-08T06:50:02+00:00,0.416095
361,1632,3,9,2025-01-21T13:00:39+00:00,0.477203
362,1635,8,22,2025-02-27T21:52:36+00:00,0.998574
363,1655,3,8,2025-03-24T18:32:26+00:00,0.316868
364,1660,3,8,2025-02-18T06:03:37+00:00,0.386849
365,1673,2,6,2025-01-24T03:35:10+00:00,1.364835
366,1690,3,9,2025-01-26T21:17:55+00:00,0.437726
367,1700,4,11,2025-02-25T10:43:37+00:00,0.386732
368,1701,3,9,2025-03-12T15:00:31+00:00,0.438646
369,1712,9,25,2025-01-26T05:57:10+00:00,0.000000
370,1716,3,8,2025-03-03T17:41:07+00:00,0.304493
371,1719,7,21,2025-02-12T14:09:13+00:00,0.562319
372,1721,1,2,2025-03-09T11:13:53+00:00,1.770340
373,1723,1,1,2025-02-17T06:06:38+00:00,0.870956
374,1737,7,19,2025-03-27T12:12:38+00:00,0.726292
375,1740,1,3,2025-02-19T06:06:09+00:00,1.590340
376,1761,3,8,2025-03-23T05:02:31+00:00,0.407159
377,1799,1,3,2025-01-18T03:09:38+00:00,1.747126
378,1803,3,7,2025-01-22T14:36:21+00:00,0.471169
379,1818,3,8,2025-02-01T16:33:14+00:00,0.345163
380,1852,5,14,2025-03-13T17:28:57+00:00,0.000000
381,1856,3,8,2025-01-31T23:37:37+00:00,0.388393
382,1864,2,6,2025-01-13T11:02:09+00:00,1.598263
383,1889,1,2,2025-01-25T10:37:38+00:00,1.243259
384,1921,4,10,2025-02-10T07:36:25+00:00,0.402363
385,1937,3,7,2025-01-30T20:51:16+00:00,0.490038
386,1938,8,23,2025-02-07T19:02:43+00:00,1.182819
387,1942,8,23,2025-02-01T22:59:09+00:00,1.004964
388,1972,7,21,2025-01-22T00:56:15+00:00,0.746795
389,1979,3,8,2025-02-01T14:06:57+00:00,0.211560
390,2030,8,22,2025-03-20T15:50:39+00:00,0.457286
391,2035,4,10,2025-03-02T01:36:32+00:00,0.455454
392,2040,2,4,2025-02-01T18:03:51+00:00,1.991918
393,2054,3,7,2025-02-07T09:33:33+00:00,0.283583
394,2089,1,3,2025-01-14T09:23:03+00:00,0.925853
395,2101,1,2,2025-03-06T08:22:04+00:00,0.967239
396,2107,9,27,2025-01-07T11:39:56+00:00,0.000000
397,2121,1,3,2025-03-25T13:30:23+00:00,1.615889
398,2124,3,9,2025-02-03T05:12:51+00:00,0.418176
399,2139,2,5,2025-02-27T17:57:23+00:00,0.876410
400,2140,3,8,2025-01-31T13:53:17+00:00,0.466646
401,2148,2,6,2025-02-01T16:44:56+00:00,1.707341
402,2161,10,29,2025-02-12T05:19:52+00:00,0.000000
403,2171,9,26,2025-02-05T20:00:05+00:00,0.000000
404,2177,3,8,2025-02-18T00:06:44+00:00,0.213768
405,2182,1,1,2025-03-28T05:43:44+00:00,1.924285
406,2188,1,3,2025-03-10T01:02:46+00:00,1.756807
407,2196,6,16,2025-02-04T12:49:25+00:00,0.000000
408,2210,2,4,2025-01-19T00:11:10+00:00,1.000402
409,2226,6,17,2025-01-19T02:39:18+00:00,0.000000
410,2248,1,3,2025-02-16T13:40:11+00:00,1.443977
411,2264,4,11,2025-02-07T08:47:37+00:00,0.208617
412,2286,4,11,2025-01-30T14:04:57+00:00,0.434185
413,2292,2,4,2025-01-16T21:22:53+00:00,0.993809
414,2310,3,7,2025-03-15T11:35:38+00:00,0.206734
415,2313,7,20,2025-02-21T23:14:22+00:00,0.985785
416,2328,8,22,2025-02-12T03:24:10+00:00,1.190639
417,2335,6,18,2025-03-27T01:54:32+00:00,0.000000
418,2348,6,16,2025-03-27T04:13:28+00:00,0.000000
419,2363,1,1,2025-03-09T21:33:26+00:00,1.875667
420,2380,6,18,2025-02-08T13:13:43+00:00,0.000000
421,2393,2,6,2025-03-24T07:30:09+00:00,1.357101
422,2395,4,10,2025-01-20T15:43:57+00:00,0.196459
423,2408,7,20,2025-03-09T16:30:11+00:00,1.030906
424,2418,8,24,2025-03-24T03:06:22+00:00,0.850484
425,2423,4,10,2025-01-23T10:14:52+00:00,0.182979
426,2433,4,11,2025-01-20T03:23:27+00:00,0.388922
427,2452,3,9,2025-02-23T18:01:18+00:00,0.162170
428,2453,2,6,2025-01-18T00:53:38+00:00,1.119379
429,2455,2,6,2025-03-26T16:40:11+00:00,1.591936
430,2467,2,4,2025-02-23T10:41:03+00:00,1.447541
431,2476,9,27,2025-03-28T21:55:45+00:00,0.000000
432,2480,1,3,2025-01-17T19:55:34+00:00,1.968241
433,2487,2,4,2025-02-23T21:16:07+00:00,1.413764
434,2495,6,18,2025-03-07T16:22:04+00:00,0.000000
435,2500,1,1,2025-01-11T06:50:29+00:00,0.843148
436,2506,1,3,2025-01-23T08:14:45+00:00,0.854646
437,2512,1,2,2025-02-16T22:18:41+00:00,1.189564
438,2514,4,11,2025-03-26T21:50:01+00:00,0.267633
439,2520,1,2,2025-03-23T07:51:55+00:00,0.966756
440,2521,2,5,2025-02-05T12:31:43+00:00,0.957772
441,2524,8,23,2025-01-29T13:32:05+00:00,0.935892
442,2528,9,27,2025-01-08T02:49:34+00:00,0.000000
443,2533,2,4,2025-02-04T04:30:08+00:00,0.995503
444,2536,4,12,2025-02-11T16:47:57+00:00,0.460103
445,2554,1,2,2025-02-06T01:43:33+00:00,1.258041
446,2576,3,8,2025-01-12T15:06:51+00:00,0.297989
447,2582,4,10,2025-02-15T13:49:56+00:00,0.160429
448,2586,7,20,2025-02-16T02:09:05+00:00,0.551294
449,2593,2,6,2025-02-03T10:52:54+00:00,1.645822
450,2596,4,12,2025-01-19T13:09:26+00:00,0.413000
451,2604,3,7,2025-02-07T19:10:33+00:00,0.386691
452,2612,1,1,2025-01-18T23:19:13+00:00,1.033786
453,2619,9,26,2025-01-15T16:17:45+00:00,0.000000
454,2655,5,14,2025-01-22T00:09:34+00:00,0.000000
455,2658,9,27,2025-02-27T06:11:32+00:00,0.000000
456,2699,1,3,2025-01-30T22:49:26+00:00,1.538190
457,2715,3,9,2025-03-24T19:53:23+00:00,0.482161
458,2718,5,13,2025-01-28T01:47:59+00:00,0.000000
459,2719,7,21,2025-02-27T00:59:25+00:00,0.611541
460,2732,2,4,2025-03-12T05:14:56+00:00,1.087629
461,2740,5,13,2025-03-19T13:30:25+00:00,0.000000
462,2743,2,4,2025-02-10T00:39:51+00:00,1.535939
463,2747,3,7,2025-02-15T12:58:51+00:00,0.176842
464,2754,1,2,2025-03-12T00:25:31+00:00,1.429183
465,2761,6,18,2025-03-22T09:56:14+00:00,0.000000
466,2782,10,30,2025-02-26T15:15:58+00:00,0.000000
467,2787,9,27,2025-01-29T12:57:02+00:00,0.000000
468,2804,1,3,2025-01-31T11:32:39+00:00,1.461720
469,2836,1,3,2025-03-05T15:42:33+00:00,1.517406
470,2841,3,8,2025-03-09T18:17:54+00:00,0.267283
471,2845,3,9,2025-03-13T09:35:29+00:00,0.402503
472,2851,9,25,2025-01-22T21:43:56+00:00,0.000000
473,2885,2,6,2025-03-25T17:46:29+00:00,1.798722
474,2895,8,22,2025-01-16T06:28:27+00:00,1.104867
475,2899,3,7,2025-03-01T20:27:13+00:00,0.433054
476,2948,1,2,2025-03-18T01:00:10+00:00,1.113868
477,2964,1,1,2025-03-11T09:22:42+00:00,1.737787
478,2995,10,29,2025-03-09T18:08:10+00:00,0.000000
479,2998,1,3,2025-02-27T17:05:19+00:00,1.550430
480,3024,8,23,2025-01-25T13:40:49+00:00,1.015676
481,3034,6,17,2025-02-07T19:08:42+00:00,0.000000
482,3040,9,26,2025-03-24T02:44:25+00:00,0.000000
483,3055,2,5,2025-03-23T21:29:19+00:00,1.943937
484,3065,7,19,2025-01-21T08:35:09+00:00,0.500385
485,3078,4,11,2025-02-22T16:40:43+00:00,0.498539
486,3086,6,16,2025-03-07T09:25:16+00:00,0.000000
487,3090,8,24,2025-03-05T10:29:05+00:00,0.749287
488,3099,3,7,2025-01-12T03:36:53+00:00,0.175021
489,3102,3,7,2025-02-13T19:15:58+00:00,0.340812
490,3118,4,10,2025-03-27T04:58:37+00:00,0.214253
491,3151,2,6,2025-02-08T02:09:41+00:00,1.863002
492,3162,3,8,2025-03-27T12:46:28+00:00,0.498721
493,3174,3,8,2025-03-28T00:33:18+00:00,0.255776
494,3221,4,11,2025-01-13T17:16:45+00:00,0.272204
495,3248,9,26,2025-03-05T08:20:25+00:00,0.000000
496,3253,2,5,2025-02-27T10:19:46+00:00,1.252711
497,3264,6,16,2025-03-23T07:51:35+00:00,0.000000
498,3271,7,20,2025-01-18T17:46:59+00:00,0.628191
499,3272,6,18,2025-03-02T20:49:05+00:00,0.000000
500,3274,1,2,2025-01-10T18:54:23+00:00,1.835402
501,3276,1,2,2025-01-13T02:49:14+00:00,1.613137
502,3305,3,9,2025-01-13T17:20:42+00:00,0.175780
503,3306,4,11,2025-03-21T23:46:17+00:00,0.465643
504,3315,4,10,2025-01-21T07:09:05+00:00,0.176998
505,3332,1,2,2025-03-13T11:30:45+00:00,1.232665
506,3334,2,4,2025-01-18T21:28:47+00:00,0.830679
507,3346,2,6,2025-01-10T18:52:57+00:00,1.818686
508,3368,1,3,2025-01-24T07:18:23+00:00,1.861570
509,3379,1,2,2025-02-18T08:57:52+00:00,0.879265
510,3395,3,9,2025-03-21T07:41:10+00:00,0.245520
511,3417,4,10,2025-03-22T12:09:24+00:00,0.392447
512,3425,5,14,2025-02-23T20:28:25+00:00,0.000000
513,3449,4,10,2025-02-19T22:46:57+00:00,0.306450
514,3454,9,26,2025-03-12T06:06:18+00:00,0.000000
515,3475,5,14,2025-03-18T19:08:07+00:00,0.000000
516,3477,1,2,2025-03-20T06:33:27+00:00,0.985897
517,3514,2,4,2025-03-21T23:12:04+00:00,1.065598
518,3537,3,9,2025-02-25T18:44:16+00:00,0.347238
519,3546,1,1,2025-03-12T11:12:23+00:00,1.382673
520,3564,1,3,2025-01-10T10:42:58+00:00,0.838776
521,3565,2,4,2025-01-11T08:34:21+00:00,1.281101
522,3574,3,9,2025-01-21T21:15:59+00:00,0.222224
523,3589,1,1,2025-03-10T21:40:14+00:00,1.746383
524,3595,4,10,2025-01-11T23:13:49+00:00,0.497728
525,3614,1,2,2025-03-11T06:13:29+00:00,1.366747
526,3618,3,8,2025-03-29T01:51:54+00:00,0.309229
527,3635,1,2,2025-03-09T11:03:09+00:00,1.469243
528,3642,4,12,2025-03-27T13:54:39+00:00,0.308345
529,3647,8,22,2025-03-24T19:51:29+00:00,1.175875
530,3651,8,24,2025-03-06T21:49:10+00:00,0.587276
531,3657,2,5,2025-02-08T04:07:07+00:00,1.493073
532,3668,4,12,2025-03-16T07:57:39+00:00,0.495944
533,3681,3,9,2025-03-04T12:25:15+00:00,0.435920
534,3687,7,21,2025-01-22T20:53:08+00:00,0.764033
535,3704,1,1,2025-03-22T05:19:01+00:00,1.116613
536,3725,9,26,2025-03-01T16:41:39+00:00,0.000000
537,3728,8,24,2025-02-27T19:32:19+00:00,0.565921
538,3729,2,4,2025-02-06T02:14:50+00:00,1.410023
539,3732,3,7,2025-02-06T23:48:23+00:00,0.356800
540,3738,2,5,2025-02-22T06:46:48+00:00,1.297027
541,3758,8,23,2025-03-01T13:25:10+00:00,0.932251
542,3781,2,5,2025-02-13T00:23:02+00:00,1.177666
543,3789,6,18,2025-01-06T00:44:45+00:00,0.000000
544,3790,4,11,2025-01-14T16:14:04+00:00,0.273171
545,3798,1,2,2025-01-02T17:24:05+00:00,1.094478
546,3827,1,3,2025-02-23T16:40:15+00:00,1.264531
547,3833,1,1,2025-03-04T14:06:12+00:00,0.832616
548,3844,2,4,2025-02-06T17:54:07+00:00,1.618492
549,3857,2,4,2025-01-18T09:53:12+00:00,1.017060
550,3858,8,23,2025-03-19T05:50:44+00:00,0.877074
551,3860,6,16,2025-01-14T22:00:03+00:00,0.000000
552,3868,1,2,2025-03-01T05:29:06+00:00,0.810577
553,3875,2,5,2025-02-18T18:51:16+00:00,1.318817
554,3887,1,2,2025-03-26T04:51:54+00:00,1.080659
555,3913,4,12,2025-01-13T12:40:13+00:00,0.412698
556,3918,2,5,2025-02-07T06:50:50+00:00,0.837040
557,3933,9,27,2025-01-25T03:36:24+00:00,0.000000
558,3936,1,1,2025-02-25T01:55:29+00:00,0.983565
559,3943,3,9,2025-02-23T03:54:53+00:00,0.151242
560,3973,8,23,2025-02-19T16:13:17+00:00,0.554145
561,3991,3,9,2025-01-20T12:40:39+00:00,0.350952
562,3995,1,3,2025-02-26T21:44:54+00:00,1.298676
563,4009,4,12,2025-01-24T14:13:05+00:00,0.171695
564,4010,2,6,2025-01-24T12:27:15+00:00,1.615643
565,4016,10,29,2025-01-21T20:37:11+00:00,0.000000
566,4019,7,19,2025-01-26T05:24:15+00:00,1.183614
567,4031,1,1,2025-02-14T22:06:32+00:00,1.365480
568,4033,3,8,2025-02-14T12:19:52+00:00,0.495118
569,4045,4,12,2025-02-09T17:36:56+00:00,0.240625
570,4057,1,3,2025-03-29T18:23:38+00:00,1.388304
571,4064,4,11,2025-02-25T22:18:04+00:00,0.252943
572,4065,1,2,2025-02-19T17:37:35+00:00,1.167810
573,4070,3,9,2025-02-02T22:11:53+00:00,0.377971
574,4075,4,10,2025-03-20T14:23:39+00:00,0.179801
575,4095,4,10,2025-03-26T06:22:32+00:00,0.491133
576,4102,1,3,2025-03-10T17:14:32+00:00,1.159908
577,4104,7,19,2025-03-27T22:53:45+00:00,0.482187
578,4108,3,8,2025-03-23T15:21:45+00:00,0.238833
579,4112,2,4,2025-02-08T15:59:38+00:00,0.822939
580,4132,7,20,2025-02-17T02:34:16+00:00,0.927092
581,4135,1,1,2025-03-26T10:41:54+00:00,0.896809
582,4145,5,13,2025-02-12T18:11:20+00:00,0.000000
583,4147,2,4,2025-03-17T13:35:00+00:00,1.141578
584,4149,1,3,2025-02-28T20:21:15+00:00,1.378975
585,4152,9,25,2025-02-03T22:51:26+00:00,0.000000
586,4183,5,15,2025-03-22T13:00:47+00:00,0.000000
587,4184,6,16,2025-01-17T23:14:03+00:00,0.000000
588,4199,3,9,2025-01-14T15:29:38+00:00,0.150105
589,4203,4,10,2025-01-14T22:11:03+00:00,0.156314
590,4209,10,28,2025-01-08T20:58:06+00:00,0.000000
591,4218,2,5,2025-03-03T06:20:51+00:00,1.331450
592,4219,4,11,2025-01-14T11:43:48+00:00,0.181065
593,4221,1,2,2025-02-17T13:13:39+00:00,1.263166
594,4234,1,2,2025-01-05T16:13:25+00:00,1.303647
595,4249,3,7,2025-03-03T23:22:14+00:00,0.301481
596,4254,4,11,2025-03-17T04:41:37+00:00,0.386285
597,4263,1,3,2025-01-25T02:57:36+00:00,1.306537
598,4277,7,21,2025-02-02T02:30:58+00:00,0.580964
599,4278,1,3,2025-02-02T21:59:48+00:00,1.607148
600,4279,1,2,2025-03-28T10:27:32+00:00,1.767527
601,4280,9,26,2025-01-12T06:27:30+00:00,0.000000
602,4291,7,20,2025-03-17T19:30:15+00:00,0.695908
603,4301,3,9,2025-02-22T22:02:22+00:00,0.433976
604,4306,5,14,2025-02-26T23:12:42+00:00,0.000000
605,4307,3,8,2025-03-22T00:07:16+00:00,0.203924
606,4310,2,6,2025-01-19T00:56:21+00:00,1.563258
607,4318,8,22,2025-03-27T10:05:16+00:00,0.463094
608,4347,2,4,2025-01-25T13:50:10+00:00,1.765474
609,4350,1,1,2025-03-22T14:31:55+00:00,1.899686
610,4366,1,1,2025-01-25T23:20:49+00:00,1.958681
611,4376,4,12,2025-03-26T00:03:02+00:00,0.344309
612,4424,1,1,2025-02-11T09:48:46+00:00,1.597498
613,4425,9,25,2025-01-21T20:14:18+00:00,0.000000
614,4426,5,15,2025-02-07T18:19:58+00:00,0.000000
615,4452,4,10,2025-01-04T22:11:04+00:00,0.338075
616,4456,2,6,2025-02-09T18:15:10+00:00,1.056479
617,4458,2,4,2025-02-28T22:27:28+00:00,1.207292
618,4463,4,11,2025-02-01T02:57:56+00:00,0.276912
619,4483,2,5,2025-02-27T02:29:05+00:00,1.143649
620,4487,2,4,2025-01-22T09:23:46+00:00,1.369418
621,4526,5,13,2025-03-22T11:13:28+00:00,0.000000
622,4534,8,23,2025-02-28T19:22:33+00:00,0.911523
623,4555,4,12,2025-01-29T01:36:38+00:00,0.210678
624,4573,2,5,2025-03-15T20:06:31+00:00,1.716027
625,4575,10,28,2025-03-26T06:45:26+00:00,0.000000
626,4625,2,6,2025-02-22T13:09:45+00:00,0.817947
627,4626,6,16,2025-01-30T18:43:16+00:00,0.000000
628,4632,3,9,2025-02-14T17:55:59+00:00,0.289866
629,4633,6,17,2025-02-16T15:07:49+00:00,0.000000
630,4648,3,8,2025-02-08T20:34:30+00:00,0.469970
631,4650,1,2,2025-02-11T06:32:35+00:00,1.000127
632,4662,7,20,2025-03-06T22:16:18+00:00,0.857254
633,4693,5,14,2025-03-06T23:38:05+00:00,0.000000
634,4695,1,3,2025-03-19T05:15:38+00:00,1.385552
635,4699,3,7,2025-01-27T06:06:17+00:00,0.201972
636,4712,2,5,2025-03-06T19:12:23+00:00,1.127316
637,4717,6,18,2025-03-17T19:55:39+00:00,0.000000
638,4754,6,17,2025-02-10T22:39:11+00:00,0.000000
639,4792,3,8,2025-03-25T04:43:26+00:00,0.188376
640,4795,3,8,2025-03-24T22:47:04+00:00,0.365323
641,4799,6,16,2025-03-17T21:38:11+00:00,0.000000
642,4811,8,22,2025-01-16T05:56:57+00:00,1.117979
643,4815,1,2,2025-01-17T13:19:26+00:00,0.812046
644,4818,2,6,2025-03-15T21:32:37+00:00,1.276693
645,4863,2,5,2025-02-16T04:22:47+00:00,1.761708
646,4876,2,4,2025-03-24T23:35:19+00:00,1.986842
647,4894,2,4,2025-01-16T21:14:16+00:00,1.781413
648,4909,10,30,2025-03-14T07:20:46+00:00,0.000000
649,4930,7,20,2025-03-08T16:27:33+00:00,0.818087
650,4931,2,6,2025-01-26T08:41:04+00:00,0.999353
651,4935,2,4,2025-02-10T14:25:30+00:00,1.400849
652,4938,2,4,2025-03-14T01:02:09+00:00,1.720057
653,4944,2,5,2025-02-25T17:14:19+00:00,1.909117
654,4947,8,22,2025-02-01T12:42:42+00:00,0.935612
655,4948,1,2,2025-03-22T01:34:31+00:00,1.706361
656,4955,10,30,2025-02-27T18:02:04+00:00,0.000000
657,4957,1,2,2025-03-25T21:31:36+00:00,0.837778
658,4965,8,23,2025-02-13T11:37:42+00:00,0.774524
659,4970,8,22,2025-02-07T01:31:35+00:00,1.036651
660,3484,1,3,2025-03-20T23:12:14+00:00,1.665724
661,4416,8,22,2025-03-06T01:41:39+00:00,0.985421
662,2077,1,3,2025-01-10T19:10:34+00:00,0.899282
663,2884,6,16,2025-03-06T09:18:28+00:00,0.000000
664,1134,1,2,2025-03-20T02:18:10+00:00,1.255923
665,3596,8,23,2025-02-11T04:56:58+00:00,1.083755
666,3120,7,21,2025-02-20T12:40:56+00:00,0.716839
667,4860,2,6,2025-01-24T04:31:38+00:00,1.163249
668,1773,8,23,2025-01-30T20:52:44+00:00,0.967521
669,2333,2,5,2025-02-28T17:56:20+00:00,1.652602
670,1556,1,2,2025-02-01T13:17:04+00:00,1.569210
671,135,2,5,2025-02-18T16:37:27+00:00,1.552983
672,248,1,1,2025-02-03T18:19:13+00:00,1.734078
673,1311,2,5,2025-01-18T23:49:41+00:00,1.016687
674,2166,4,12,2025-01-13T09:23:45+00:00,0.467437
675,1587,2,5,2025-02-21T12:55:15+00:00,1.861562
676,1877,1,3,2025-03-28T06:51:35+00:00,1.608059
677,3821,2,5,2025-01-17T00:23:36+00:00,0.851048
678,2648,2,6,2025-02-12T20:17:58+00:00,1.943329
679,2654,4,10,2025-01-20T22:25:54+00:00,0.326636
680,3844,2,4,2025-01-26T16:34:46+00:00,1.332336
681,4715,10,29,2025-03-06T19:36:57+00:00,0.000000
682,2086,10,29,2025-03-11T16:13:17+00:00,0.000000
683,2319,4,11,2025-02-12T17:11:32+00:00,0.314222
684,3145,3,8,2025-02-19T14:14:19+00:00,0.264433
685,964,5,13,2025-02-14T11:23:36+00:00,0.000000
686,2264,4,10,2025-02-02T12:20:11+00:00,0.392476
687,3563,3,7,2025-03-06T04:08:17+00:00,0.384557
688,1065,3,9,2025-02-25T16:44:00+00:00,0.437823
689,1884,3,7,2025-01-25T13:33:36+00:00,0.468117
690,4210,8,24,2025-03-19T11:01:40+00:00,0.631834
691,3882,8,24,2025-03-06T19:14:41+00:00,0.782604
692,2187,9,26,2025-02-13T07:37:32+00:00,0.000000
693,4187,2,4,2025-01-15T14:02:00+00:00,1.822818
694,1839,5,13,2025-02-23T23:25:19+00:00,0.000000
695,4980,7,21,2025-01-30T15:20:26+00:00,0.751201
696,3376,1,1,2025-03-02T00:56:51+00:00,1.317427
697,2420,2,4,2025-03-15T16:13:05+00:00,1.063233
698,2596,6,17,2025-01-14T05:24:38+00:00,0.000000
699,4935,1,1,2025-02-16T04:54:30+00:00,1.856996
700,4941,3,7,2025-01-17T08:50:37+00:00,0.163702
701,2378,4,11,2025-03-11T23:24:34+00:00,0.300090
702,2858,3,8,2025-01-11T10:35:51+00:00,0.416866
703,3234,2,4,2025-01-10T20:45:34+00:00,1.923010
704,4940,3,7,2025-03-26T03:10:54+00:00,0.451768
705,3047,1,3,2025-01-30T18:12:10+00:00,1.925660
706,2185,2,5,2025-02-28T13:08:18+00:00,0.835997
707,3610,4,11,2025-03-16T06:20:47+00:00,0.418692
708,821,1,2,2025-03-12T20:30:07+00:00,1.632898
709,2548,1,2,2025-02-14T12:23:16+00:00,1.107998
710,425,6,17,2025-03-16T10:05:07+00:00,0.000000
711,1380,5,14,2025-02-05T18:29:52+00:00,0.000000
712,1261,1,2,2025-03-12T19:42:13+00:00,1.851035
713,3929,1,2,2025-01-15T12:04:30+00:00,1.498684
714,4181,3,7,2025-02-14T06:43:24+00:00,0.436964
715,2065,6,18,2025-02-03T00:00:29+00:00,0.000000
716,1930,1,2,2025-03-29T13:16:10+00:00,1.800333
717,4037,3,8,2025-02-02T17:38:04+00:00,0.224960
718,642,4,11,2025-03-17T07:32:02+00:00,0.478624
719,2192,1,3,2025-03-03T20:10:43+00:00,1.028162
720,719,8,23,2025-03-22T23:51:59+00:00,1.071954
721,3731,5,15,2025-02-26T15:08:48+00:00,0.000000
722,4692,1,1,2025-01-06T03:14:57+00:00,1.948776
723,4098,2,4,2025-01-17T16:32:47+00:00,1.132227
724,4135,1,1,2025-03-14T12:27:46+00:00,1.319140
725,1709,4,12,2025-02-25T15:06:14+00:00,0.372436
726,1836,10,28,2025-02-20T08:41:27+00:00,0.000000
727,4589,2,6,2025-02-22T08:48:09+00:00,1.313030
728,1560,3,9,2025-02-10T09:35:52+00:00,0.272291
729,710,3,9,2025-03-04T17:49:09+00:00,0.179638
730,3699,2,4,2025-01-18T04:24:07+00:00,1.692872
731,486,3,8,2025-03-23T08:33:54+00:00,0.441533
732,4672,9,26,2025-02-27T00:23:26+00:00,0.000000
733,4039,5,14,2025-02-13T07:02:42+00:00,0.000000
734,4667,1,2,2025-03-26T09:48:56+00:00,1.419329
735,579,3,8,2025-01-23T06:08:26+00:00,0.164222
736,1187,2,6,2025-01-17T04:40:00+00:00,1.426353
737,2855,3,7,2025-03-25T02:43:24+00:00,0.243945
738,1848,3,9,2025-01-22T00:37:54+00:00,0.225913
739,380,4,12,2025-03-23T23:21:08+00:00,0.170150
740,4682,2,5,2025-03-01T18:05:08+00:00,0.915466
741,3339,2,6,2025-01-15T03:29:27+00:00,1.013494
742,4956,3,9,2025-01-19T01:28:31+00:00,0.275555
743,559,1,3,2025-03-06T00:37:27+00:00,1.792006
744,1961,2,5,2025-02-27T20:31:36+00:00,1.773180
745,2676,8,22,2025-03-21T19:07:01+00:00,0.723793
746,1322,7,21,2025-01-19T05:36:30+00:00,0.783468
747,4308,3,7,2025-02-05T01:41:20+00:00,0.319371
748,3540,2,6,2025-01-10T21:17:46+00:00,1.352196
749,1308,3,7,2025-03-19T22:42:42+00:00,0.432271
750,1859,2,5,2025-01-13T09:35:55+00:00,1.823640
751,1889,4,12,2025-01-23T12:20:16+00:00,0.451828
752,1289,7,20,2025-01-02T03:15:14+00:00,0.491472
753,4865,6,16,2025-01-11T14:15:57+00:00,0.000000
754,1922,1,1,2025-03-27T02:27:20+00:00,1.766774
755,3880,1,3,2025-01-24T02:09:33+00:00,1.255361
756,1088,4,10,2025-01-13T08:00:07+00:00,0.287855
757,3524,4,12,2025-02-17T15:27:01+00:00,0.387468
758,1624,1,3,2025-03-14T20:02:21+00:00,0.956427
759,1455,5,15,2025-03-10T12:11:37+00:00,0.000000
760,4304,1,2,2025-01-17T12:43:12+00:00,1.231344
761,760,3,8,2025-03-03T03:44:13+00:00,0.213693
762,1583,8,22,2025-02-14T21:25:21+00:00,0.562618
763,960,3,7,2025-01-25T08:19:09+00:00,0.440382
764,1958,3,9,2025-01-15T12:36:19+00:00,0.370563
765,4084,3,7,2025-03-26T14:21:38+00:00,0.365910
766,3819,9,27,2025-02-15T07:58:17+00:00,0.000000
767,3907,2,6,2025-03-27T09:14:38+00:00,0.867713
768,2592,3,9,2025-03-26T10:39:18+00:00,0.241457
769,3017,2,5,2025-01-16T05:11:08+00:00,1.837870
770,2299,8,24,2025-01-20T00:08:55+00:00,0.611312
771,1058,7,21,2025-03-14T08:59:17+00:00,0.410372
772,4193,3,7,2025-02-02T00:40:27+00:00,0.449312
773,285,8,24,2025-02-17T12:11:23+00:00,0.420116
774,1809,4,10,2025-03-26T01:33:02+00:00,0.267486
775,2309,8,22,2025-02-01T18:05:24+00:00,0.809674
776,4992,5,14,2025-02-03T04:20:40+00:00,0.000000
777,2216,4,12,2025-01-07T22:32:00+00:00,0.260703
778,3145,9,26,2025-02-19T05:33:31+00:00,0.000000
779,2263,8,24,2025-02-17T13:53:19+00:00,0.790780
780,1034,4,11,2025-03-15T20:43:35+00:00,0.350451
781,4506,8,24,2025-02-26T23:58:04+00:00,0.736304
782,3320,3,9,2025-03-27T07:42:26+00:00,0.484734
783,1301,4,11,2025-02-25T15:37:06+00:00,0.172163
784,1368,1,2,2025-02-22T11:29:36+00:00,1.547022
785,2442,10,30,2025-02-08T20:27:14+00:00,0.000000
786,742,9,27,2025-02-01T05:18:54+00:00,0.000000
787,4574,2,6,2025-03-11T19:36:16+00:00,1.291449
788,2285,7,20,2025-02-10T06:12:15+00:00,0.789726
789,1525,3,9,2025-03-18T21:59:04+00:00,0.458459
790,4204,6,16,2025-02-02T03:20:11+00:00,0.000000
791,127,1,2,2025-03-25T11:09:40+00:00,1.007044
792,3346,1,3,2025-01-14T01:44:38+00:00,1.690962
793,466,5,15,2025-01-16T03:51:53+00:00,0.000000
794,1270,3,7,2025-02-28T23:38:48+00:00,0.342295
795,3687,7,20,2025-01-21T02:42:10+00:00,0.537679
796,2265,3,8,2025-02-28T12:44:21+00:00,0.373073
797,649,4,12,2025-03-27T00:31:15+00:00,0.241976
798,3810,4,10,2025-03-01T23:58:18+00:00,0.213167
799,4679,1,3,2025-02-15T07:53:18+00:00,0.820015
800,2510,4,11,2025-01-24T04:33:56+00:00,0.266969
801,1488,3,9,2025-03-23T19:34:25+00:00,0.278576
802,2751,9,26,2025-01-28T03:31:28+00:00,0.000000
803,3351,4,10,2025-01-27T22:42:36+00:00,0.439722
804,2956,7,19,2025-01-17T02:08:25+00:00,0.824229
805,3430,7,19,2025-02-10T10:35:17+00:00,1.118767
806,4003,7,20,2025-02-07T13:56:24+00:00,0.595023
807,3882,2,5,2025-03-07T09:12:23+00:00,1.734106
808,3139,10,30,2025-02-11T12:03:50+00:00,0.000000
809,877,3,9,2025-01-26T09:06:40+00:00,0.216627
810,1306,1,3,2025-01-11T17:42:02+00:00,1.503013
811,2201,3,9,2025-01-21T13:23:06+00:00,0.313302
812,3694,4,11,2025-01-06T20:16:27+00:00,0.173657
813,4618,4,11,2025-03-23T16:02:14+00:00,0.370023
814,4366,1,2,2025-01-22T03:40:47+00:00,0.998356
815,4525,4,12,2025-02-25T19:57:26+00:00,0.252395
816,1481,2,5,2025-02-15T20:18:41+00:00,1.993704
817,4290,10,28,2025-02-18T11:53:46+00:00,0.000000
818,579,1,1,2025-01-21T19:05:35+00:00,1.065017
819,3237,7,20,2025-02-13T14:28:30+00:00,1.028041
820,1594,3,9,2025-02-14T06:15:37+00:00,0.298199
821,252,4,12,2025-03-28T05:30:21+00:00,0.243863
822,1211,1,1,2025-01-16T10:56:11+00:00,1.169140
823,3972,7,20,2025-03-22T11:16:58+00:00,1.080755
824,4519,5,14,2025-01-08T19:36:21+00:00,0.000000
825,616,1,1,2025-03-29T07:48:07+00:00,1.593606
826,3617,2,4,2025-03-26T11:13:12+00:00,1.622543
827,4000,2,6,2025-02-07T12:38:29+00:00,1.881327
828,4899,7,20,2025-01-25T11:51:20+00:00,0.549641
829,4054,4,12,2025-03-18T22:27:59+00:00,0.302202
830,414,2,6,2025-02-27T16:28:10+00:00,1.898534
831,4346,3,7,2025-03-05T00:36:15+00:00,0.190394
832,3860,4,11,2025-01-15T14:47:30+00:00,0.231265
833,4872,3,9,2025-03-21T16:57:14+00:00,0.471915
834,2764,2,5,2025-02-24T03:23:30+00:00,1.971635
835,1018,9,26,2025-02-15T13:08:47+00:00,0.000000
836,4745,3,8,2025-02-17T15:33:53+00:00,0.454811
837,2409,3,9,2025-03-02T18:27:56+00:00,0.171015
838,2099,6,18,2025-03-04T09:12:57+00:00,0.000000
839,1197,1,3,2025-03-05T20:00:31+00:00,1.402950
840,1371,1,2,2025-03-19T22:24:03+00:00,1.332603
841,3401,8,22,2025-03-27T00:42:56+00:00,0.470629
842,3259,4,10,2025-03-28T21:56:36+00:00,0.260969
843,1245,2,6,2025-03-25T01:40:58+00:00,1.148329
844,2524,1,3,2025-01-28T12:32:49+00:00,0.827416
845,4372,1,3,2025-02-13T01:14:19+00:00,1.029358
846,677,3,9,2025-01-21T11:57:21+00:00,0.246237
847,977,2,6,2025-01-09T08:43:20+00:00,0.958816
848,609,4,12,2025-02-14T16:01:21+00:00,0.169427
849,3589,1,3,2025-03-07T12:10:31+00:00,1.488748
850,3766,1,1,2025-01-31T23:00:37+00:00,1.072609
851,2617,1,2,2025-01-11T09:14:12+00:00,1.563676
852,2926,2,6,2025-03-01T03:17:16+00:00,1.442756
853,4127,8,22,2025-03-10T23:42:47+00:00,0.999383
854,914,1,1,2025-03-12T03:33:58+00:00,1.588329
855,2381,4,10,2025-02-06T02:33:23+00:00,0.295962
856,118,1,1,2025-02-03T16:57:42+00:00,1.629703
857,4564,4,11,2025-03-22T12:03:08+00:00,0.184871
858,999,2,5,2025-03-03T10:33:11+00:00,0.881132
859,1674,2,6,2025-02-07T02:50:59+00:00,1.858823
860,4217,9,27,2025-03-17T11:38:18+00:00,0.000000
861,995,8,23,2025-03-16T00:59:17+00:00,0.474687
862,3610,1,1,2025-03-18T21:08:32+00:00,0.906948
863,2787,1,3,2025-01-31T10:19:10+00:00,1.192453
864,3459,4,10,2025-01-17T21:56:46+00:00,0.308009
865,2204,8,24,2025-02-01T19:08:01+00:00,0.933866
866,1963,3,7,2025-02-09T19:42:54+00:00,0.225765
867,304,2,4,2025-03-01T16:28:51+00:00,1.841303
868,3743,2,6,2025-01-22T11:32:49+00:00,1.954532
869,3308,2,6,2025-01-21T17:41:23+00:00,1.282257
870,358,2,6,2025-02-27T09:10:35+00:00,1.026447
871,4570,3,8,2025-01-31T18:34:03+00:00,0.444718
872,3069,4,12,2025-02-18T12:04:31+00:00,0.171763
873,2425,3,7,2025-03-11T11:43:11+00:00,0.377900
874,4626,2,5,2025-01-29T15:06:21+00:00,1.357644
875,2923,3,7,2025-02-19T21:55:42+00:00,0.183247
876,2606,4,12,2025-03-24T15:46:54+00:00,0.355003
877,4476,8,24,2025-03-06T06:57:39+00:00,0.420716
878,2586,1,2,2025-02-15T20:58:13+00:00,1.141691
879,2109,3,8,2025-02-18T09:53:07+00:00,0.165497
880,4781,8,24,2025-02-28T21:26:59+00:00,1.108785
881,1910,3,8,2025-03-29T10:09:30+00:00,0.285024
882,2528,8,24,2025-01-03T06:56:20+00:00,0.594099
883,1219,3,7,2025-03-10T14:37:21+00:00,0.262499
884,2678,9,26,2025-02-06T00:34:59+00:00,0.000000
885,1568,2,6,2025-01-21T22:21:30+00:00,1.300909
886,875,3,7,2025-03-01T08:49:03+00:00,0.463554
887,4248,9,27,2025-03-28T17:58:40+00:00,0.000000
888,497,7,19,2025-03-18T10:57:44+00:00,0.932373
889,3405,3,8,2025-02-02T20:02:47+00:00,0.245499
890,4641,4,11,2025-02-03T10:29:47+00:00,0.492183
891,430,7,21,2025-03-26T04:39:14+00:00,0.724379
892,592,3,9,2025-01-04T08:18:53+00:00,0.170751
893,4288,2,5,2025-03-27T08:32:37+00:00,1.375665
894,2637,3,7,2025-02-10T02:43:29+00:00,0.242752
895,3601,3,7,2025-03-28T00:55:40+00:00,0.332286
896,3644,4,10,2025-02-28T14:48:22+00:00,0.475373
897,2277,8,22,2025-01-05T07:26:18+00:00,0.703804
898,4286,3,7,2025-02-17T00:32:29+00:00,0.310051
899,337,3,9,2025-02-09T01:27:55+00:00,0.480146
900,2741,1,3,2025-01-17T14:01:00+00:00,1.215147
901,4702,2,5,2025-02-17T19:26:46+00:00,1.940559
902,204,2,4,2025-03-27T09:45:14+00:00,1.532907
903,4430,10,30,2025-02-23T03:56:40+00:00,0.000000
904,4933,4,12,2025-02-14T09:37:51+00:00,0.416980
905,1848,2,4,2025-01-21T23:31:52+00:00,1.348755
906,2230,2,5,2025-03-24T17:48:51+00:00,1.777722
907,912,8,22,2025-03-24T17:52:59+00:00,0.567629
908,4929,5,14,2025-03-23T15:19:02+00:00,0.000000
909,4540,7,19,2025-01-20T10:25:22+00:00,0.567357
910,1992,5,13,2025-03-13T20:10:47+00:00,0.000000
911,2684,7,21,2025-03-19T09:26:53+00:00,0.924574
912,1262,2,6,2025-01-28T23:45:43+00:00,0.974308
913,4824,2,4,2025-02-21T23:44:29+00:00,1.768466
914,2581,3,9,2025-02-06T23:25:05+00:00,0.437748
915,3455,2,6,2025-03-17T15:01:48+00:00,1.902787
916,559,1,3,2025-03-06T18:00:11+00:00,1.958617
917,1684,7,21,2025-02-02T16:47:01+00:00,0.749775
918,1054,5,15,2025-03-10T22:31:58+00:00,0.000000
919,1055,8,24,2025-01-19T04:56:57+00:00,0.478271
920,653,4,12,2025-01-12T20:22:35+00:00,0.299394
921,3445,4,10,2025-02-14T05:46:45+00:00,0.229928
922,4864,4,10,2025-02-25T16:03:42+00:00,0.496484
923,3674,1,1,2025-01-11T12:21:56+00:00,1.765276
924,1253,1,2,2025-03-25T07:57:51+00:00,1.716148
925,4581,4,11,2025-01-17T09:18:54+00:00,0.342123
926,662,5,13,2025-03-19T17:43:11+00:00,0.000000
927,4469,2,4,2025-01-17T18:18:00+00:00,1.244886
928,3397,2,5,2025-01-25T09:53:34+00:00,1.373528
929,2455,3,8,2025-03-26T13:03:25+00:00,0.154664
930,3388,1,2,2025-01-11T10:08:12+00:00,1.039296
931,4951,2,6,2025-02-18T16:58:16+00:00,1.241094
932,2341,4,10,2025-01-21T13:09:37+00:00,0.412347
933,1389,4,10,2025-03-02T18:47:08+00:00,0.487931
934,1400,1,1,2025-01-12T12:58:07+00:00,1.813376
935,4805,3,8,2025-03-05T22:49:49+00:00,0.481874
936,2938,6,17,2025-01-21T17:13:43+00:00,0.000000
937,1859,3,7,2025-01-18T01:26:32+00:00,0.474288
938,1970,2,5,2025-03-27T01:23:59+00:00,0.923636
939,4865,4,11,2025-01-12T00:59:10+00:00,0.252550
940,1075,7,19,2025-03-09T10:06:07+00:00,0.943315
941,4981,4,12,2025-03-15T05:40:59+00:00,0.280576
942,3556,2,4,2025-03-14T19:29:10+00:00,1.267599
943,4143,1,3,2025-02-03T13:13:23+00:00,0.946031
944,363,3,8,2025-03-29T00:40:19+00:00,0.267110
945,4606,2,4,2025-03-12T19:02:39+00:00,1.792382
946,3364,4,11,2025-02-15T04:16:18+00:00,0.340268
947,3559,2,6,2025-02-04T21:22:13+00:00,1.928639
948,3173,1,3,2025-03-14T04:54:39+00:00,1.809955
949,1318,1,2,2025-03-14T08:01:05+00:00,1.711650
950,1939,3,9,2025-02-07T15:53:32+00:00,0.405853
951,1111,9,27,2025-03-19T07:29:57+00:00,0.000000
952,4298,3,8,2025-02-02T03:28:06+00:00,0.353438
953,904,2,6,2025-02-03T12:49:06+00:00,1.865913
954,1064,1,3,2025-03-27T11:13:24+00:00,1.300208
955,328,3,7,2025-03-26T13:23:21+00:00,0.300521
956,407,2,4,2025-02-04T08:32:12+00:00,1.117539
957,1772,3,9,2025-03-28T08:01:13+00:00,0.380089
958,2848,8,22,2025-03-16T18:48:05+00:00,0.595483
959,3177,4,11,2025-02-28T01:00:04+00:00,0.462541
960,2221,4,12,2025-03-20T15:16:27+00:00,0.357698
961,712,10,28,2025-01-12T02:35:35+00:00,0.000000
962,3438,1,3,2025-01-31T20:17:35+00:00,1.394443
963,4264,3,9,2025-01-14T00:57:35+00:00,0.203221
964,3039,4,10,2025-01-13T16:07:10+00:00,0.171466
965,4231,4,11,2025-01-15T20:00:43+00:00,0.156954
966,2938,2,5,2025-01-22T01:32:56+00:00,1.755267
967,3165,7,21,2025-01-13T20:50:25+00:00,0.456891
968,3581,1,3,2025-03-17T12:31:12+00:00,0.838204
969,2430,4,10,2025-01-30T23:31:08+00:00,0.450018
970,623,2,5,2025-02-25T21:16:28+00:00,1.994263
971,4770,4,12,2025-02-14T00:00:24+00:00,0.407606
972,2006,1,3,2025-01-24T22:35:16+00:00,1.069831
973,325,3,9,2025-03-22T06:13:46+00:00,0.340350
974,2077,2,5,2025-01-14T20:41:27+00:00,1.049391
975,1201,2,4,2025-01-30T17:55:33+00:00,1.239204
976,2563,1,1,2025-01-29T21:38:49+00:00,1.267715
977,3724,8,22,2025-02-07T11:20:59+00:00,1.143127
978,2631,4,11,2025-02-08T13:08:23+00:00,0.343404
979,4336,6,18,2025-02-28T11:23:45+00:00,0.000000
980,4890,4,10,2025-03-14T08:26:35+00:00,0.220130
981,118,1,3,2025-02-03T06:54:13+00:00,1.587405
982,2865,1,3,2025-01-27T14:05:46+00:00,0.879912
983,3959,7,21,2025-03-27T05:37:06+00:00,0.441279
984,848,2,5,2025-02-16T02:04:21+00:00,1.900689
985,595,2,6,2025-03-06T14:59:17+00:00,1.462160
986,3830,7,19,2025-02-11T06:16:27+00:00,1.013288
987,1327,6,16,2025-03-17T20:39:32+00:00,0.000000
988,3880,1,2,2025-01-19T16:31:57+00:00,0.828672
989,1983,7,20,2025-02-24T13:19:52+00:00,0.746344
990,3769,1,3,2025-02-20T19:04:11+00:00,1.032037
991,4502,7,19,2025-03-06T04:23:52+00:00,0.537604
992,498,4,10,2025-02-15T23:49:16+00:00,0.180866
993,632,2,6,2025-01-31T15:34:30+00:00,0.885919
994,2368,3,7,2025-01-25T04:36:39+00:00,0.218309
995,1049,1,3,2025-01-29T01:46:43+00:00,1.523755
996,4119,1,1,2025-03-03T00:21:45+00:00,1.760443
997,3654,2,4,2025-02-13T18:38:34+00:00,1.958025
998,3671,9,27,2025-03-26T04:29:02+00:00,0.000000
999,2637,6,16,2025-02-05T21:05:12+00:00,0.000000
1000,4877,7,19,2025-02-24T19:27:06+00:00,0.649667
1001,3793,10,28,2025-02-08T17:09:36+00:00,0.000000
1002,306,2,5,2025-01-21T14:59:37+00:00,1.479669
1003,1188,2,4,2025-03-08T20:21:18+00:00,0.916259
1004,2001,3,9,2025-01-20T18:39:48+00:00,0.199573
1005,396,1,3,2025-01-16T14:12:38+00:00,1.579496
1006,3962,5,14,2025-03-26T06:31:57+00:00,0.000000
1007,3682,7,21,2025-01-31T13:44:11+00:00,0.994196
1008,672,7,21,2025-01-08T20:09:31+00:00,0.771759
1009,3241,1,3,2025-01-26T06:53:31+00:00,1.336557
1010,1754,2,5,2025-03-24T12:25:17+00:00,1.216160
1011,4139,6,17,2025-02-21T23:35:05+00:00,0.000000
1012,3703,2,6,2025-03-11T04:45:43+00:00,0.976075
1013,4590,4,12,2025-03-16T09:20:26+00:00,0.384346
1014,3428,2,4,2025-03-27T00:30:06+00:00,0.855801
1015,1508,4,11,2025-03-18T02:34:52+00:00,0.193700
1016,266,7,19,2025-01-21T18:41:13+00:00,0.657414
1017,1965,10,29,2025-03-17T03:30:53+00:00,0.000000
1018,3317,4,11,2025-02-26T10:33:24+00:00,0.411950
1019,4076,2,5,2025-03-22T11:37:39+00:00,1.500403
1020,4827,7,21,2025-02-12T11:50:24+00:00,1.005239
1021,673,3,7,2025-01-30T10:50:53+00:00,0.202160
1022,2759,3,7,2025-02-02T22:30:38+00:00,0.297478
1023,1429,2,6,2025-03-25T01:09:21+00:00,1.740944
1024,1491,7,19,2025-03-15T20:15:33+00:00,1.161429
1025,4768,1,3,2025-03-03T19:02:43+00:00,1.935317
1026,1387,4,11,2025-01-11T16:10:15+00:00,0.274673
1027,1878,1,3,2025-01-27T21:28:58+00:00,1.937239
1028,1667,4,12,2025-03-26T00:41:46+00:00,0.415227
1029,1895,1,3,2025-02-25T00:24:42+00:00,1.634538
1030,672,7,21,2025-01-08T07:37:56+00:00,0.456991
1031,2350,5,14,2025-02-28T22:05:58+00:00,0.000000
1032,1828,3,9,2025-01-04T04:20:43+00:00,0.380155
1033,1987,1,3,2025-02-16T10:27:25+00:00,1.912248
1034,1628,1,3,2025-02-24T21:54:14+00:00,1.406256
1035,2410,10,29,2025-02-23T08:41:06+00:00,0.000000
1036,4278,1,2,2025-02-02T08:43:10+00:00,1.669083
1037,3475,4,12,2025-03-19T02:58:07+00:00,0.405814
1038,4374,9,26,2025-02-19T15:24:51+00:00,0.000000
1039,1445,5,13,2025-03-08T23:23:45+00:00,0.000000
1040,990,3,8,2025-01-09T03:47:23+00:00,0.387179
1041,963,2,4,2025-03-20T17:04:43+00:00,1.187544
1042,246,8,24,2025-02-24T21:27:35+00:00,0.897997
1043,2096,1,3,2025-03-15T05:42:10+00:00,1.855266
1044,2979,1,2,2025-02-07T15:59:37+00:00,1.765871
1045,215,3,7,2025-03-20T10:56:33+00:00,0.359620
1046,3603,3,8,2025-02-12T16:14:31+00:00,0.309950
1047,4513,6,16,2025-01-27T06:12:30+00:00,0.000000
1048,4763,1,2,2025-03-08T12:21:04+00:00,1.864775
1049,3094,4,10,2025-01-21T16:04:26+00:00,0.248617
1050,748,4,12,2025-03-27T07:50:45+00:00,0.263959
1051,2840,10,28,2025-03-09T04:08:47+00:00,0.000000
1052,3196,2,5,2025-03-03T12:11:41+00:00,1.238756
1053,2564,6,17,2025-03-25T17:08:11+00:00,0.000000
1054,1629,1,3,2025-01-13T01:09:18+00:00,1.378340
1055,2800,4,11,2025-03-22T22:57:38+00:00,0.471927
1056,3510,1,2,2025-03-05T13:46:05+00:00,1.889621
1057,2284,4,12,2025-03-29T04:02:25+00:00,0.154140
1058,4339,2,4,2025-01-31T02:03:05+00:00,1.162628
1059,4933,9,25,2025-02-19T13:01:22+00:00,0.000000
1060,3046,2,4,2025-02-12T19:13:01+00:00,1.727197
1061,1607,2,4,2025-03-23T14:20:28+00:00,1.793238
1062,3947,9,25,2025-02-13T11:11:57+00:00,0.000000
1063,4328,4,11,2025-03-18T05:51:40+00:00,0.160648
1064,770,2,6,2025-02-26T04:27:10+00:00,1.299766
1065,4764,4,11,2025-01-27T07:02:06+00:00,0.247217
1066,1319,2,5,2025-02-24T12:38:35+00:00,1.297646
1067,3335,2,6,2025-03-18T20:50:37+00:00,1.184759
1068,3892,4,10,2025-03-10T13:18:02+00:00,0.202774
1069,464,2,4,2025-03-05T22:12:10+00:00,1.077370
1070,4427,7,21,2025-02-24T04:42:20+00:00,0.963537
1071,2871,9,25,2025-03-08T15:04:11+00:00,0.000000
1072,255,4,11,2025-02-05T06:44:08+00:00,0.321112
1073,3328,1,3,2025-01-16T13:44:50+00:00,0.893833
1074,3760,4,10,2025-01-21T20:42:15+00:00,0.473382
1075,4689,2,4,2025-01-17T21:21:30+00:00,1.522461
1076,1276,4,11,2025-02-12T13:35:08+00:00,0.224616
1077,281,9,27,2025-02-20T22:53:36+00:00,0.000000
1078,608,1,3,2025-03-27T05:14:04+00:00,1.050202
1079,3607,3,9,2025-02-09T21:59:12+00:00,0.195958
1080,4277,1,1,2025-02-02T17:55:52+00:00,0.946529
1081,1712,2,5,2025-01-27T17:40:26+00:00,1.722909
1082,1238,4,11,2025-02-13T18:15:15+00:00,0.299343
1083,3325,4,12,2025-03-11T13:47:49+00:00,0.450914
1084,3432,8,24,2025-02-13T06:43:06+00:00,0.932764
1085,1468,6,18,2025-01-18T18:20:10+00:00,0.000000
1086,1342,3,9,2025-03-18T15:30:41+00:00,0.485573
1087,1259,1,1,2025-02-14T09:38:04+00:00,1.991620
1088,2075,1,3,2025-03-26T05:18:07+00:00,1.703016
1089,3523,1,2,2025-03-17T13:54:26+00:00,1.962829
1090,240,2,5,2025-02-05T15:55:35+00:00,1.533238
1091,1083,4,10,2025-02-26T05:44:02+00:00,0.196170
1092,2125,1,3,2025-01-09T18:54:14+00:00,1.551334
1093,3542,2,4,2025-02-14T18:21:52+00:00,1.947551
1094,425,3,7,2025-03-16T22:47:55+00:00,0.235471
1095,1667,1,3,2025-03-26T15:15:27+00:00,1.374294
1096,802,1,1,2025-03-26T01:50:19+00:00,1.624879
1097,1558,8,24,2025-02-05T15:04:11+00:00,0.470419
1098,1822,2,5,2025-02-09T05:02:09+00:00,1.109538
1099,2783,8,22,2025-03-24T02:23:02+00:00,0.452786
1100,1412,5,15,2025-03-05T23:47:25+00:00,0.000000
1101,1480,2,5,2025-01-23T09:34:21+00:00,1.039041
1102,302,7,21,2025-02-10T03:08:31+00:00,0.953599
1103,4303,1,2,2025-02-28T19:02:21+00:00,1.689364
1104,3273,5,14,2025-01-06T19:39:28+00:00,0.000000
1105,504,4,12,2025-02-13T21:36:18+00:00,0.314895
1106,1956,3,9,2025-03-05T16:29:45+00:00,0.262953
1107,992,2,4,2025-01-21T17:38:33+00:00,1.979757
1108,2204,3,9,2025-01-29T13:57:16+00:00,0.350203
1109,4374,1,1,2025-02-16T00:04:41+00:00,1.589928
1110,176,1,2,2025-01-24T10:42:20+00:00,1.202791
1111,1966,7,20,2025-03-02T05:19:48+00:00,0.825604
1112,2145,8,22,2025-03-16T00:16:48+00:00,1.019091
1113,2397,1,3,2025-02-17T17:46:55+00:00,1.851687
1114,2879,3,9,2025-02-02T01:13:51+00:00,0.157010
1115,1090,2,5,2025-01-22T02:34:46+00:00,1.121208
1116,1876,4,10,2025-03-11T20:48:11+00:00,0.338570
1117,4682,2,5,2025-03-02T02:37:51+00:00,1.880424
1118,1572,3,8,2025-02-24T11:18:01+00:00,0.312667
1119,4108,4,12,2025-03-18T13:13:12+00:00,0.401585
1120,4983,4,11,2025-03-02T08:23:07+00:00,0.310193
1121,418,10,29,2025-01-26T05:15:15+00:00,0.000000
1122,4603,8,24,2025-02-15T14:19:45+00:00,0.915389
1123,4432,4,10,2025-03-18T09:08:06+00:00,0.445650
1124,1938,1,2,2025-02-07T14:22:09+00:00,1.611315
1125,953,4,11,2025-02-10T21:12:09+00:00,0.404915
1126,971,4,10,2025-01-20T17:48:44+00:00,0.454832
1127,243,3,9,2025-03-18T07:09:31+00:00,0.160277
1128,454,10,28,2025-03-15T03:40:06+00:00,0.000000
1129,4103,4,12,2025-03-20T07:08:40+00:00,0.341763
1130,4405,9,26,2025-01-18T08:30:26+00:00,0.000000
1131,303,6,18,2025-02-03T23:44:29+00:00,0.000000
1132,4971,3,9,2025-02-27T15:50:32+00:00,0.227259
1133,4278,1,3,2025-02-03T22:23:10+00:00,0.913861
1134,4495,3,8,2025-01-13T05:25:53+00:00,0.345703
1135,3495,9,25,2025-03-21T02:57:20+00:00,0.000000
1136,490,2,6,2025-03-16T19:32:45+00:00,1.132124
1137,2260,2,6,2025-03-27T15:35:56+00:00,0.944995
1138,1531,1,1,2025-03-21T09:53:39+00:00,1.784272
1139,2105,3,7,2025-01-17T16:45:21+00:00,0.383996
1140,3289,3,8,2025-03-11T09:46:50+00:00,0.490606
1141,3299,10,29,2025-01-21T20:45:39+00:00,0.000000
1142,1602,1,3,2025-03-22T20:12:49+00:00,1.847782
1143,4994,1,3,2025-01-22T05:38:24+00:00,1.214269
1144,2551,1,2,2025-03-19T16:55:20+00:00,1.786144
1145,1311,1,2,2025-01-17T16:23:43+00:00,1.945689
1146,220,7,19,2025-02-25T20:15:46+00:00,0.959127
1147,4225,5,13,2025-01-21T19:17:16+00:00,0.000000
1148,3017,2,6,2025-01-13T21:49:01+00:00,1.171825
1149,4949,8,22,2025-01-13T04:56:49+00:00,1.016989
1150,1445,1,1,2025-03-08T11:17:19+00:00,1.934307
1151,1402,4,12,2025-02-02T06:07:06+00:00,0.345080
1152,4886,2,6,2025-02-02T19:33:20+00:00,0.874549
1153,1711,1,3,2025-01-17T05:17:14+00:00,1.712492
1154,4893,1,1,2025-02-23T04:55:57+00:00,1.869579
1155,4793,3,7,2025-02-10T07:03:06+00:00,0.371338
1156,4041,6,17,2025-01-09T20:38:36+00:00,0.000000
1157,4339,1,2,2025-01-29T02:17:01+00:00,0.961359
1158,4915,3,8,2025-03-27T02:24:39+00:00,0.288216
1159,475,3,7,2025-02-28T14:29:16+00:00,0.353118
1160,4840,10,30,2025-03-23T12:22:08+00:00,0.000000
1161,4675,4,10,2025-02-24T17:11:28+00:00,0.356132
1162,2283,1,2,2025-03-08T00:31:25+00:00,1.014220
1163,418,9,27,2025-01-23T00:08:14+00:00,0.000000
1164,4121,3,8,2025-01-07T18:31:41+00:00,0.317879
1165,2304,2,5,2025-01-17T11:19:01+00:00,1.271132
1166,3323,2,5,2025-03-19T22:36:30+00:00,0.807960
1167,746,9,27,2025-01-13T03:40:46+00:00,0.000000
1168,3601,9,27,2025-03-26T14:38:12+00:00,0.000000
1169,662,2,6,2025-03-19T01:48:47+00:00,1.413928
1170,4513,2,5,2025-02-02T06:17:35+00:00,1.951787
1171,4650,2,4,2025-02-15T04:32:38+00:00,1.640644
1172,3161,1,3,2025-01-31T17:20:11+00:00,1.939877
1173,556,3,8,2025-01-14T01:12:01+00:00,0.316511
1174,1359,8,23,2025-02-17T05:04:36+00:00,0.762989
1175,3925,2,5,2025-03-20T04:44:39+00:00,0.811461
1176,2313,9,25,2025-02-14T14:19:33+00:00,0.000000
1177,375,3,8,2025-01-14T20:52:10+00:00,0.212268
1178,820,1,2,2025-03-26T00:59:33+00:00,1.292669
1179,946,2,5,2025-01-22T02:21:18+00:00,1.748844
1180,4497,1,2,2025-02-23T20:36:05+00:00,1.304988
1181,2483,2,4,2025-02-21T19:34:33+00:00,1.633801
1182,4134,8,22,2025-02-26T08:45:15+00:00,0.469485
1183,2018,2,6,2025-02-11T02:25:37+00:00,1.853647
1184,977,2,6,2025-01-07T07:39:44+00:00,1.163981
1185,4477,10,30,2025-03-10T03:22:58+00:00,0.000000
1186,520,2,6,2025-02-21T16:36:23+00:00,1.909561
1187,2159,3,9,2025-02-12T08:02:42+00:00,0.321808
1188,1325,4,12,2025-03-04T05:04:15+00:00,0.246367
1189,3484,1,1,2025-03-20T19:55:15+00:00,1.098874
1190,1405,8,24,2025-02-28T16:24:10+00:00,0.406352
1191,4373,2,6,2025-03-03T04:04:02+00:00,0.869709
1192,4883,2,6,2025-02-22T18:34:32+00:00,0.940431
1193,2928,3,7,2025-01-23T12:24:27+00:00,0.445253
1194,1474,5,14,2025-03-20T18:08:08+00:00,0.000000
1195,3152,1,1,2025-01-25T00:05:34+00:00,0.983051
1196,438,3,7,2025-01-26T18:38:55+00:00,0.469006
1197,3505,1,3,2025-01-09T18:50:15+00:00,1.777021
1198,2873,2,5,2025-02-22T00:59:43+00:00,1.223033
1199,1577,2,5,2025-01-22T18:33:28+00:00,0.967475
1200,2532,3,9,2025-01-09T08:48:01+00:00,0.330885
1201,1125,4,10,2025-03-27T04:53:40+00:00,0.444544
1202,132,3,9,2025-03-12T16:46:34+00:00,0.182827
1203,1830,4,12,2025-02-23T15:31:43+00:00,0.481358
1204,1024,6,17,2025-02-22T12:31:18+00:00,0.000000
1205,3370,3,8,2025-01-11T06:28:20+00:00,0.268008
1206,4451,1,3,2025-02-05T06:06:02+00:00,0.867126
1207,135,6,17,2025-02-17T23:37:25+00:00,0.000000
1208,1964,4,12,2025-03-18T00:41:36+00:00,0.157913
1209,4477,1,2,2025-03-11T06:01:20+00:00,1.421433
1210,4961,1,2,2025-02-16T16:05:56+00:00,1.086411
1211,1638,2,5,2025-03-10T01:04:12+00:00,1.332240
1212,3301,6,17,2025-02-23T20:28:05+00:00,0.000000
1213,3438,4,11,2025-01-28T04:14:45+00:00,0.325486
1214,3638,2,6,2025-01-29T01:58:26+00:00,1.240392
1215,4603,2,4,2025-02-15T18:37:25+00:00,1.313260
1216,2936,1,3,2025-02-07T12:12:40+00:00,0.827566
1217,2545,1,2,2025-02-19T01:19:02+00:00,0.880975
1218,3110,3,7,2025-03-22T23:23:47+00:00,0.481025
1219,693,8,24,2025-02-15T10:25:40+00:00,1.016814
1220,633,8,24,2025-02-09T05:19:13+00:00,0.810566
1221,2406,3,8,2025-01-31T10:42:49+00:00,0.400426
1222,469,2,4,2025-01-23T08:33:43+00:00,1.093580
1223,1774,7,20,2025-03-09T03:47:54+00:00,0.696127
1224,1777,2,6,2025-01-21T05:46:54+00:00,1.839532
1225,4016,4,12,2025-01-17T07:55:36+00:00,0.301631
1226,3136,3,7,2025-03-25T17:10:53+00:00,0.312612
1227,3716,2,6,2025-01-16T13:36:42+00:00,1.306384
1228,2074,4,11,2025-02-28T14:38:34+00:00,0.489997
1229,2459,4,10,2025-03-21T17:12:06+00:00,0.347988
1230,4789,9,25,2025-03-09T23:34:36+00:00,0.000000
1231,320,3,7,2025-01-05T02:21:01+00:00,0.202557
1232,2985,10,30,2025-01-20T08:21:00+00:00,0.000000
1233,2437,4,11,2025-01-24T09:37:02+00:00,0.453357
1234,1629,1,3,2025-01-18T12:25:35+00:00,1.451372
1235,2365,6,16,2025-01-20T06:47:01+00:00,0.000000
1236,4507,2,4,2025-02-21T23:46:36+00:00,1.558567
1237,542,9,27,2025-03-21T10:48:20+00:00,0.000000
1238,1117,3,9,2025-02-10T17:16:26+00:00,0.483483
1239,649,2,6,2025-03-27T16:55:19+00:00,1.262858
1240,3142,3,9,2025-02-25T20:10:45+00:00,0.437736
1241,4883,1,3,2025-02-28T02:43:39+00:00,1.081818
1242,179,6,18,2025-02-03T19:51:44+00:00,0.000000
1243,645,2,6,2025-03-15T23:01:22+00:00,1.091907
1244,1092,2,6,2025-03-28T04:59:20+00:00,1.177169
1245,1367,9,25,2025-03-29T14:00:38+00:00,0.000000
1246,4456,3,9,2025-02-04T07:55:36+00:00,0.422066
1247,2177,4,11,2025-02-16T13:03:53+00:00,0.336295
1248,616,3,8,2025-03-27T22:37:31+00:00,0.161667
1249,4756,2,6,2025-01-11T01:00:30+00:00,1.323067
1250,2899,3,8,2025-02-16T15:05:36+00:00,0.223013
1251,4020,4,10,2025-03-02T21:02:57+00:00,0.253296
1252,3663,1,1,2025-01-13T00:28:56+00:00,1.633416
1253,3205,3,9,2025-03-08T00:45:38+00:00,0.397259
1254,4966,1,2,2025-01-09T09:27:24+00:00,0.802167
1255,435,3,8,2025-03-06T03:04:32+00:00,0.482566
1256,158,2,6,2025-02-17T08:18:06+00:00,1.256494
1257,1490,7,21,2025-03-18T21:55:01+00:00,0.596248
1258,3859,6,17,2025-02-20T04:05:28+00:00,0.000000
1259,1803,7,19,2025-01-26T01:12:42+00:00,0.638696
1260,3963,2,4,2025-03-01T16:51:20+00:00,1.439115
1261,4989,3,8,2025-01-09T15:51:53+00:00,0.175117
1262,324,5,15,2025-02-18T05:38:41+00:00,0.000000
1263,2150,8,24,2025-02-28T11:55:59+00:00,0.580011
1264,3953,2,4,2025-01-16T14:36:57+00:00,1.949492
1265,110,1,1,2025-01-11T15:19:26+00:00,1.703944
1266,4629,1,3,2025-01-27T16:40:51+00:00,1.191397
1267,2693,1,3,2025-01-19T20:53:22+00:00,1.749599
1268,3409,3,8,2025-03-22T04:17:56+00:00,0.355349
1269,3929,4,12,2025-01-14T05:08:18+00:00,0.291243
1270,888,1,2,2025-02-27T16:13:53+00:00,1.362114
1271,3880,3,7,2025-01-17T00:56:52+00:00,0.221558
1272,3077,1,3,2025-03-03T10:53:04+00:00,1.834929
1273,649,2,6,2025-03-27T14:24:23+00:00,1.031153
1274,4459,5,15,2025-03-19T04:55:00+00:00,0.000000
1275,1363,1,3,2025-03-10T09:32:01+00:00,1.258233
1276,1966,7,21,2025-03-02T13:59:41+00:00,0.944777
1277,4405,4,11,2025-01-14T19:49:03+00:00,0.199796
1278,3668,3,9,2025-03-08T16:14:10+00:00,0.405132
1279,3210,4,11,2025-03-22T02:45:25+00:00,0.241226
1280,2852,1,3,2025-01-21T13:29:11+00:00,1.077486
1281,2756,8,23,2025-02-25T17:36:38+00:00,0.559078
1282,4322,3,9,2025-01-23T12:18:15+00:00,0.471841
1283,4483,2,5,2025-02-23T13:59:46+00:00,1.980226
1284,4057,4,12,2025-03-28T11:31:41+00:00,0.438689
1285,4271,4,11,2025-01-09T16:47:49+00:00,0.495914
1286,687,1,1,2025-02-21T06:37:13+00:00,1.891502
1287,3781,2,4,2025-02-18T15:14:55+00:00,1.188339
1288,3076,1,3,2025-03-23T11:27:31+00:00,1.733278
1289,920,3,9,2025-01-18T23:39:35+00:00,0.398159
1290,2669,10,29,2025-03-28T05:16:07+00:00,0.000000
1291,4524,2,5,2025-03-05T12:47:44+00:00,1.995980
1292,982,4,10,2025-02-02T06:23:11+00:00,0.380010
1293,4620,1,3,2025-03-11T00:37:13+00:00,1.543589
1294,4588,2,6,2025-01-31T02:55:23+00:00,1.844383
1295,603,8,24,2025-01-28T03:36:51+00:00,0.876465
1296,1674,2,6,2025-02-08T08:20:24+00:00,1.920336
1297,4000,4,12,2025-01-30T02:52:29+00:00,0.169524
1298,1907,3,8,2025-02-04T10:11:52+00:00,0.256658
1299,4063,3,8,2025-03-07T17:19:01+00:00,0.254432
1300,1132,5,15,2025-03-19T18:06:58+00:00,0.000000
1301,560,7,20,2025-01-12T01:20:53+00:00,0.827822
1302,1661,2,5,2025-01-24T05:00:01+00:00,1.439177
1303,3172,1,3,2025-03-02T20:27:54+00:00,1.995535
1304,4350,2,5,2025-03-22T20:55:49+00:00,1.707439
1305,3768,3,7,2025-02-05T13:47:03+00:00,0.153857
1306,4609,4,11,2025-03-07T03:14:41+00:00,0.325411
1307,2829,3,7,2025-01-23T10:06:05+00:00,0.341245
1308,2018,1,2,2025-02-09T04:50:27+00:00,1.276908
1309,1568,5,14,2025-01-14T06:47:53+00:00,0.000000
1310,3648,2,6,2025-01-07T22:47:55+00:00,1.753726
1311,1028,2,6,2025-03-09T13:34:16+00:00,1.603298
1312,188,8,23,2025-03-27T08:58:58+00:00,1.169501
1313,1804,3,7,2025-02-06T13:34:29+00:00,0.359347
1314,1077,2,4,2025-02-16T14:37:29+00:00,1.009308
1315,1852,2,4,2025-03-13T08:15:42+00:00,0.901205
1316,4555,4,10,2025-01-29T21:37:27+00:00,0.324676
1317,4045,2,4,2025-02-07T17:07:50+00:00,1.629833
1318,4713,8,22,2025-03-24T09:26:08+00:00,1.168600
1319,3166,3,7,2025-02-09T13:34:55+00:00,0.488738
1320,3652,7,19,2025-02-06T23:16:13+00:00,1.022638
1321,2519,9,26,2025-02-02T23:20:59+00:00,0.000000
1322,1628,9,27,2025-02-25T20:39:38+00:00,0.000000
1323,4935,1,2,2025-02-16T16:51:21+00:00,0.990302
1324,3337,4,11,2025-01-24T00:26:55+00:00,0.213746
1325,1901,3,9,2025-03-07T05:24:15+00:00,0.187746
1326,4923,3,7,2025-03-21T06:07:32+00:00,0.427718
1327,4425,3,9,2025-01-22T15:11:11+00:00,0.222414
1328,2042,4,10,2025-03-19T15:28:27+00:00,0.468240
1329,1503,10,29,2025-01-24T21:30:13+00:00,0.000000
1330,1653,9,26,2025-02-17T04:32:38+00:00,0.000000
1331,513,2,4,2025-03-13T01:43:09+00:00,1.941999
1332,139,9,25,2025-02-14T18:18:38+00:00,0.000000
1333,827,5,14,2025-02-16T02:15:45+00:00,0.000000
1334,1605,7,21,2025-03-19T10:31:25+00:00,0.777048
1335,1045,3,7,2025-02-24T05:13:23+00:00,0.419262
1336,2839,8,22,2025-03-05T00:38:04+00:00,0.544643
1337,1041,3,9,2025-03-20T03:45:25+00:00,0.476218
1338,2148,8,24,2025-01-28T22:22:17+00:00,0.954102
1339,2727,9,27,2025-01-25T23:34:46+00:00,0.000000
1340,4659,3,7,2025-01-08T08:24:37+00:00,0.461880
1341,936,10,30,2025-02-27T10:42:48+00:00,0.000000
1342,930,4,10,2025-01-30T01:18:31+00:00,0.347374
1343,3447,3,7,2025-02-25T04:07:43+00:00,0.262730
1344,2905,10,29,2025-01-22T23:22:43+00:00,0.000000
1345,458,3,7,2025-02-13T09:31:38+00:00,0.269523
1346,2565,4,10,2025-02-10T19:12:15+00:00,0.208592
1347,2110,3,9,2025-03-06T04:30:28+00:00,0.466359
1348,1013,4,11,2025-02-10T19:04:20+00:00,0.494080
1349,4061,8,24,2025-01-15T08:11:20+00:00,0.894422
1350,2898,10,30,2025-02-21T04:50:31+00:00,0.000000
1351,978,1,1,2025-03-10T23:50:52+00:00,1.687337
1352,4695,7,21,2025-03-17T21:43:09+00:00,0.894112
1353,4957,4,12,2025-03-26T02:15:06+00:00,0.197175
1354,3937,2,6,2025-02-19T22:06:54+00:00,1.059751
1355,4034,4,10,2025-02-24T03:43:57+00:00,0.315982
1356,1575,4,10,2025-01-23T07:47:50+00:00,0.294570
1357,2587,8,23,2025-03-26T08:12:00+00:00,0.877678
1358,817,3,8,2025-01-20T19:00:43+00:00,0.178680
1359,4266,2,6,2025-02-07T14:34:10+00:00,1.970090
1360,242,10,30,2025-02-21T05:44:03+00:00,0.000000
1361,963,3,9,2025-03-16T11:20:11+00:00,0.402934
1362,3457,8,22,2025-03-22T16:48:48+00:00,0.514503
1363,2440,5,15,2025-01-28T23:04:32+00:00,0.000000
1364,124,2,6,2025-02-06T23:12:02+00:00,1.289224
1365,539,4,12,2025-01-16T07:29:01+00:00,0.446459
1366,2297,2,5,2025-01-25T00:49:04+00:00,1.451103
1367,1932,2,4,2025-02-16T18:06:11+00:00,1.867952
1368,1734,4,12,2025-02-02T13:20:45+00:00,0.474407
1369,717,1,1,2025-02-16T08:37:38+00:00,0.872465
1370,3425,1,1,2025-03-10T01:27:28+00:00,1.926374
1371,4373,3,9,2025-03-04T07:30:26+00:00,0.167712
1372,2677,3,8,2025-01-13T00:58:58+00:00,0.349729
1373,3677,7,20,2025-03-26T08:09:49+00:00,0.747312
1374,4146,3,7,2025-03-28T13:52:44+00:00,0.247535
1375,3088,8,22,2025-02-10T12:25:07+00:00,0.589805
1376,1004,5,13,2025-03-17T10:03:58+00:00,0.000000
1377,2339,8,24,2025-03-01T22:24:30+00:00,1.026504
1378,516,9,25,2025-01-31T18:53:22+00:00,0.000000
1379,2700,3,8,2025-02-10T19:38:03+00:00,0.259558
1380,3254,1,3,2025-01-17T00:41:56+00:00,1.638293
1381,3366,3,7,2025-03-02T15:47:30+00:00,0.175311
1382,4110,6,16,2025-03-08T14:23:33+00:00,0.000000
1383,542,8,24,2025-03-15T22:15:30+00:00,0.952901
1384,2066,3,8,2025-02-09T11:10:31+00:00,0.496432
1385,3089,3,8,2025-02-01T23:18:50+00:00,0.406582
1386,2446,1,3,2025-03-04T18:45:52+00:00,1.239007
1387,4321,3,8,2025-03-26T10:25:11+00:00,0.480189
1388,1735,3,8,2025-01-11T04:54:07+00:00,0.439522
1389,2406,4,12,2025-01-19T10:04:11+00:00,0.452459
1390,4134,8,23,2025-02-24T23:05:07+00:00,1.088645
1391,3615,2,4,2025-03-07T15:30:40+00:00,1.980915
1392,4726,9,25,2025-03-09T11:56:49+00:00,0.000000
1393,4336,6,18,2025-02-28T15:27:28+00:00,0.000000
1394,3315,7,19,2025-01-27T23:04:42+00:00,0.923365
1395,4462,8,22,2025-01-05T07:03:50+00:00,1.175856
1396,3510,1,2,2025-02-28T12:21:59+00:00,1.305848
1397,2710,3,7,2025-01-31T16:34:45+00:00,0.257053
1398,4868,3,9,2025-03-07T14:29:31+00:00,0.463560
1399,3986,1,3,2025-01-25T09:53:38+00:00,0.850450
1400,1515,2,5,2025-02-10T01:07:41+00:00,1.228056
1401,817,6,16,2025-01-11T13:40:14+00:00,0.000000
1402,2285,3,9,2025-02-11T18:31:44+00:00,0.255419
1403,2499,1,2,2025-02-04T19:53:28+00:00,1.118661
1404,4543,3,9,2025-03-17T19:26:34+00:00,0.474963
1405,2296,1,1,2025-01-30T06:44:09+00:00,1.023090
1406,3390,9,25,2025-02-09T06:52:59+00:00,0.000000
1407,3048,3,8,2025-02-02T10:20:21+00:00,0.424167
1408,2172,4,12,2025-03-08T06:34:44+00:00,0.380277
1409,2846,3,8,2025-01-21T10:26:25+00:00,0.248186
1410,894,10,30,2025-02-18T14:47:48+00:00,0.000000
1411,2334,7,19,2025-02-25T14:29:49+00:00,0.760613
1412,1775,3,8,2025-03-05T23:06:02+00:00,0.354990
1413,988,7,19,2025-03-17T01:27:02+00:00,1.034232
1414,1694,8,23,2025-02-15T00:19:36+00:00,1.026473
1415,2495,3,8,2025-03-06T23:22:56+00:00,0.441930
1416,3099,1,1,2025-01-12T07:41:52+00:00,0.920586
1417,1034,3,8,2025-03-11T19:42:04+00:00,0.493563
1418,2641,8,24,2025-02-01T17:52:29+00:00,0.635580
1419,2325,7,19,2025-02-15T08:38:55+00:00,0.916444
1420,116,1,3,2025-03-26T09:38:23+00:00,1.149084
1421,3907,10,30,2025-03-27T03:24:33+00:00,0.000000
1422,4605,4,10,2025-02-12T19:27:27+00:00,0.347950
1423,4554,8,22,2025-02-14T09:27:04+00:00,0.921403
1424,1695,3,8,2025-01-13T05:47:23+00:00,0.383610
1425,1175,2,4,2025-01-23T01:17:27+00:00,1.323064
1426,4254,3,8,2025-03-18T10:58:33+00:00,0.346175
1427,962,4,11,2025-02-15T15:40:01+00:00,0.417608
1428,1075,2,4,2025-03-15T03:12:46+00:00,1.398140
1429,1876,9,25,2025-03-14T08:46:38+00:00,0.000000
1430,1011,6,17,2025-03-03T15:47:13+00:00,0.000000
1431,341,9,25,2025-02-04T06:46:14+00:00,0.000000
1432,4187,4,12,2025-01-14T16:28:52+00:00,0.425434
1433,4224,4,11,2025-02-19T19:57:49+00:00,0.412829
1434,1452,3,8,2025-01-07T12:01:19+00:00,0.428163
1435,3568,2,5,2025-03-02T06:33:14+00:00,1.315809
1436,4327,1,3,2025-02-07T08:19:51+00:00,0.922341
1437,186,6,18,2025-01-27T10:45:46+00:00,0.000000
1438,1980,1,2,2025-02-20T21:21:29+00:00,1.865532
1439,4836,2,6,2025-01-15T22:34:41+00:00,1.310548
1440,815,1,1,2025-02-07T13:47:14+00:00,1.929706
1441,4268,9,25,2025-02-20T01:17:05+00:00,0.000000
1442,2654,2,4,2025-01-21T00:22:01+00:00,1.750696
1443,1702,10,30,2025-03-28T04:02:36+00:00,0.000000
1444,3554,4,11,2025-01-24T05:15:30+00:00,0.333763
1445,2318,4,11,2025-03-03T08:17:21+00:00,0.193565
1446,1701,2,4,2025-03-15T11:37:13+00:00,1.425201
1447,2256,1,2,2025-02-19T05:24:12+00:00,0.973241
1448,3675,1,1,2025-01-20T04:32:41+00:00,1.268345
1449,2129,5,15,2025-03-09T04:59:50+00:00,0.000000
1450,2533,1,1,2025-01-30T22:09:16+00:00,0.858435
1451,4337,3,8,2025-02-23T23:07:09+00:00,0.164867
1452,3949,2,5,2025-01-07T22:11:15+00:00,1.371968
1453,1591,3,8,2025-01-19T16:04:59+00:00,0.410876
1454,3649,2,4,2025-03-26T14:34:04+00:00,1.683920
1455,1900,1,2,2025-02-16T11:19:21+00:00,1.949456
1456,1285,2,6,2025-03-23T09:37:46+00:00,0.841089
1457,1029,1,2,2025-02-10T07:09:43+00:00,1.540454
1458,4366,2,4,2025-01-25T16:40:51+00:00,1.137436
1459,1742,1,2,2025-03-12T21:45:54+00:00,1.669433
1460,4763,1,1,2025-03-19T21:48:27+00:00,1.577931
1461,2162,1,2,2025-01-12T17:47:13+00:00,1.405035
1462,3701,9,26,2025-01-04T22:35:27+00:00,0.000000
1463,1998,1,3,2025-03-25T07:13:25+00:00,1.098675
1464,3008,2,6,2025-01-29T13:34:04+00:00,1.324896
1465,3040,5,14,2025-03-23T16:09:29+00:00,0.000000
1466,124,6,16,2025-02-09T14:04:04+00:00,0.000000
1467,2397,4,12,2025-02-16T13:27:45+00:00,0.262131
1468,2666,4,10,2025-01-15T11:33:26+00:00,0.221176
1469,3116,1,3,2025-02-16T23:31:20+00:00,1.661186
1470,135,8,23,2025-02-16T07:34:37+00:00,0.946028
1471,561,9,25,2025-03-25T21:20:54+00:00,0.000000
1472,4496,1,1,2025-01-19T14:21:46+00:00,0.851332
1473,3767,4,10,2025-02-15T20:48:34+00:00,0.183701
1474,879,8,23,2025-01-20T04:51:31+00:00,0.618962
1475,1743,7,21,2025-03-07T08:25:08+00:00,0.963059
1476,764,4,10,2025-03-21T20:47:52+00:00,0.160234
1477,588,3,8,2025-02-10T05:12:08+00:00,0.184275
1478,3298,8,22,2025-03-15T19:45:59+00:00,1.123728
1479,2974,10,30,2025-01-11T12:24:40+00:00,0.000000
1480,1269,8,23,2025-02-14T06:17:17+00:00,0.786643
1481,2837,1,2,2025-01-11T06:11:38+00:00,1.748588
1482,3384,1,2,2025-02-02T22:59:17+00:00,1.052823
1483,4814,4,12,2025-03-12T22:44:45+00:00,0.417731
1484,2602,2,6,2025-02-23T23:50:15+00:00,1.294365
1485,1886,3,8,2025-03-15T17:34:12+00:00,0.210810
1486,2539,4,10,2025-02-02T16:21:50+00:00,0.426880
1487,4708,3,7,2025-02-02T01:04:55+00:00,0.250547
1488,3937,2,4,2025-02-19T13:38:39+00:00,1.523029
1489,4480,1,3,2025-01-21T06:49:24+00:00,0.821396
1490,3217,1,1,2025-01-07T09:17:47+00:00,1.812905
1491,2524,3,8,2025-01-25T09:44:15+00:00,0.185830
1492,2936,2,4,2025-02-20T01:47:02+00:00,1.889533
1493,1072,4,12,2025-03-06T07:42:02+00:00,0.393590
1494,4024,4,12,2025-02-15T18:08:26+00:00,0.273475
1495,3352,2,4,2025-03-24T03:43:39+00:00,1.424837
1496,3908,1,3,2025-02-05T06:07:25+00:00,1.298204
1497,4611,3,8,2025-02-17T06:42:25+00:00,0.166854
1498,1745,1,2,2025-01-02T21:45:30+00:00,0.807865
1499,2520,1,2,2025-03-22T14:39:32+00:00,1.616930
1500,881,3,9,2025-01-18T17:19:50+00:00,0.243283
1501,1957,1,3,2025-01-16T05:52:45+00:00,1.695412
1502,4567,3,9,2025-03-23T20:58:10+00:00,0.182867
1503,4827,8,22,2025-02-12T17:13:58+00:00,0.964943
1504,4738,4,12,2025-03-25T12:48:40+00:00,0.302996
1505,1376,3,7,2025-02-24T01:07:24+00:00,0.293118
1506,4520,7,20,2025-01-29T12:17:56+00:00,0.895987
1507,4121,3,9,2025-01-09T13:44:37+00:00,0.254432
1508,1154,10,30,2025-03-07T23:14:37+00:00,0.000000
1509,3397,1,2,2025-01-25T15:55:52+00:00,1.504139
1510,2502,10,28,2025-03-21T13:01:48+00:00,0.000000
1511,3938,2,5,2025-03-28T08:56:55+00:00,0.992785
1512,4589,7,20,2025-02-20T03:47:01+00:00,1.136518
1513,884,3,9,2025-01-12T13:49:05+00:00,0.306018
1514,143,8,23,2025-03-20T15:57:36+00:00,0.857441
1515,901,3,7,2025-03-03T17:04:46+00:00,0.226910
1516,1618,8,24,2025-03-22T18:19:02+00:00,1.070719
1517,3208,4,12,2025-01-18T11:21:34+00:00,0.370241
1518,992,5,15,2025-01-18T07:24:40+00:00,0.000000
1519,4324,4,12,2025-03-13T02:34:34+00:00,0.335041
1520,4938,4,11,2025-03-13T00:57:36+00:00,0.451967
1521,3301,1,3,2025-03-05T06:09:41+00:00,1.965205
1522,2092,1,3,2025-02-16T07:59:13+00:00,0.899935
1523,4515,9,26,2025-03-16T13:06:06+00:00,0.000000
1524,4397,1,2,2025-01-11T20:08:00+00:00,1.289189
1525,3684,3,7,2025-01-30T16:42:10+00:00,0.465951
1526,1020,9,26,2025-03-07T12:21:21+00:00,0.000000
1527,4955,1,3,2025-02-27T06:00:09+00:00,1.142815
1528,1653,1,3,2025-02-21T00:10:05+00:00,1.146835
1529,4499,3,7,2025-01-15T09:29:46+00:00,0.454714
1530,801,10,30,2025-03-02T05:19:16+00:00,0.000000
1531,2907,2,6,2025-01-22T06:21:20+00:00,1.104156
1532,644,10,28,2025-01-14T15:10:14+00:00,0.000000
1533,2898,2,6,2025-02-24T14:59:50+00:00,1.639653
1534,520,8,22,2025-02-22T02:15:43+00:00,0.694644
1535,2368,2,6,2025-01-25T06:06:03+00:00,1.159309
1536,4308,3,8,2025-02-07T02:13:16+00:00,0.173567
1537,2786,7,19,2025-03-28T09:27:36+00:00,0.658019
1538,2078,4,11,2025-01-13T14:48:21+00:00,0.454348
1539,1388,1,2,2025-01-02T07:39:03+00:00,1.549566
1540,759,1,1,2025-01-08T22:28:38+00:00,0.962130
1541,1020,7,20,2025-03-12T11:33:55+00:00,1.120605
1542,1358,3,7,2025-01-29T01:10:50+00:00,0.472234
1543,4142,10,30,2025-01-23T21:11:46+00:00,0.000000
1544,3546,4,11,2025-03-11T18:13:12+00:00,0.344198
1545,3856,1,2,2025-02-01T15:33:45+00:00,1.786088
1546,418,7,20,2025-01-25T06:27:00+00:00,0.633397
1547,3660,5,14,2025-01-23T00:45:27+00:00,0.000000
1548,1525,1,3,2025-03-09T09:34:35+00:00,1.852883
1549,3853,2,4,2025-03-08T13:10:28+00:00,1.532732
1550,4641,8,23,2025-02-02T06:40:45+00:00,0.550488
1551,4082,2,4,2025-02-24T16:26:53+00:00,1.079503
1552,257,2,6,2025-03-11T00:00:01+00:00,1.749265
1553,2801,4,11,2025-03-11T02:47:16+00:00,0.197615
1554,3180,1,1,2025-03-02T09:06:35+00:00,1.639332
1555,660,1,3,2025-03-24T14:24:01+00:00,0.937877
1556,2059,4,10,2025-01-12T23:51:32+00:00,0.443971
1557,1580,3,8,2025-01-08T09:25:28+00:00,0.390184
1558,3546,3,7,2025-03-09T22:13:21+00:00,0.256727
1559,2426,3,8,2025-03-24T12:49:48+00:00,0.405236
1560,3323,3,9,2025-03-21T17:14:05+00:00,0.305118
1561,4814,9,26,2025-03-03T17:27:19+00:00,0.000000
1562,2115,2,6,2025-01-20T09:17:17+00:00,0.941524
1563,696,6,16,2025-03-06T04:01:36+00:00,0.000000
1564,240,3,9,2025-02-03T07:43:48+00:00,0.376602
1565,1996,9,25,2025-03-02T04:04:24+00:00,0.000000
1566,4774,2,5,2025-03-23T02:29:05+00:00,1.709109
1567,2346,7,20,2025-03-23T21:24:21+00:00,1.036177
1568,817,1,3,2025-01-18T17:10:35+00:00,1.546206
1569,2671,8,22,2025-02-11T14:51:59+00:00,0.717221
1570,364,4,11,2025-02-19T07:41:11+00:00,0.264974
1571,2751,3,9,2025-02-01T06:22:07+00:00,0.408966
1572,1259,1,2,2025-02-11T06:00:05+00:00,1.622579
1573,4561,3,9,2025-03-29T02:33:03+00:00,0.217273
1574,174,3,7,2025-02-21T23:18:28+00:00,0.402939
1575,3442,3,7,2025-02-18T20:51:10+00:00,0.386554
1576,3632,3,8,2025-03-13T11:15:16+00:00,0.225694
1577,4749,4,12,2025-01-10T11:43:50+00:00,0.296621
1578,2403,6,18,2025-02-07T07:15:33+00:00,0.000000
1579,1779,1,3,2025-01-28T01:32:10+00:00,1.997951
1580,4031,3,7,2025-02-14T15:24:49+00:00,0.158121
1581,1066,2,4,2025-03-27T00:18:31+00:00,1.492561
1582,1579,2,5,2025-01-11T09:48:36+00:00,1.410270
1583,323,1,1,2025-02-10T22:25:07+00:00,1.535068
1584,1643,1,1,2025-03-20T00:54:59+00:00,1.614502
1585,159,1,2,2025-02-20T05:17:38+00:00,1.531907
1586,892,8,23,2025-01-14T05:28:45+00:00,0.712111
1587,4938,4,11,2025-03-12T05:39:15+00:00,0.214924
1588,4782,4,10,2025-02-27T06:42:18+00:00,0.200112
1589,4607,1,2,2025-02-11T08:16:43+00:00,1.943825
1590,919,8,24,2025-01-29T11:54:55+00:00,0.880953
1591,1887,8,22,2025-02-01T19:09:40+00:00,1.108755
1592,2368,7,19,2025-01-27T05:04:27+00:00,0.454587
1593,2263,1,1,2025-02-17T00:26:22+00:00,1.390421
1594,2474,3,8,2025-03-06T22:56:05+00:00,0.492809
1595,3710,1,2,2025-02-16T17:46:21+00:00,1.412600
1596,1446,7,21,2025-03-09T02:42:39+00:00,0.415583
1597,460,1,1,2025-02-07T13:30:20+00:00,1.905672
1598,2243,3,8,2025-01-20T15:13:36+00:00,0.384225
1599,4279,8,23,2025-03-27T05:33:08+00:00,0.691934
1600,4508,6,16,2025-03-19T18:49:58+00:00,0.000000
1601,4997,3,8,2025-03-16T02:12:16+00:00,0.323601
1602,147,3,8,2025-01-30T20:51:34+00:00,0.368567
1603,2404,4,11,2025-02-24T15:43:12+00:00,0.445376
1604,2321,3,8,2025-03-24T17:56:16+00:00,0.433171
1605,1621,4,11,2025-01-09T07:38:41+00:00,0.215009
1606,4518,3,8,2025-01-28T17:05:56+00:00,0.263519
1607,4208,1,2,2025-02-25T16:15:48+00:00,0.976417
1608,1733,2,4,2025-01-14T08:53:57+00:00,1.337813
1609,853,3,7,2025-02-26T08:38:12+00:00,0.382022
1610,1041,3,8,2025-03-17T15:59:37+00:00,0.421863
1611,2453,3,8,2025-01-25T06:04:03+00:00,0.330824
1612,4913,8,24,2025-03-02T16:17:30+00:00,1.159040
1613,424,1,3,2025-03-12T06:03:12+00:00,1.181412
1614,3064,3,9,2025-02-25T22:45:11+00:00,0.218425
1615,280,4,12,2025-01-13T10:23:22+00:00,0.304313
1616,4102,1,3,2025-03-16T16:47:52+00:00,1.272255
1617,4869,1,2,2025-03-23T15:55:58+00:00,1.993155
1618,4380,4,12,2025-01-09T04:06:06+00:00,0.431629
1619,4120,1,1,2025-03-17T03:59:29+00:00,0.944032
1620,1415,3,7,2025-03-12T20:02:56+00:00,0.260069
1621,1359,3,9,2025-02-14T03:17:26+00:00,0.470207
1622,2432,2,5,2025-01-10T21:39:22+00:00,0.898020
1623,1570,3,8,2025-02-09T19:55:23+00:00,0.436644
1624,4749,8,23,2025-01-12T02:53:16+00:00,0.560999
1625,4363,4,10,2025-01-18T07:07:13+00:00,0.264431
1626,5000,10,28,2025-02-05T11:36:33+00:00,0.000000
1627,2936,2,4,2025-02-12T05:33:57+00:00,0.824339
1628,365,1,1,2025-03-11T13:10:08+00:00,1.368644
1629,4509,3,7,2025-02-15T01:59:26+00:00,0.483459
1630,1244,4,10,2025-02-02T12:10:53+00:00,0.300318
1631,3538,4,11,2025-03-23T21:33:56+00:00,0.180107
1632,2374,1,3,2025-03-23T13:01:36+00:00,1.137271
1633,2917,1,2,2025-02-28T23:12:13+00:00,1.446036
1634,389,2,4,2025-02-23T14:40:05+00:00,1.443735
1635,4802,3,9,2025-02-03T08:38:53+00:00,0.448944
1636,2304,10,29,2025-01-18T08:35:56+00:00,0.000000
1637,3456,3,9,2025-03-03T00:47:43+00:00,0.238262
1638,1268,2,5,2025-01-17T07:47:37+00:00,1.559910
1639,954,2,4,2025-01-20T16:56:19+00:00,1.795972
1640,1264,3,7,2025-01-27T22:52:12+00:00,0.181522
1641,3413,2,6,2025-03-23T14:04:37+00:00,1.566607
1642,923,4,10,2025-02-18T08:07:13+00:00,0.193516
1643,271,3,7,2025-03-27T16:38:54+00:00,0.177786
1644,301,5,14,2025-02-18T00:15:52+00:00,0.000000
1645,2069,2,4,2025-02-12T18:01:49+00:00,1.919344
1646,4647,8,23,2025-03-23T01:40:54+00:00,1.181177
1647,3474,4,11,2025-01-12T01:06:52+00:00,0.477462
1648,807,7,19,2025-03-15T23:47:36+00:00,0.722028
1649,1771,7,19,2025-01-24T13:49:59+00:00,0.677845
1650,750,1,2,2025-02-28T19:37:06+00:00,1.251465
1651,4390,4,10,2025-01-09T16:05:13+00:00,0.167873
1652,4121,8,23,2025-01-13T06:38:07+00:00,0.805674
1653,3523,2,4,2025-03-18T21:38:16+00:00,1.147941
1654,1645,1,2,2025-03-21T02:20:02+00:00,1.653062
1655,1912,4,11,2025-01-30T20:55:58+00:00,0.232828
1656,3052,2,4,2025-03-07T01:59:01+00:00,0.806438
1657,299,4,12,2025-03-08T23:22:58+00:00,0.190404
1658,744,7,21,2025-03-23T05:55:48+00:00,0.798542
1659,3029,4,11,2025-03-13T15:38:14+00:00,0.452727
1660,1179,8,24,2025-01-27T21:27:10+00:00,1.033275
1661,4887,3,7,2025-02-03T02:08:05+00:00,0.337081
1662,3943,2,5,2025-02-12T14:53:51+00:00,1.704715
1663,3795,6,16,2025-03-27T20:54:45+00:00,0.000000
1664,761,2,4,2025-03-05T03:07:32+00:00,0.996816
1665,3605,1,3,2025-01-18T19:42:39+00:00,1.767039
1666,3467,5,13,2025-02-19T09:18:50+00:00,0.000000
1667,3467,1,1,2025-02-19T10:48:25+00:00,1.819009
1668,935,3,9,2025-02-07T20:46:25+00:00,0.214274
1669,360,4,11,2025-01-19T06:23:17+00:00,0.251570
1670,1924,3,9,2025-03-06T08:29:06+00:00,0.465393
1671,3666,3,7,2025-02-17T00:50:12+00:00,0.270741
1672,545,8,23,2025-01-26T21:55:57+00:00,0.722194
1673,246,1,1,2025-02-25T16:25:09+00:00,0.924569
1674,2801,7,20,2025-03-13T12:26:31+00:00,0.482246
1675,2469,1,3,2025-03-26T18:28:20+00:00,1.797930
1676,2932,1,1,2025-02-23T23:17:35+00:00,1.466012
1677,608,10,29,2025-03-24T18:22:39+00:00,0.000000
1678,4878,1,2,2025-03-11T22:43:58+00:00,0.822918
1679,3496,1,3,2025-01-18T02:26:28+00:00,1.604557
1680,477,1,2,2025-01-14T16:14:54+00:00,1.766840
1681,652,2,6,2025-03-19T14:40:07+00:00,1.814852
1682,2899,5,14,2025-02-20T00:53:40+00:00,0.000000
1683,740,9,25,2025-02-22T07:00:27+00:00,0.000000
1684,4782,4,10,2025-02-25T11:35:01+00:00,0.403322
1685,600,6,18,2025-01-13T22:10:13+00:00,0.000000
1686,2373,7,20,2025-02-14T17:05:27+00:00,1.073317
1687,2197,8,23,2025-02-11T11:02:48+00:00,0.912154
1688,4232,4,12,2025-01-13T06:20:08+00:00,0.477715
1689,1715,7,21,2025-02-06T02:00:16+00:00,0.550093
1690,641,4,10,2025-03-14T15:54:32+00:00,0.409089
1691,159,1,2,2025-02-21T09:40:09+00:00,1.983518
1692,3658,1,1,2025-03-25T11:19:46+00:00,0.886721
1693,1306,5,15,2025-01-15T14:40:44+00:00,0.000000
1694,2865,3,7,2025-01-18T07:12:24+00:00,0.228169
1695,1690,2,6,2025-01-24T11:32:53+00:00,1.200448
1696,823,1,1,2025-03-24T23:28:47+00:00,0.876179
1697,497,10,29,2025-03-18T09:22:18+00:00,0.000000
1698,337,4,10,2025-02-05T23:18:29+00:00,0.330506
1699,4546,2,6,2025-02-19T14:34:02+00:00,1.867488
1700,1588,6,16,2025-03-21T16:23:46+00:00,0.000000
1701,3003,1,2,2025-03-27T02:52:05+00:00,1.932312
1702,4373,8,22,2025-03-07T08:52:09+00:00,1.037942
1703,2801,8,23,2025-03-10T13:28:56+00:00,1.133649
1704,3538,3,7,2025-03-23T02:26:59+00:00,0.450264
1705,2503,1,3,2025-03-08T12:17:04+00:00,1.636429
1706,644,8,23,2025-01-15T13:25:56+00:00,0.559480
1707,2599,2,6,2025-01-13T15:15:32+00:00,1.524197
1708,4276,7,20,2025-01-21T12:36:38+00:00,0.558645
1709,3430,8,23,2025-02-09T11:26:55+00:00,1.069638
1710,596,3,7,2025-01-21T14:48:32+00:00,0.182880
1711,2093,2,4,2025-03-28T09:41:19+00:00,0.971586
1712,1426,1,2,2025-01-28T07:05:24+00:00,1.110440
1713,1275,2,5,2025-03-26T18:11:18+00:00,1.535969
1714,3279,10,29,2025-03-15T05:37:29+00:00,0.000000
1715,894,10,28,2025-02-17T09:57:15+00:00,0.000000
1716,4607,1,2,2025-02-20T20:31:42+00:00,1.392443
1717,1105,4,12,2025-01-31T10:07:40+00:00,0.212918
1718,2913,3,7,2025-03-01T21:08:08+00:00,0.171011
1719,4085,3,8,2025-02-21T21:43:33+00:00,0.384824
1720,723,2,5,2025-02-13T19:23:34+00:00,1.645962
1721,3010,7,20,2025-02-24T17:22:38+00:00,1.176517
1722,4415,4,11,2025-02-11T05:41:21+00:00,0.289154
1723,4579,1,3,2025-02-13T20:36:08+00:00,1.906986
1724,969,2,6,2025-01-20T16:50:33+00:00,1.589602
1725,4933,1,2,2025-02-21T02:23:36+00:00,1.066851
1726,4351,3,7,2025-02-14T03:33:13+00:00,0.353311
1727,3385,3,8,2025-03-27T08:12:05+00:00,0.261536
1728,4414,1,1,2025-03-24T11:41:52+00:00,1.047969
1729,533,3,7,2025-02-26T14:21:57+00:00,0.459707
1730,705,8,22,2025-03-14T14:29:19+00:00,0.613640
1731,2437,1,3,2025-01-24T06:49:14+00:00,1.915295
1732,1202,1,2,2025-01-28T05:50:29+00:00,1.205916
1733,4491,2,4,2025-01-08T15:36:33+00:00,1.919610
1734,1870,4,12,2025-03-25T08:29:18+00:00,0.354776
1735,871,6,16,2025-02-24T19:17:56+00:00,0.000000
1736,555,4,11,2025-02-06T02:33:16+00:00,0.197570
1737,3398,8,24,2025-03-27T20:25:34+00:00,0.991497
1738,3428,7,21,2025-03-25T18:58:36+00:00,0.482217
1739,4843,2,5,2025-01-10T11:50:36+00:00,1.546311
1740,1349,1,1,2025-03-16T21:45:44+00:00,1.037598
1741,1092,4,10,2025-03-25T10:31:20+00:00,0.417567
1742,1035,7,20,2025-02-11T15:17:29+00:00,0.757496
1743,3798,3,9,2025-01-04T10:20:07+00:00,0.285176
1744,4150,5,14,2025-01-26T13:29:27+00:00,0.000000
1745,2568,3,9,2025-02-11T03:56:30+00:00,0.452332
1746,3157,5,13,2025-01-31T02:56:49+00:00,0.000000
1747,1387,7,19,2025-01-10T23:33:23+00:00,1.082514
1748,4142,4,10,2025-01-24T03:16:06+00:00,0.197243
1749,4851,4,10,2025-02-01T02:03:27+00:00,0.184748
1750,4437,4,11,2025-03-24T08:29:54+00:00,0.478434
1751,4371,2,6,2025-02-02T08:29:32+00:00,0.887790
1752,3670,8,24,2025-02-10T07:56:12+00:00,0.408431
1753,3733,1,3,2025-03-26T05:48:26+00:00,0.800418
1754,265,8,23,2025-01-12T15:15:03+00:00,1.140066
1755,4454,10,29,2025-02-19T00:06:41+00:00,0.000000
1756,4580,4,12,2025-03-03T14:50:32+00:00,0.303052
1757,2107,1,1,2025-01-07T07:50:49+00:00,0.891301
1758,432,2,6,2025-03-24T15:21:21+00:00,1.499759
1759,1143,2,4,2025-02-20T09:15:30+00:00,1.922703
1760,355,1,2,2025-03-11T23:33:20+00:00,1.356966
1761,2787,8,22,2025-01-30T15:02:38+00:00,1.101143
1762,1978,2,5,2025-02-19T12:00:02+00:00,1.420509
1763,1282,4,11,2025-01-23T20:07:41+00:00,0.469706
1764,4304,4,10,2025-01-20T13:52:08+00:00,0.466408
1765,109,7,21,2025-01-11T02:56:34+00:00,1.166503
1766,1221,1,2,2025-01-03T05:19:14+00:00,0.898634
1767,1991,4,10,2025-02-19T01:04:36+00:00,0.164124
1768,2488,1,2,2025-03-25T09:33:52+00:00,1.315795
1769,1828,5,14,2025-01-11T22:51:38+00:00,0.000000
1770,1276,3,7,2025-02-08T05:34:28+00:00,0.184066
1771,1158,9,26,2025-01-17T14:47:24+00:00,0.000000
1772,3168,9,27,2025-02-17T14:00:12+00:00,0.000000
1773,1624,2,6,2025-03-14T07:52:20+00:00,0.814336
1774,2347,1,3,2025-01-17T21:02:03+00:00,1.515866
1775,1509,4,10,2025-03-26T01:48:55+00:00,0.394330
1776,585,2,5,2025-03-23T06:59:56+00:00,1.824376
1777,216,2,5,2025-02-15T03:13:14+00:00,1.068026
1778,2332,2,5,2025-01-23T11:03:53+00:00,1.161145
1779,3730,3,7,2025-02-07T10:12:22+00:00,0.446578
1780,4486,8,22,2025-03-21T16:37:20+00:00,0.808510
1781,1850,2,4,2025-02-13T21:59:29+00:00,1.222468
1782,4428,5,13,2025-03-01T06:04:59+00:00,0.000000
1783,1548,3,9,2025-02-05T01:36:39+00:00,0.419081
1784,3206,2,6,2025-01-07T06:05:32+00:00,0.959792
1785,3046,8,22,2025-02-13T22:31:42+00:00,0.994163
1786,2426,8,23,2025-03-25T08:20:40+00:00,1.028259
1787,1617,8,23,2025-01-14T14:44:09+00:00,0.879075
1788,292,8,24,2025-01-16T13:48:35+00:00,0.825018
1789,1355,2,5,2025-03-22T13:11:52+00:00,1.190179
1790,753,7,21,2025-02-01T10:29:08+00:00,0.812903
1791,4982,2,6,2025-03-09T10:50:23+00:00,1.209214
1792,3727,6,18,2025-01-25T11:15:00+00:00,0.000000
1793,1511,6,16,2025-03-14T04:03:53+00:00,0.000000
1794,219,1,1,2025-03-14T04:43:16+00:00,1.351409
1795,1164,4,11,2025-03-25T12:23:40+00:00,0.377294
1796,2037,5,14,2025-03-15T15:23:12+00:00,0.000000
1797,356,10,30,2025-01-23T18:49:01+00:00,0.000000
1798,1353,8,24,2025-01-14T13:31:43+00:00,0.686508
1799,2860,2,5,2025-01-15T15:03:48+00:00,1.242152
1800,2182,1,2,2025-03-27T17:05:40+00:00,1.361058
1801,4407,2,6,2025-02-14T04:09:19+00:00,1.721692
1802,2494,2,6,2025-01-21T21:38:35+00:00,0.866467
1803,4961,5,13,2025-02-10T18:29:02+00:00,0.000000
1804,2170,10,29,2025-02-20T10:37:40+00:00,0.000000
1805,2513,1,3,2025-01-17T10:30:51+00:00,1.567752
1806,4886,1,1,2025-02-06T09:02:19+00:00,0.841418
1807,3948,3,7,2025-03-02T13:05:23+00:00,0.202943
1808,986,2,6,2025-03-22T10:36:02+00:00,1.687775
1809,425,2,6,2025-03-16T21:06:55+00:00,1.716588
1810,2297,4,11,2025-01-19T04:39:49+00:00,0.334510
1811,904,4,10,2025-02-03T21:28:50+00:00,0.173037
1812,2219,7,20,2025-01-13T11:54:14+00:00,0.713687
1813,2420,4,10,2025-03-15T22:55:15+00:00,0.185699
1814,914,7,21,2025-03-15T05:35:05+00:00,0.865552
1815,1815,2,5,2025-02-11T06:31:13+00:00,0.918727
1816,1205,2,5,2025-01-15T17:25:43+00:00,1.382621
1817,1347,1,1,2025-02-19T20:11:16+00:00,1.564536
1818,1828,9,27,2025-01-09T14:45:12+00:00,0.000000
1819,4874,3,9,2025-02-04T02:58:09+00:00,0.311783
1820,1252,9,27,2025-01-06T12:43:01+00:00,0.000000
1821,4328,8,23,2025-03-20T04:03:46+00:00,0.634272
1822,1759,1,1,2025-01-10T05:52:34+00:00,0.975264
1823,4920,4,12,2025-03-20T04:07:36+00:00,0.221690
1824,2398,10,30,2025-03-18T23:39:34+00:00,0.000000
1825,288,4,12,2025-03-13T02:31:54+00:00,0.362132
1826,4654,1,1,2025-01-08T10:04:32+00:00,1.682569
1827,3386,7,19,2025-02-13T14:19:18+00:00,0.761181
1828,4773,2,4,2025-01-25T18:54:26+00:00,1.738085
1829,3389,3,9,2025-03-15T20:38:28+00:00,0.342209
1830,4158,4,10,2025-02-13T03:30:35+00:00,0.390994
1831,2645,3,8,2025-03-14T01:14:33+00:00,0.420496
1832,2204,4,11,2025-01-30T17:34:53+00:00,0.299908
1833,1907,4,12,2025-02-10T08:30:02+00:00,0.386852
1834,1942,7,21,2025-02-02T12:47:55+00:00,0.509897
1835,4939,2,5,2025-03-12T09:05:19+00:00,1.865288
1836,166,1,2,2025-03-04T21:52:30+00:00,1.600531
1837,4026,2,4,2025-01-17T04:29:24+00:00,1.498303
1838,2836,4,12,2025-03-02T22:27:50+00:00,0.217635
1839,1556,1,1,2025-02-11T09:59:13+00:00,1.851873
1840,4770,8,24,2025-02-18T06:02:00+00:00,0.672330
1841,3719,9,26,2025-02-08T06:36:30+00:00,0.000000
1842,3084,3,8,2025-01-14T21:46:01+00:00,0.159239
1843,4382,3,7,2025-02-07T21:33:31+00:00,0.174798
1844,679,3,8,2025-01-08T18:08:38+00:00,0.215412
1845,1914,3,9,2025-02-28T18:13:15+00:00,0.479228
1846,4984,4,12,2025-03-07T20:20:22+00:00,0.302191
1847,2207,4,11,2025-02-15T04:05:20+00:00,0.270078
1848,2646,2,5,2025-01-18T06:33:56+00:00,1.659804
1849,3968,9,27,2025-02-20T21:54:32+00:00,0.000000
1850,2804,3,8,2025-01-23T12:06:00+00:00,0.471314
1851,3597,2,5,2025-02-06T20:24:42+00:00,0.956408
1852,839,4,11,2025-03-01T00:53:32+00:00,0.162135
1853,3725,3,7,2025-03-02T09:17:33+00:00,0.274687
1854,2376,9,26,2025-02-20T20:36:02+00:00,0.000000
1855,2317,7,19,2025-01-18T09:41:35+00:00,0.927316
1856,1877,1,1,2025-03-28T00:43:56+00:00,1.173271
1857,2390,6,18,2025-01-22T17:41:05+00:00,0.000000
1858,3284,4,12,2025-01-14T21:40:03+00:00,0.275427
1859,2039,1,3,2025-01-26T05:34:19+00:00,1.321143
1860,2819,2,4,2025-02-26T23:11:43+00:00,0.898281
1861,4041,4,12,2025-01-10T02:00:31+00:00,0.476577
1862,800,1,3,2025-02-28T12:05:25+00:00,1.568019
1863,3979,1,3,2025-01-26T00:53:47+00:00,1.004848
1864,4736,2,4,2025-01-31T03:19:22+00:00,1.307360
1865,4471,9,27,2025-03-07T05:27:08+00:00,0.000000
1866,4108,8,22,2025-03-18T21:04:58+00:00,1.056070
1867,780,7,19,2025-03-27T10:59:57+00:00,1.157889
1868,1218,9,27,2025-03-10T01:39:57+00:00,0.000000
1869,2436,3,7,2025-02-19T15:46:18+00:00,0.289221
1870,1955,1,2,2025-02-01T02:00:43+00:00,1.428934
1871,3737,2,5,2025-03-24T00:19:00+00:00,1.884236
1872,2838,8,24,2025-03-07T15:45:37+00:00,1.064710
1873,355,7,20,2025-03-13T16:39:38+00:00,0.880151
1874,2298,2,6,2025-01-21T17:18:40+00:00,1.658850
1875,3671,9,27,2025-03-25T09:16:29+00:00,0.000000
1876,4075,10,28,2025-03-19T10:38:37+00:00,0.000000
1877,3352,10,29,2025-03-13T05:14:46+00:00,0.000000
1878,3523,8,23,2025-03-18T04:47:39+00:00,0.591840
1879,893,4,11,2025-03-16T04:27:24+00:00,0.462301
1880,2991,8,22,2025-03-07T15:02:24+00:00,0.784751
1881,904,2,4,2025-01-31T05:01:00+00:00,1.424430
1882,3020,2,5,2025-01-29T02:25:42+00:00,1.068237
1883,3992,10,29,2025-02-18T04:12:36+00:00,0.000000
1884,3209,2,4,2025-02-02T23:23:23+00:00,1.422943
1885,3564,2,4,2025-01-11T16:20:58+00:00,0.922854
1886,2890,9,27,2025-03-16T15:31:37+00:00,0.000000
1887,3807,6,18,2025-03-27T00:19:11+00:00,0.000000
1888,1168,2,4,2025-03-22T12:39:14+00:00,1.438191
1889,2199,3,8,2025-02-08T00:02:02+00:00,0.236193
1890,318,2,6,2025-03-12T08:48:20+00:00,1.860033
1891,1488,5,15,2025-03-16T15:53:21+00:00,0.000000
1892,3330,2,6,2025-02-21T03:57:02+00:00,1.236623
1893,4627,4,12,2025-01-20T16:34:23+00:00,0.299558
1894,1115,6,16,2025-02-13T07:51:21+00:00,0.000000
1895,4213,4,11,2025-01-11T08:35:17+00:00,0.412192
1896,3301,1,3,2025-02-23T17:51:02+00:00,1.821436
1897,4335,1,1,2025-01-20T05:17:02+00:00,0.954395
1898,4370,3,8,2025-02-04T13:34:06+00:00,0.480461
1899,234,8,23,2025-02-01T16:25:37+00:00,1.116791
1900,3252,2,6,2025-03-29T00:07:57+00:00,0.841630
1901,3964,10,30,2025-02-07T03:31:32+00:00,0.000000
1902,2060,3,7,2025-03-25T21:57:21+00:00,0.178458
1903,2142,8,23,2025-02-10T17:40:14+00:00,1.033152
1904,3703,2,4,2025-03-10T12:39:10+00:00,1.275496
1905,2387,7,20,2025-03-07T06:16:22+00:00,0.631315
1906,2587,4,11,2025-03-26T05:02:01+00:00,0.297568
1907,3820,4,11,2025-03-19T09:41:05+00:00,0.267567
1908,3967,2,4,2025-03-27T03:07:01+00:00,1.658601
1909,955,7,19,2025-02-11T00:38:08+00:00,1.161211
1910,3723,9,26,2025-02-22T22:24:05+00:00,0.000000
1911,1457,1,3,2025-01-22T09:03:10+00:00,1.963106
1912,1509,1,1,2025-03-26T06:52:27+00:00,1.847498
1913,226,3,7,2025-03-09T10:24:16+00:00,0.308728
1914,1245,3,8,2025-03-22T04:27:00+00:00,0.392909
1915,4000,4,10,2025-02-03T12:58:39+00:00,0.422487
1916,699,7,19,2025-01-25T12:48:48+00:00,1.188265
1917,2087,9,26,2025-03-01T01:32:55+00:00,0.000000
1918,1553,1,2,2025-03-28T05:46:14+00:00,1.801950
1919,1188,1,2,2025-03-08T14:09:28+00:00,1.276625
1920,3401,6,17,2025-03-26T17:42:10+00:00,0.000000
1921,1254,1,2,2025-01-12T15:03:45+00:00,1.466898
1922,619,8,22,2025-02-22T21:38:43+00:00,1.120408
1923,4329,1,1,2025-03-04T05:17:05+00:00,1.919887
1924,3414,5,14,2025-02-02T09:35:41+00:00,0.000000
1925,2289,9,27,2025-02-15T21:04:13+00:00,0.000000
1926,4675,2,5,2025-03-03T18:15:17+00:00,0.998237
1927,163,6,17,2025-03-27T04:50:12+00:00,0.000000
1928,1159,1,1,2025-02-26T04:31:50+00:00,1.446179
1929,1421,3,7,2025-03-25T15:19:58+00:00,0.494782
1930,2722,4,12,2025-02-27T11:03:20+00:00,0.336579
1931,2337,2,4,2025-02-17T04:33:45+00:00,1.781536
1932,4118,4,11,2025-02-06T21:09:44+00:00,0.267284
1933,1341,10,28,2025-03-15T15:32:28+00:00,0.000000
1934,2578,7,19,2025-01-29T03:10:27+00:00,0.622205
1935,3128,2,5,2025-02-17T00:37:11+00:00,1.592237
1936,4373,7,20,2025-03-07T04:38:18+00:00,0.478907
1937,4854,7,19,2025-03-24T15:23:34+00:00,0.951339
1938,768,3,8,2025-02-20T12:19:05+00:00,0.431331
1939,3915,7,21,2025-03-06T17:27:54+00:00,1.068142
1940,1629,1,2,2025-01-10T06:39:12+00:00,1.462510
1941,2925,3,8,2025-03-27T03:29:56+00:00,0.232304
1942,4774,6,18,2025-03-25T00:27:51+00:00,0.000000
1943,961,5,14,2025-01-23T04:31:42+00:00,0.000000
1944,1732,7,21,2025-01-29T08:07:34+00:00,0.612133
1945,4678,3,8,2025-01-17T00:59:06+00:00,0.209057
1946,2608,2,5,2025-01-03T18:41:57+00:00,1.815893
1947,2192,1,2,2025-03-12T11:42:48+00:00,1.375815
1948,2486,9,26,2025-03-03T13:50:01+00:00,0.000000
1949,3136,1,3,2025-03-22T17:34:11+00:00,1.133282
1950,4822,8,24,2025-03-04T10:25:52+00:00,0.411256
1951,4428,1,1,2025-03-12T19:17:47+00:00,1.463333
1952,3020,7,21,2025-01-21T10:55:53+00:00,1.106428
1953,3958,2,5,2025-01-10T07:01:38+00:00,1.432104
1954,3471,3,7,2025-02-18T14:27:35+00:00,0.353765
1955,2213,10,28,2025-01-08T10:44:07+00:00,0.000000
1956,4333,3,7,2025-02-18T10:26:37+00:00,0.287585
1957,129,2,4,2025-01-25T08:58:47+00:00,1.882360
1958,1978,2,4,2025-02-12T01:26:57+00:00,1.141972
1959,1191,3,9,2025-03-01T10:51:34+00:00,0.207547
1960,2029,1,2,2025-02-13T06:07:46+00:00,1.114569
1961,893,4,10,2025-03-13T09:13:38+00:00,0.415948
1962,329,1,2,2025-01-23T08:52:36+00:00,1.381268
1963,577,2,4,2025-01-21T16:32:14+00:00,1.240624
1964,4980,6,16,2025-01-28T00:23:22+00:00,0.000000
1965,1134,3,8,2025-03-19T10:48:11+00:00,0.180250
1966,4991,3,9,2025-01-27T11:45:17+00:00,0.379503
1967,2618,2,4,2025-02-16T21:28:05+00:00,1.297272
1968,678,8,23,2025-03-25T09:49:29+00:00,0.901105
1969,3454,8,23,2025-03-11T05:15:55+00:00,1.046811
1970,3938,2,6,2025-03-27T19:42:30+00:00,1.350766
1971,156,2,6,2025-03-25T00:44:25+00:00,0.971735
1972,216,7,19,2025-02-15T14:05:51+00:00,0.953670
1973,3002,4,11,2025-01-09T10:03:51+00:00,0.348105
1974,1335,10,30,2025-02-14T11:07:49+00:00,0.000000
1975,1826,4,12,2025-01-27T15:30:32+00:00,0.370032
1976,3103,3,7,2025-03-19T21:59:34+00:00,0.339042
1977,991,8,24,2025-03-13T00:31:18+00:00,0.421574
1978,1129,6,17,2025-03-09T09:59:26+00:00,0.000000
1979,299,6,18,2025-03-09T03:08:17+00:00,0.000000
1980,2710,7,21,2025-01-30T22:38:51+00:00,0.489931
1981,1235,4,12,2025-03-11T01:47:43+00:00,0.383011
1982,2058,2,6,2025-01-31T21:49:17+00:00,0.981509
1983,3663,2,6,2025-01-06T15:52:09+00:00,1.558188
1984,2389,3,9,2025-03-13T12:03:50+00:00,0.363875
1985,4450,2,5,2025-01-11T22:24:45+00:00,1.786577
1986,734,3,7,2025-03-21T00:04:35+00:00,0.343493
1987,2901,5,13,2025-01-26T22:39:33+00:00,0.000000
1988,1105,3,8,2025-02-06T16:00:01+00:00,0.430364
1989,2230,3,9,2025-03-26T02:24:01+00:00,0.438241
1990,1306,2,6,2025-01-09T01:44:59+00:00,1.373269
1991,4783,2,5,2025-01-13T17:14:02+00:00,1.279666
1992,652,3,9,2025-03-16T20:57:46+00:00,0.283513
1993,1296,8,22,2025-03-26T04:09:57+00:00,1.178647
1994,3621,2,4,2025-03-21T18:34:24+00:00,1.502270
1995,4688,1,3,2025-02-10T13:48:14+00:00,1.346454
1996,3853,4,12,2025-03-10T17:26:28+00:00,0.323190
1997,3260,8,23,2025-01-16T20:42:16+00:00,0.722034
1998,2101,8,22,2025-03-06T12:21:42+00:00,0.441538
1999,2080,1,3,2025-02-16T16:24:54+00:00,1.968513
2000,4572,4,11,2025-03-08T06:52:46+00:00,0.179305
2001,2241,5,14,2025-01-29T03:24:43+00:00,0.000000
2002,1986,1,2,2025-02-01T20:48:45+00:00,1.417964
2003,2647,8,22,2025-03-25T09:53:15+00:00,1.087460
2004,652,4,10,2025-03-19T06:24:26+00:00,0.342010
2005,1011,2,6,2025-03-04T18:13:43+00:00,1.566875
2006,4196,4,10,2025-02-06T07:55:45+00:00,0.465020
2007,5000,3,9,2025-02-05T20:07:53+00:00,0.274352
2008,4994,4,11,2025-01-22T07:00:04+00:00,0.312363
2009,339,4,10,2025-03-04T02:48:02+00:00,0.241624
2010,2401,8,24,2025-03-18T02:40:02+00:00,0.618069
2011,4741,1,2,2025-02-12T18:39:40+00:00,1.106068
2012,2072,7,21,2025-03-15T12:03:30+00:00,1.027558
2013,4366,7,19,2025-01-27T01:06:36+00:00,1.014502
2014,4357,3,9,2025-03-18T22:11:49+00:00,0.414705
2015,1357,6,17,2025-01-13T23:31:48+00:00,0.000000
2016,3014,4,11,2025-02-15T04:00:55+00:00,0.201808
2017,1178,3,8,2025-01-16T09:17:35+00:00,0.466907
2018,2118,3,8,2025-02-25T14:11:14+00:00,0.466577
2019,3203,7,21,2025-03-08T15:29:34+00:00,0.476989
2020,392,1,1,2025-03-12T16:51:14+00:00,1.146315
2021,1068,8,24,2025-02-04T05:06:24+00:00,0.618743
2022,560,1,2,2025-01-12T07:14:53+00:00,1.608432
2023,291,3,9,2025-03-06T20:11:29+00:00,0.369477
2024,1716,8,24,2025-03-01T08:41:29+00:00,0.446599
2025,2683,2,6,2025-03-04T10:23:30+00:00,1.632664
2026,4499,4,10,2025-01-14T00:36:43+00:00,0.433653
2027,2526,7,20,2025-03-12T22:55:00+00:00,0.554610
2028,1890,3,8,2025-01-15T08:03:29+00:00,0.260273
2029,3324,7,20,2025-01-13T21:46:37+00:00,1.164378
2030,1446,10,30,2025-03-10T06:23:36+00:00,0.000000
2031,4293,3,9,2025-02-17T00:34:57+00:00,0.157514
2032,675,1,3,2025-01-05T11:00:43+00:00,0.968158
2033,3069,1,3,2025-02-17T14:09:33+00:00,0.950853
2034,3637,2,4,2025-01-18T00:27:34+00:00,1.215568
2035,1053,7,19,2025-02-11T03:59:56+00:00,1.092361
2036,994,2,4,2025-03-26T14:42:19+00:00,1.774294
2037,835,2,4,2025-03-23T08:16:59+00:00,1.350091
2038,2824,2,5,2025-02-01T11:42:56+00:00,1.841797
2039,1654,8,24,2025-01-29T06:11:31+00:00,0.763512
2040,1325,10,28,2025-03-02T13:21:11+00:00,0.000000
2041,220,8,22,2025-03-04T17:34:45+00:00,0.718747
2042,3046,4,10,2025-02-09T15:36:42+00:00,0.425552
2043,1163,3,7,2025-02-01T10:19:47+00:00,0.427307
2044,1548,1,1,2025-02-02T01:01:50+00:00,1.184813
2045,2164,7,20,2025-02-24T09:44:52+00:00,0.704904
2046,3962,3,8,2025-03-25T15:16:44+00:00,0.284840
2047,3696,9,25,2025-02-21T08:44:16+00:00,0.000000
2048,4129,8,24,2025-01-12T19:08:42+00:00,0.879575
2049,1841,3,9,2025-03-24T13:31:17+00:00,0.395729
2050,3861,1,1,2025-02-25T06:48:14+00:00,1.438048
2051,4247,3,7,2025-01-08T06:04:41+00:00,0.421217
2052,4299,2,4,2025-01-13T01:49:08+00:00,1.197569
2053,537,1,2,2025-03-12T05:02:03+00:00,1.174034
2054,671,1,3,2025-03-23T08:28:35+00:00,0.821437
2055,3978,7,21,2025-03-03T08:46:03+00:00,0.843928
2056,1545,2,5,2025-03-02T12:27:22+00:00,1.995741
2057,4703,1,2,2025-02-16T01:38:57+00:00,1.702206
2058,1954,2,5,2025-01-11T00:35:26+00:00,1.635421
2059,1003,7,20,2025-02-20T15:03:39+00:00,1.191486
2060,3780,1,1,2025-03-03T04:00:00+00:00,1.638835
2061,4858,9,25,2025-01-10T05:41:09+00:00,0.000000
2062,1308,3,8,2025-03-20T21:21:27+00:00,0.279417
2063,649,3,7,2025-03-27T03:12:11+00:00,0.358575
2064,3822,2,5,2025-03-11T00:40:36+00:00,1.273984
2065,2700,7,20,2025-02-10T15:05:19+00:00,1.094310
2066,2237,2,5,2025-03-04T23:27:56+00:00,1.351256
2067,1111,4,10,2025-03-21T00:47:43+00:00,0.457074
2068,4598,1,3,2025-01-13T18:50:54+00:00,1.572255
2069,219,9,25,2025-03-18T23:44:05+00:00,0.000000
2070,4919,2,5,2025-02-05T04:20:47+00:00,0.958187
2071,2560,3,8,2025-02-10T17:22:06+00:00,0.346933
2072,349,1,1,2025-03-18T04:53:27+00:00,1.247312
2073,2844,1,1,2025-03-05T01:01:31+00:00,1.501626
2074,2400,3,8,2025-02-23T17:08:38+00:00,0.322074
2075,1495,4,12,2025-03-26T13:21:32+00:00,0.452483
2076,3000,1,2,2025-03-05T11:56:42+00:00,1.522004
2077,1078,3,9,2025-02-13T04:21:53+00:00,0.445915
2078,3083,1,1,2025-01-13T16:14:53+00:00,0.908081
2079,2790,2,6,2025-03-19T23:21:56+00:00,1.573752
2080,2364,8,22,2025-03-10T13:13:49+00:00,0.561230
2081,3428,2,5,2025-03-26T05:56:22+00:00,1.379140
2082,4485,2,4,2025-03-11T02:17:45+00:00,1.199870
2083,1832,2,5,2025-02-15T16:44:53+00:00,1.098594
2084,3343,3,7,2025-01-31T02:14:42+00:00,0.358702
2085,780,4,12,2025-03-28T18:26:11+00:00,0.442796
2086,3088,1,3,2025-02-08T15:59:29+00:00,1.921741
2087,2560,7,20,2025-02-09T10:44:46+00:00,0.626502
2088,4231,7,20,2025-01-19T08:57:31+00:00,0.554902
2089,4385,3,8,2025-02-13T08:52:28+00:00,0.345513
2090,3331,6,18,2025-01-20T07:12:39+00:00,0.000000
2091,1462,1,2,2025-02-11T06:34:30+00:00,1.086649
2092,4522,1,3,2025-03-22T12:53:24+00:00,1.183339
2093,4806,6,18,2025-02-06T06:33:27+00:00,0.000000
2094,2213,3,7,2025-01-06T18:18:46+00:00,0.222093
2095,3676,3,8,2025-03-09T14:07:47+00:00,0.379320
2096,3416,1,3,2025-02-17T21:06:50+00:00,1.051412
2097,2576,1,3,2025-01-05T14:13:21+00:00,1.286721
2098,3012,3,8,2025-03-24T15:19:22+00:00,0.266165
2099,1220,7,21,2025-02-23T15:56:34+00:00,0.862920
2100,2723,5,13,2025-01-09T08:27:48+00:00,0.000000
2101,2287,4,10,2025-02-12T13:44:54+00:00,0.442660
2102,3930,2,5,2025-01-07T06:42:26+00:00,1.348355
2103,1429,4,10,2025-03-28T04:29:51+00:00,0.182241
2104,2946,1,1,2025-02-24T22:00:47+00:00,1.348781
2105,1140,1,2,2025-02-06T13:46:59+00:00,0.858729
2106,798,2,6,2025-01-16T00:01:41+00:00,1.856461
2107,1421,5,15,2025-03-19T22:57:40+00:00,0.000000
2108,3343,1,3,2025-01-31T18:17:29+00:00,1.223254
2109,413,9,27,2025-03-11T17:32:59+00:00,0.000000
2110,4658,3,9,2025-01-29T10:16:27+00:00,0.392772
2111,2884,4,10,2025-03-03T16:27:32+00:00,0.179504
2112,3721,4,10,2025-01-21T14:52:56+00:00,0.323712
2113,2112,9,27,2025-02-15T17:30:43+00:00,0.000000
2114,2647,3,7,2025-03-23T19:12:41+00:00,0.433319
2115,4842,10,28,2025-02-17T15:48:58+00:00,0.000000
2116,4953,3,8,2025-03-04T00:05:20+00:00,0.304567
2117,1735,7,20,2025-01-11T05:12:45+00:00,1.183309
2118,1295,8,24,2025-01-21T18:18:28+00:00,1.025450
2119,1445,4,11,2025-03-09T09:58:35+00:00,0.358801
2120,1555,6,16,2025-03-20T05:11:45+00:00,0.000000
2121,4529,2,6,2025-02-24T05:36:13+00:00,1.049129
2122,809,8,24,2025-02-16T10:20:48+00:00,0.768192
2123,853,7,20,2025-02-24T19:58:36+00:00,0.712899
2124,1884,1,2,2025-01-24T14:37:31+00:00,0.920682
2125,946,1,3,2025-01-19T08:01:25+00:00,1.825763
2126,1225,1,1,2025-03-06T07:39:24+00:00,1.409087
2127,3363,10,30,2025-01-04T02:31:25+00:00,0.000000
2128,2685,2,4,2025-01-05T08:54:43+00:00,0.890434
2129,4681,1,2,2025-02-06T13:16:04+00:00,1.398560
2130,4727,3,8,2025-03-28T13:59:26+00:00,0.214354
2131,4500,4,11,2025-02-24T11:29:22+00:00,0.286886
2132,1920,4,11,2025-01-12T13:47:24+00:00,0.309353
2133,4284,4,12,2025-03-19T03:09:32+00:00,0.168521
2134,4282,7,19,2025-01-27T13:32:30+00:00,1.126757
2135,3422,7,19,2025-01-31T14:25:34+00:00,1.066018
2136,1015,2,5,2025-03-14T17:00:39+00:00,1.853729
2137,4367,3,9,2025-02-08T21:19:30+00:00,0.308464
2138,640,4,12,2025-03-17T00:35:33+00:00,0.172465
2139,1399,4,11,2025-01-14T14:33:16+00:00,0.405242
2140,3078,2,5,2025-02-27T04:06:38+00:00,0.827565
2141,2164,1,1,2025-02-16T20:34:20+00:00,1.557101
2142,657,2,5,2025-01-19T14:01:54+00:00,1.215412
2143,3955,7,19,2025-02-15T22:13:14+00:00,0.692814
2144,2561,1,1,2025-03-14T14:26:38+00:00,1.493819
2145,3601,4,10,2025-03-28T16:40:40+00:00,0.474615
2146,4286,8,23,2025-02-08T09:16:07+00:00,0.787609
2147,2761,5,13,2025-03-23T10:43:09+00:00,0.000000
2148,4461,5,13,2025-03-24T10:10:29+00:00,0.000000
2149,165,9,25,2025-02-09T18:56:06+00:00,0.000000
2150,1766,3,8,2025-02-01T01:22:22+00:00,0.152910
2151,2096,2,4,2025-03-16T20:50:28+00:00,0.809634
2152,2652,7,19,2025-03-07T08:20:08+00:00,0.787266
2153,2972,4,10,2025-03-01T17:58:05+00:00,0.181633
2154,1691,2,6,2025-01-10T23:53:33+00:00,1.944248
2155,1797,2,4,2025-02-08T14:51:34+00:00,1.077062
2156,1704,4,12,2025-01-07T18:53:51+00:00,0.279321
2157,2012,1,2,2025-03-26T20:47:03+00:00,1.580081
2158,3164,4,10,2025-01-10T16:04:03+00:00,0.376664
2159,4377,1,1,2025-01-13T04:23:43+00:00,1.103981
2160,1186,2,4,2025-02-26T16:37:58+00:00,1.522898
2161,755,1,3,2025-02-06T10:49:00+00:00,1.898725
2162,1054,10,29,2025-03-10T05:25:34+00:00,0.000000
2163,1466,10,28,2025-02-28T18:53:24+00:00,0.000000
2164,2193,3,8,2025-02-12T01:02:27+00:00,0.264312
2165,2643,9,26,2025-03-08T04:36:55+00:00,0.000000
2166,2439,2,6,2025-03-01T06:04:41+00:00,1.061360
2167,2043,3,8,2025-03-07T05:09:53+00:00,0.366385
2168,362,3,8,2025-02-27T01:13:55+00:00,0.182032
2169,4190,4,11,2025-02-26T11:39:08+00:00,0.470447
2170,1872,9,27,2025-02-20T17:16:07+00:00,0.000000
2171,3896,3,7,2025-03-13T21:57:54+00:00,0.278733
2172,532,1,1,2025-02-23T08:24:37+00:00,1.790017
2173,1766,2,5,2025-01-31T16:30:16+00:00,1.876821
2174,2926,1,2,2025-03-03T22:37:08+00:00,1.244787
2175,3041,4,11,2025-03-27T23:38:16+00:00,0.388054
2176,504,8,24,2025-02-13T00:51:51+00:00,0.849168
2177,2274,3,7,2025-03-29T10:09:37+00:00,0.443808
2178,1638,1,2,2025-03-12T02:04:35+00:00,1.333476
2179,2178,3,9,2025-01-15T18:38:35+00:00,0.216428
2180,4162,1,1,2025-03-19T15:15:05+00:00,1.966610
2181,870,1,1,2025-02-01T03:23:27+00:00,1.136871
2182,2181,8,23,2025-02-06T13:19:14+00:00,0.701702
2183,2146,10,30,2025-02-21T03:47:29+00:00,0.000000
2184,2876,3,9,2025-02-02T08:19:00+00:00,0.306774
2185,3599,7,19,2025-03-09T17:35:16+00:00,0.463112
2186,2749,5,14,2025-03-26T12:46:52+00:00,0.000000
2187,1366,7,20,2025-01-29T08:48:54+00:00,0.460032
2188,2989,5,14,2025-03-22T23:51:53+00:00,0.000000
2189,2078,1,1,2025-01-15T16:07:49+00:00,1.413332
2190,2724,4,12,2025-03-18T23:41:12+00:00,0.283936
2191,1111,1,2,2025-03-14T16:47:43+00:00,1.376127
2192,2953,1,1,2025-02-24T05:49:50+00:00,1.875526
2193,151,3,8,2025-03-17T12:33:44+00:00,0.427799
2194,1598,2,5,2025-03-28T09:41:24+00:00,1.732195
2195,3426,4,11,2025-03-05T04:13:28+00:00,0.215611
2196,1939,1,1,2025-02-16T01:48:47+00:00,1.434790
2197,4890,3,9,2025-03-11T11:33:30+00:00,0.414980
2198,4669,2,4,2025-03-23T23:17:28+00:00,1.866324
2199,3793,2,6,2025-02-08T15:35:08+00:00,0.896774
2200,2212,9,26,2025-01-25T02:42:09+00:00,0.000000
2201,4266,8,23,2025-02-08T12:46:52+00:00,0.877081
2202,1565,8,24,2025-03-12T12:27:43+00:00,0.771612
2203,1012,2,5,2025-01-21T04:13:26+00:00,1.072940
2204,4606,8,23,2025-03-13T01:46:15+00:00,1.169061
2205,3376,1,2,2025-03-05T17:22:51+00:00,1.390593
2206,619,5,15,2025-02-21T01:09:02+00:00,0.000000
2207,3625,1,3,2025-03-15T04:19:59+00:00,1.048264
2208,4950,8,22,2025-01-21T01:25:58+00:00,0.845876
2209,3356,1,2,2025-02-12T23:42:31+00:00,1.056704
2210,4254,2,6,2025-03-17T02:48:49+00:00,1.452328
2211,2308,9,27,2025-01-26T02:43:33+00:00,0.000000
2212,400,1,1,2025-03-04T17:00:44+00:00,1.627148
2213,2239,1,2,2025-01-27T10:30:02+00:00,1.251890
2214,2405,4,10,2025-02-28T09:17:09+00:00,0.370577
2215,4381,1,1,2025-01-18T02:50:58+00:00,1.095375
2216,1583,1,1,2025-02-15T05:07:06+00:00,1.335241
2217,1660,6,16,2025-02-18T23:05:06+00:00,0.000000
2218,4615,3,8,2025-02-11T08:23:26+00:00,0.390749
2219,2315,1,1,2025-02-18T03:52:25+00:00,1.020197
2220,4248,5,14,2025-03-26T23:13:40+00:00,0.000000
2221,966,3,7,2025-01-18T17:57:23+00:00,0.294503
2222,1252,9,27,2025-01-05T05:42:36+00:00,0.000000
2223,2002,7,20,2025-01-31T23:10:34+00:00,0.509613
2224,1573,7,21,2025-01-23T08:18:49+00:00,0.700548
2225,1101,7,21,2025-02-02T14:36:21+00:00,0.937092
2226,2582,4,11,2025-02-15T17:43:29+00:00,0.234001
2227,3225,1,1,2025-03-06T17:50:16+00:00,0.844425
2228,4341,2,4,2025-01-30T11:53:50+00:00,1.543514
2229,3833,4,12,2025-03-03T22:27:40+00:00,0.281382
2230,3955,7,21,2025-02-18T10:49:41+00:00,0.625146
2231,3448,2,4,2025-02-02T11:26:19+00:00,1.509601
2232,4227,5,13,2025-01-13T01:51:46+00:00,0.000000
2233,2683,2,5,2025-02-25T00:27:29+00:00,1.103731
2234,2382,7,20,2025-03-10T10:52:49+00:00,0.800084
2235,1657,2,5,2025-02-06T07:42:46+00:00,1.477385
2236,2190,1,2,2025-03-05T06:30:36+00:00,1.229228
2237,1088,4,11,2025-01-09T16:15:29+00:00,0.246483
2238,3306,4,10,2025-03-22T17:26:40+00:00,0.175223
2239,2183,1,3,2025-02-09T19:56:21+00:00,1.778376
2240,2832,5,15,2025-01-28T01:43:43+00:00,0.000000
2241,3425,3,9,2025-02-23T16:38:11+00:00,0.417297
2242,4513,10,28,2025-01-23T23:01:55+00:00,0.000000
2243,2668,7,21,2025-03-23T16:10:52+00:00,0.731140
2244,4411,2,4,2025-01-31T00:00:30+00:00,1.290033
2245,539,1,2,2025-01-13T11:57:36+00:00,0.909572
2246,1654,8,24,2025-01-31T07:48:29+00:00,0.628740
2247,1524,7,21,2025-03-13T07:14:31+00:00,0.402102
2248,4943,3,7,2025-01-30T03:45:06+00:00,0.336826
2249,3539,7,19,2025-02-22T11:10:15+00:00,0.536828
2250,952,3,7,2025-01-20T13:04:59+00:00,0.156839
2251,4588,1,3,2025-01-26T18:05:29+00:00,1.544443
2252,188,8,23,2025-03-27T09:42:18+00:00,0.642555
2253,1994,1,3,2025-01-24T21:44:46+00:00,1.470374
2254,641,1,2,2025-03-15T02:32:47+00:00,0.800063
2255,4877,1,1,2025-03-03T11:32:54+00:00,1.723994
2256,1399,3,7,2025-01-09T15:52:41+00:00,0.459295
2257,1950,1,3,2025-01-24T20:58:43+00:00,0.912135
2258,4224,2,5,2025-02-14T05:17:44+00:00,1.800171
2259,4960,4,12,2025-03-03T13:55:56+00:00,0.268795
2260,2144,2,6,2025-01-14T08:52:17+00:00,1.470546
2261,4722,3,7,2025-02-19T20:35:48+00:00,0.267181
2262,2233,2,6,2025-02-11T03:25:35+00:00,1.264068
2263,2456,8,24,2025-02-17T14:41:28+00:00,1.120328
2264,4917,1,3,2025-02-24T14:36:39+00:00,0.957151
2265,4251,2,6,2025-03-27T09:55:03+00:00,0.955381
2266,4756,2,4,2025-01-10T12:50:55+00:00,1.692548
2267,1931,3,7,2025-02-21T19:01:58+00:00,0.464422
2268,4888,9,27,2025-03-25T04:20:43+00:00,0.000000
2269,3342,3,9,2025-01-05T21:41:48+00:00,0.488089
2270,4492,2,5,2025-01-16T15:12:00+00:00,0.967177
2271,2331,7,21,2025-01-25T15:01:07+00:00,1.090461
2272,397,2,5,2025-02-18T19:03:24+00:00,1.694423
2273,1496,1,1,2025-03-24T16:16:41+00:00,1.468626
2274,573,3,7,2025-03-24T05:37:44+00:00,0.227303
2275,3429,8,24,2025-01-29T00:46:17+00:00,0.400028
2276,360,2,5,2025-01-26T13:24:34+00:00,0.913300
2277,3093,8,23,2025-01-14T20:57:08+00:00,0.781494
2278,1224,3,9,2025-03-16T14:19:29+00:00,0.371674
2279,2054,3,9,2025-01-26T22:32:55+00:00,0.170424
2280,2676,7,19,2025-03-22T00:31:41+00:00,0.427289
2281,2425,1,1,2025-03-11T00:18:17+00:00,1.319601
2282,325,4,11,2025-03-19T05:54:17+00:00,0.439028
2283,3162,3,8,2025-03-29T03:13:48+00:00,0.461992
2284,2283,2,4,2025-03-10T16:45:17+00:00,1.438978
2285,3770,5,14,2025-03-23T22:53:59+00:00,0.000000
2286,4926,4,12,2025-01-11T20:30:38+00:00,0.236056
2287,1999,4,11,2025-02-13T16:43:16+00:00,0.233626
2288,1103,4,12,2025-01-20T07:35:08+00:00,0.464710
2289,4140,3,7,2025-03-07T10:12:41+00:00,0.389631
2290,3395,4,11,2025-03-24T02:42:50+00:00,0.494104
2291,1678,4,12,2025-01-29T15:59:59+00:00,0.295721
2292,1805,2,4,2025-03-13T11:13:35+00:00,1.734871
2293,2169,1,2,2025-02-16T15:25:29+00:00,1.188853
2294,1455,3,8,2025-03-10T06:20:23+00:00,0.195253
2295,1468,8,24,2025-01-16T19:20:43+00:00,0.492363
2296,2963,4,12,2025-03-22T04:36:49+00:00,0.248582
2297,2169,3,7,2025-02-18T03:35:07+00:00,0.495213
2298,4694,9,25,2025-02-17T15:33:49+00:00,0.000000
2299,2102,2,4,2025-01-17T10:13:54+00:00,0.981615
2300,2191,3,8,2025-01-20T22:41:54+00:00,0.277322
2301,2478,7,20,2025-01-10T19:21:02+00:00,0.665506
2302,363,4,12,2025-03-28T16:15:56+00:00,0.324839
2303,2456,2,4,2025-02-13T16:22:10+00:00,1.984006
2304,4416,1,3,2025-03-05T00:49:17+00:00,1.455801
2305,4233,1,3,2025-02-13T11:49:32+00:00,1.659527
2306,4099,7,19,2025-02-01T18:23:19+00:00,0.550053
2307,119,2,5,2025-03-19T14:45:11+00:00,1.339213
2308,3514,4,11,2025-03-17T10:27:31+00:00,0.435851
2309,4829,1,3,2025-03-24T06:31:21+00:00,1.328909
2310,2481,8,22,2025-03-11T20:33:20+00:00,0.709982
2311,4198,1,1,2025-02-04T00:42:27+00:00,1.666032
2312,790,1,1,2025-02-21T07:17:27+00:00,1.966954
2313,3258,1,2,2025-03-13T06:12:38+00:00,1.337303
2314,3425,8,22,2025-03-06T17:57:41+00:00,0.436935
2315,3690,4,11,2025-02-24T04:24:27+00:00,0.312159
2316,3696,7,19,2025-02-20T12:44:13+00:00,1.023227
2317,4397,2,5,2025-01-12T00:40:34+00:00,1.881081
2318,3521,8,22,2025-01-13T13:26:03+00:00,0.609080
2319,2478,1,3,2025-01-03T23:13:29+00:00,1.265130
2320,2934,1,3,2025-02-10T15:16:04+00:00,1.297026
2321,4421,4,11,2025-03-01T11:02:36+00:00,0.296701
2322,4589,2,6,2025-02-24T07:39:41+00:00,1.075462
2323,296,4,11,2025-02-07T00:13:15+00:00,0.275191
2324,517,1,3,2025-02-11T03:34:31+00:00,1.874736
2325,4038,4,12,2025-01-08T04:47:07+00:00,0.426622
2326,2556,3,9,2025-01-15T00:57:37+00:00,0.311886
2327,2025,3,8,2025-02-07T00:09:20+00:00,0.177364
2328,2880,3,8,2025-01-11T02:10:17+00:00,0.438890
2329,4055,7,19,2025-03-24T05:47:20+00:00,0.583139
2330,1532,2,4,2025-02-11T11:56:09+00:00,1.736499
2331,2771,10,30,2025-03-22T13:10:16+00:00,0.000000
2332,1106,8,22,2025-03-06T21:58:37+00:00,0.713489
2333,713,1,3,2025-01-21T02:30:39+00:00,1.434365
2334,114,2,5,2025-03-26T08:05:31+00:00,1.002712
2335,4870,7,21,2025-01-28T06:18:18+00:00,0.771459
2336,4990,4,12,2025-01-26T18:44:38+00:00,0.494876
2337,3011,6,16,2025-03-13T16:34:28+00:00,0.000000
2338,2226,3,8,2025-01-15T00:35:46+00:00,0.349225
2339,1402,3,9,2025-02-03T07:34:56+00:00,0.429508
2340,2218,5,15,2025-02-26T01:31:34+00:00,0.000000
2341,365,4,11,2025-02-27T05:29:25+00:00,0.499786
2342,3607,3,8,2025-02-13T01:24:00+00:00,0.416513
2343,3423,3,8,2025-02-15T05:43:31+00:00,0.159446
2344,737,1,2,2025-02-22T09:38:52+00:00,0.915311
2345,2082,1,3,2025-03-11T05:07:26+00:00,1.617870
2346,265,4,11,2025-01-20T19:11:13+00:00,0.195284
2347,4982,5,15,2025-03-04T06:54:07+00:00,0.000000
2348,782,1,3,2025-03-22T03:52:04+00:00,1.458908
2349,383,8,23,2025-01-26T21:24:45+00:00,0.424569
2350,4814,3,8,2025-03-07T00:49:09+00:00,0.336209
2351,621,4,10,2025-02-09T00:02:41+00:00,0.160958
2352,3449,4,11,2025-02-11T15:24:14+00:00,0.432836
2353,4740,6,17,2025-02-12T04:24:21+00:00,0.000000
2354,4772,7,21,2025-02-26T19:14:44+00:00,0.919351
2355,1523,2,5,2025-01-17T22:03:21+00:00,0.965369
2356,3027,3,8,2025-02-10T04:12:55+00:00,0.295429
2357,2452,4,10,2025-02-19T08:17:39+00:00,0.213305
2358,4395,8,22,2025-02-21T08:51:06+00:00,0.933195
2359,3783,2,4,2025-01-25T14:27:17+00:00,1.224324
2360,3706,4,10,2025-02-20T08:38:57+00:00,0.408417
2361,3239,4,10,2025-02-17T13:45:11+00:00,0.339274
2362,2784,7,21,2025-03-02T15:30:33+00:00,0.481434
2363,1715,1,1,2025-02-07T13:01:02+00:00,1.969050
2364,4637,7,19,2025-03-23T22:10:16+00:00,0.978239
2365,3378,2,4,2025-02-05T12:00:05+00:00,1.017583
2366,271,2,6,2025-03-22T00:51:33+00:00,1.206844
2367,1879,1,1,2025-02-25T02:50:54+00:00,1.295872
2368,3742,4,10,2025-01-08T20:19:20+00:00,0.301722
2369,4029,9,25,2025-01-27T12:23:29+00:00,0.000000
2370,739,4,11,2025-02-22T04:11:55+00:00,0.390537
2371,817,7,20,2025-01-16T18:05:38+00:00,0.712344
2372,908,5,15,2025-01-16T03:05:39+00:00,0.000000
2373,239,4,12,2025-03-05T11:28:58+00:00,0.197183
2374,2475,1,3,2025-01-23T03:05:41+00:00,0.953261
2375,3211,3,7,2025-02-11T09:40:28+00:00,0.345147
2376,482,3,9,2025-02-27T22:04:33+00:00,0.253913
2377,733,1,3,2025-03-06T10:56:04+00:00,1.436388
2378,625,3,9,2025-01-20T21:21:47+00:00,0.191689
2379,791,4,11,2025-02-10T23:59:06+00:00,0.421553
2380,4307,4,12,2025-03-20T23:19:15+00:00,0.228991
2381,2023,2,5,2025-01-15T06:41:48+00:00,1.149713
2382,4976,2,5,2025-01-29T05:12:44+00:00,0.813110
2383,4137,10,28,2025-01-18T23:30:34+00:00,0.000000
2384,902,1,3,2025-03-26T20:23:57+00:00,1.531640
2385,3591,4,12,2025-03-12T12:29:50+00:00,0.322897
2386,4427,10,28,2025-02-23T06:33:02+00:00,0.000000
2387,228,1,1,2025-01-26T19:35:19+00:00,1.905417
2388,2016,3,9,2025-02-21T23:53:39+00:00,0.374019
2389,4041,2,5,2025-01-14T08:40:53+00:00,0.941440
2390,3607,8,24,2025-02-14T02:46:15+00:00,0.891991
2391,278,1,3,2025-03-02T03:48:14+00:00,1.354665
2392,3285,4,11,2025-02-16T01:22:19+00:00,0.235123
2393,1483,1,3,2025-02-06T09:40:07+00:00,1.979057
2394,872,4,12,2025-03-14T08:45:37+00:00,0.372392
2395,223,3,8,2025-03-24T13:04:58+00:00,0.243240
2396,4622,2,5,2025-03-22T08:12:51+00:00,1.714553
2397,3164,1,2,2025-01-09T16:58:52+00:00,1.924412
2398,1360,7,19,2025-01-14T01:19:06+00:00,0.868650
2399,1008,9,26,2025-03-20T21:28:32+00:00,0.000000
2400,1777,7,20,2025-01-25T08:57:39+00:00,0.472676
2401,2535,1,1,2025-01-10T01:51:48+00:00,1.053894
2402,322,10,28,2025-02-12T18:57:58+00:00,0.000000
2403,4625,5,14,2025-02-22T08:23:17+00:00,0.000000
2404,3212,8,23,2025-01-16T10:24:35+00:00,1.029190
2405,4323,10,30,2025-03-05T22:51:28+00:00,0.000000
2406,3980,2,5,2025-02-12T14:26:23+00:00,0.823636
2407,1732,2,5,2025-02-03T06:43:11+00:00,1.953933
2408,2441,7,21,2025-01-26T22:30:58+00:00,0.475564
2409,3354,9,25,2025-02-17T12:48:27+00:00,0.000000
2410,905,4,11,2025-01-08T04:27:27+00:00,0.317309
2411,2400,3,7,2025-02-27T14:49:32+00:00,0.216560
2412,913,10,28,2025-03-28T09:59:11+00:00,0.000000
2413,4572,8,24,2025-03-08T13:42:14+00:00,0.838806
2414,1725,4,11,2025-01-16T12:34:15+00:00,0.292825
2415,3022,4,10,2025-02-26T10:07:25+00:00,0.379944
2416,4667,2,4,2025-03-28T01:33:50+00:00,1.314666
2417,2143,7,21,2025-02-05T07:43:40+00:00,0.850997
2418,4414,7,20,2025-03-23T22:11:22+00:00,1.052017
2419,333,2,4,2025-02-14T06:55:00+00:00,1.861078
2420,2250,5,13,2025-02-21T08:08:35+00:00,0.000000
2421,3508,1,3,2025-02-16T19:51:55+00:00,1.541451
2422,2820,3,8,2025-02-16T05:55:22+00:00,0.209273
2423,2757,9,25,2025-02-20T18:54:44+00:00,0.000000
2424,4340,2,4,2025-03-20T17:40:24+00:00,1.720600
2425,2351,4,11,2025-03-17T08:33:32+00:00,0.277022
2426,4073,6,18,2025-01-02T21:27:37+00:00,0.000000
2427,4569,1,1,2025-02-04T10:09:38+00:00,1.184160
2428,259,2,6,2025-03-15T03:54:45+00:00,1.872207
2429,2642,5,15,2025-02-02T21:31:49+00:00,0.000000
2430,4030,3,8,2025-03-19T17:54:26+00:00,0.363006
2431,1607,1,2,2025-03-24T04:45:58+00:00,1.896525
2432,2118,2,4,2025-02-26T23:51:31+00:00,1.509803
2433,3582,3,8,2025-02-20T18:27:53+00:00,0.153233
2434,3957,2,6,2025-02-06T22:14:56+00:00,1.937974
2435,2737,1,3,2025-02-22T10:59:36+00:00,1.606905
2436,1363,3,8,2025-03-09T16:47:33+00:00,0.225579
2437,1721,6,16,2025-03-05T03:50:26+00:00,0.000000
2438,2925,4,10,2025-03-27T06:24:38+00:00,0.284478
2439,4735,1,1,2025-03-23T18:41:22+00:00,1.537583
2440,440,4,10,2025-02-17T03:35:56+00:00,0.437446
2441,1309,1,1,2025-02-11T06:55:22+00:00,1.807328
2442,2351,3,9,2025-03-14T00:51:20+00:00,0.314924
2443,396,5,15,2025-01-14T13:22:56+00:00,0.000000
2444,3915,4,11,2025-03-06T16:20:57+00:00,0.285789
2445,4729,1,2,2025-03-24T12:25:06+00:00,1.364702
2446,582,3,9,2025-02-26T04:12:14+00:00,0.406509
2447,1224,7,20,2025-03-14T05:11:27+00:00,0.447191
2448,4129,4,11,2025-01-08T20:05:00+00:00,0.259128
2449,4834,2,4,2025-03-18T10:25:40+00:00,1.842813
2450,3952,3,8,2025-01-20T18:28:13+00:00,0.449112
2451,1034,1,3,2025-03-19T18:07:18+00:00,1.754251
2452,2597,9,26,2025-01-23T09:52:00+00:00,0.000000
2453,4564,1,3,2025-03-19T16:00:30+00:00,1.375191
2454,4472,2,5,2025-02-03T22:06:39+00:00,1.152266
2455,2081,7,21,2025-01-12T03:29:49+00:00,0.728491
2456,720,2,5,2025-03-26T13:54:20+00:00,1.595257
2457,3826,2,5,2025-02-25T04:58:52+00:00,1.739470
2458,1349,8,23,2025-03-18T09:10:58+00:00,0.630665
2459,4302,10,30,2025-02-16T18:01:35+00:00,0.000000
2460,914,8,24,2025-03-06T08:39:06+00:00,0.620083
2461,4167,4,11,2025-03-02T13:31:25+00:00,0.477405
2462,1357,2,4,2025-01-16T09:44:28+00:00,1.805008
2463,1408,1,2,2025-03-10T13:54:20+00:00,1.188072
2464,2752,9,27,2025-02-08T23:01:30+00:00,0.000000
2465,1250,9,27,2025-01-20T00:16:43+00:00,0.000000
2466,1384,4,10,2025-01-20T06:35:03+00:00,0.266163
2467,2808,3,9,2025-02-23T01:03:06+00:00,0.178713
2468,1112,3,8,2025-03-07T00:25:00+00:00,0.299874
2469,2159,3,9,2025-02-15T00:27:59+00:00,0.197751
2470,561,3,9,2025-03-26T22:31:07+00:00,0.452084
2471,1340,4,12,2025-01-24T18:39:03+00:00,0.229544
2472,461,4,10,2025-03-11T16:13:54+00:00,0.381588
2473,1349,1,2,2025-03-18T02:46:18+00:00,1.009906
2474,1801,8,23,2025-03-13T18:03:19+00:00,0.468560
2475,3852,1,2,2025-03-26T16:45:09+00:00,1.122113
2476,2205,7,19,2025-01-20T23:51:45+00:00,1.199761
2477,1497,2,6,2025-02-26T11:40:03+00:00,1.337964
2478,3848,2,6,2025-03-18T12:31:09+00:00,1.696849
2479,250,3,8,2025-01-07T00:11:48+00:00,0.473886
2480,3423,6,17,2025-02-13T18:58:13+00:00,0.000000
2481,4856,3,8,2025-02-08T05:55:59+00:00,0.340089
2482,1661,2,5,2025-01-19T07:26:01+00:00,1.755996
2483,3718,9,25,2025-03-26T12:38:34+00:00,0.000000
2484,3349,3,7,2025-02-21T10:22:16+00:00,0.373567
2485,528,3,9,2025-03-14T23:50:48+00:00,0.151320
2486,4691,1,1,2025-02-04T00:42:44+00:00,1.000092
2487,3304,2,4,2025-03-04T01:42:58+00:00,1.757011
2488,444,7,20,2025-03-06T03:33:37+00:00,0.582343
2489,2805,7,21,2025-02-10T20:44:52+00:00,1.050700
2490,3089,1,3,2025-02-05T15:55:50+00:00,1.278738
2491,2445,4,11,2025-01-31T22:40:35+00:00,0.194642
2492,703,2,6,2025-03-10T20:35:14+00:00,0.912030
2493,4540,3,7,2025-01-20T14:25:08+00:00,0.205996
2494,4612,6,16,2025-03-14T20:09:41+00:00,0.000000
2495,1067,1,3,2025-01-16T18:51:49+00:00,1.608307
2496,3553,5,13,2025-03-19T22:23:11+00:00,0.000000
2497,1533,7,20,2025-01-12T00:12:50+00:00,0.708985
2498,3931,1,2,2025-02-27T14:35:52+00:00,1.055994
2499,4363,4,12,2025-01-17T06:55:48+00:00,0.163402
2500,710,7,19,2025-03-08T20:39:11+00:00,1.008123
2501,3455,10,30,2025-03-19T16:22:36+00:00,0.000000
2502,4213,2,4,2025-01-04T13:57:29+00:00,1.243216
2503,4261,3,8,2025-02-27T07:14:43+00:00,0.483862
2504,678,1,2,2025-03-25T07:49:32+00:00,1.023163
2505,2817,4,10,2025-03-23T07:45:46+00:00,0.210924
2506,1442,1,1,2025-03-10T10:08:38+00:00,0.957271
2507,961,2,5,2025-01-17T16:20:30+00:00,1.112876
2508,1048,3,9,2025-03-21T11:49:07+00:00,0.244818
2509,2098,2,4,2025-03-12T12:13:55+00:00,1.074635
2510,1662,4,12,2025-03-06T11:31:59+00:00,0.494765
2511,3358,6,16,2025-02-28T04:17:03+00:00,0.000000
2512,130,7,20,2025-02-04T03:39:37+00:00,0.998037
2513,3717,2,5,2025-01-11T17:47:47+00:00,1.002731
2514,936,3,7,2025-02-27T14:14:59+00:00,0.310633
2515,4492,1,3,2025-01-14T16:19:10+00:00,1.521253
2516,1494,3,8,2025-01-20T10:40:04+00:00,0.265553
2517,809,1,2,2025-02-24T18:18:10+00:00,1.550812
2518,4834,8,24,2025-03-17T07:24:55+00:00,0.463657
2519,1008,4,12,2025-03-15T15:22:11+00:00,0.299417
2520,4633,1,2,2025-02-17T20:21:32+00:00,1.694572
2521,110,2,6,2025-01-22T17:13:34+00:00,0.919876
2522,1237,3,9,2025-03-19T09:52:23+00:00,0.171073
2523,1725,9,25,2025-01-06T05:22:10+00:00,0.000000
2524,4699,3,9,2025-01-28T06:32:17+00:00,0.227658
2525,2479,4,12,2025-01-18T14:49:16+00:00,0.227922
2526,4985,8,24,2025-03-15T05:38:47+00:00,0.715080
2527,3896,3,8,2025-03-18T09:40:04+00:00,0.470027
2528,1579,7,21,2025-01-11T06:39:35+00:00,1.076045
2529,459,1,1,2025-03-12T07:46:27+00:00,1.485845
2530,158,3,8,2025-02-20T17:23:07+00:00,0.371668
2531,1835,1,3,2025-02-25T20:54:13+00:00,1.619494
2532,451,2,5,2025-03-01T01:08:47+00:00,1.410963
2533,3692,3,9,2025-02-05T11:30:08+00:00,0.333584
2534,2101,3,8,2025-03-06T15:39:11+00:00,0.269155
2535,3808,8,22,2025-01-22T07:21:23+00:00,0.519430
2536,4796,8,23,2025-03-14T23:31:49+00:00,0.469338
2537,2630,4,11,2025-01-24T17:09:08+00:00,0.334951
2538,1847,7,20,2025-03-19T16:35:33+00:00,1.109430
2539,3880,4,11,2025-01-22T10:23:45+00:00,0.458568
2540,939,7,20,2025-01-26T05:26:00+00:00,0.953204
2541,4862,4,12,2025-01-18T14:31:14+00:00,0.488608
2542,3562,4,11,2025-02-04T10:20:59+00:00,0.319174
2543,798,1,1,2025-01-14T02:46:36+00:00,1.515961
2544,1831,2,4,2025-01-13T21:54:19+00:00,1.365350
2545,417,10,29,2025-03-16T05:34:20+00:00,0.000000
2546,3549,1,1,2025-01-21T09:30:04+00:00,1.116264
2547,1811,9,25,2025-02-15T05:50:33+00:00,0.000000
2548,711,2,4,2025-02-28T17:26:19+00:00,1.613553
2549,4891,6,17,2025-02-07T09:29:28+00:00,0.000000
2550,3013,4,11,2025-03-15T06:19:57+00:00,0.429939
2551,913,8,23,2025-03-29T17:48:12+00:00,1.005305
2552,3478,3,7,2025-03-14T13:56:19+00:00,0.441890
2553,639,4,10,2025-03-21T05:23:51+00:00,0.459913
2554,3867,2,4,2025-01-26T08:50:07+00:00,1.816602
2555,1555,2,4,2025-03-22T16:51:24+00:00,1.913451
2556,4413,3,9,2025-02-10T06:53:10+00:00,0.340581
2557,4565,8,22,2025-01-22T23:42:01+00:00,1.121625
2558,3502,3,9,2025-03-10T16:29:21+00:00,0.315523
2559,1951,4,10,2025-03-11T04:37:57+00:00,0.429403
2560,486,7,21,2025-03-24T21:41:25+00:00,0.776139
2561,1302,2,6,2025-03-19T03:03:34+00:00,1.658327
2562,1987,9,25,2025-02-10T13:34:53+00:00,0.000000
2563,4015,1,1,2025-03-18T06:32:46+00:00,0.848768
2564,4808,6,17,2025-02-10T03:39:27+00:00,0.000000
2565,4217,3,7,2025-03-22T12:38:58+00:00,0.267598
2566,2957,2,5,2025-03-18T14:12:27+00:00,0.967350
2567,359,10,28,2025-02-18T19:29:43+00:00,0.000000
2568,1214,1,3,2025-03-25T21:10:15+00:00,1.519180
2569,1936,2,4,2025-01-17T00:09:16+00:00,1.621768
2570,2927,2,4,2025-01-15T11:34:56+00:00,0.803264
2571,1048,2,6,2025-03-21T15:01:15+00:00,1.301591
2572,2417,4,11,2025-01-15T20:30:53+00:00,0.223286
2573,3721,2,4,2025-01-22T06:38:24+00:00,1.981939
2574,3964,3,7,2025-02-08T15:25:02+00:00,0.175418
2575,359,7,21,2025-02-17T06:26:17+00:00,0.443221
2576,4791,1,3,2025-03-21T20:23:41+00:00,1.934432
2577,4951,10,30,2025-02-14T15:56:03+00:00,0.000000
2578,3421,10,29,2025-03-16T05:25:35+00:00,0.000000
2579,1302,1,2,2025-03-19T11:14:20+00:00,1.931237
2580,3863,1,2,2025-02-27T23:56:04+00:00,1.081280
2581,3953,1,1,2025-01-24T01:29:21+00:00,0.959112
2582,3134,2,5,2025-03-20T16:52:52+00:00,1.701391
2583,1107,7,20,2025-03-10T11:00:44+00:00,0.723011
2584,3025,1,2,2025-02-01T20:08:10+00:00,1.101377
2585,1442,4,11,2025-03-09T11:32:03+00:00,0.277613
2586,1703,4,12,2025-02-12T21:41:55+00:00,0.439238
2587,4998,3,9,2025-01-16T19:48:16+00:00,0.375297
2588,3796,7,19,2025-03-28T19:34:17+00:00,0.807695
2589,1165,1,2,2025-02-26T00:51:37+00:00,0.898238
2590,3605,1,2,2025-01-13T07:19:49+00:00,1.139632
2591,3990,5,15,2025-03-23T23:22:15+00:00,0.000000
2592,312,8,24,2025-01-15T10:14:48+00:00,1.058805
2593,1384,1,1,2025-01-22T13:50:21+00:00,1.411053
2594,1759,2,4,2025-01-07T12:25:06+00:00,1.463642
2595,4065,3,8,2025-02-20T21:08:06+00:00,0.241329
2596,2994,8,23,2025-03-26T00:13:32+00:00,0.470864
2597,2016,1,3,2025-02-23T08:04:18+00:00,1.287198
2598,3991,3,8,2025-01-15T12:43:51+00:00,0.388406
2599,4514,1,2,2025-01-10T10:18:26+00:00,1.240739
2600,1199,5,14,2025-01-26T02:48:11+00:00,0.000000
2601,1021,1,3,2025-02-16T14:41:26+00:00,1.706463
2602,4276,8,22,2025-01-21T17:03:22+00:00,1.127299
2603,1920,4,11,2025-01-11T23:19:25+00:00,0.173106
2604,2943,7,20,2025-03-21T06:38:16+00:00,0.777512
2605,196,10,28,2025-02-15T06:46:57+00:00,0.000000
2606,1889,3,7,2025-01-19T11:05:56+00:00,0.330183
2607,4941,7,21,2025-01-18T13:00:35+00:00,0.475806
2608,4387,2,5,2025-02-04T21:34:04+00:00,1.458218
2609,2477,5,15,2025-03-15T13:09:36+00:00,0.000000
2610,2397,4,12,2025-02-19T20:39:23+00:00,0.362930
2611,1342,5,13,2025-03-21T03:48:38+00:00,0.000000
2612,3968,2,6,2025-03-02T23:43:14+00:00,1.643509
2613,1977,2,5,2025-02-14T15:35:03+00:00,0.842899
2614,3239,4,11,2025-02-09T16:27:01+00:00,0.461240
2615,4572,1,3,2025-03-09T03:45:56+00:00,1.885388
2616,2745,1,2,2025-03-13T07:07:58+00:00,0.817516
2617,4113,4,12,2025-02-12T14:34:26+00:00,0.221295
2618,592,4,12,2025-01-07T11:38:11+00:00,0.251876
2619,3835,10,29,2025-03-20T22:42:02+00:00,0.000000
2620,1001,7,21,2025-03-25T01:20:57+00:00,1.110678
2621,2923,2,6,2025-02-16T06:48:53+00:00,1.779769
2622,3773,10,29,2025-02-16T19:05:27+00:00,0.000000
2623,424,9,25,2025-03-10T07:12:47+00:00,0.000000
2624,928,3,9,2025-01-16T12:43:47+00:00,0.394476
2625,155,2,4,2025-01-28T18:20:00+00:00,0.982408
2626,200,1,2,2025-02-07T01:02:30+00:00,1.908671
2627,3026,3,9,2025-01-16T11:47:22+00:00,0.319919
2628,4625,2,6,2025-02-21T03:22:07+00:00,1.542215
2629,757,1,3,2025-03-01T15:02:40+00:00,1.762948
2630,360,1,3,2025-01-23T13:31:08+00:00,0.854369
2631,608,8,22,2025-03-21T03:30:10+00:00,0.636265
2632,342,10,28,2025-02-16T03:06:06+00:00,0.000000
2633,3417,3,7,2025-03-22T05:39:17+00:00,0.303459
2634,1732,5,13,2025-01-28T21:47:15+00:00,0.000000
2635,2978,3,9,2025-02-21T01:27:51+00:00,0.286888
2636,3782,7,19,2025-02-08T07:18:39+00:00,1.123481
2637,3037,2,6,2025-03-14T11:30:22+00:00,1.335662
2638,1671,1,2,2025-02-05T02:17:00+00:00,1.202272
2639,2614,1,1,2025-01-22T03:16:32+00:00,1.847803
2640,827,3,9,2025-02-17T22:39:16+00:00,0.469565
2641,2016,1,2,2025-02-22T02:13:25+00:00,1.375673
2642,3526,10,30,2025-01-15T08:58:25+00:00,0.000000
2643,1937,1,1,2025-01-31T13:04:01+00:00,1.784021
2644,3060,9,27,2025-03-03T20:42:50+00:00,0.000000
2645,2872,2,4,2025-01-27T21:30:54+00:00,1.871823
2646,4166,2,4,2025-02-17T16:00:48+00:00,1.207406
2647,3462,1,2,2025-03-16T14:30:28+00:00,1.743144
2648,151,7,19,2025-03-21T15:34:58+00:00,0.999693
2649,1439,4,11,2025-01-10T12:12:53+00:00,0.488895
2650,4665,1,1,2025-02-14T12:59:58+00:00,0.956378
2651,3212,1,1,2025-01-15T18:49:25+00:00,1.973636
2652,1524,2,5,2025-03-13T03:23:26+00:00,1.524389
2653,3605,7,20,2025-01-18T17:43:26+00:00,0.538724
2654,2490,6,17,2025-02-15T15:09:16+00:00,0.000000
2655,3652,4,12,2025-02-06T22:51:23+00:00,0.248314
2656,1518,7,21,2025-02-15T11:28:58+00:00,0.646953
2657,4969,6,17,2025-02-02T17:29:03+00:00,0.000000
2658,4596,3,7,2025-02-15T02:04:13+00:00,0.349945
2659,356,1,3,2025-01-26T15:42:26+00:00,1.332947
2660,2646,1,3,2025-01-20T09:58:06+00:00,1.206979
2661,4899,1,3,2025-02-02T10:12:56+00:00,1.935903
2662,3334,10,29,2025-01-18T12:05:52+00:00,0.000000
2663,512,3,8,2025-01-20T04:33:40+00:00,0.479950
2664,2211,2,6,2025-03-07T19:58:53+00:00,1.895015
2665,818,1,2,2025-03-03T14:44:33+00:00,0.816630
2666,3716,1,1,2025-01-17T12:52:07+00:00,1.459923
2667,3354,2,5,2025-02-09T03:27:41+00:00,1.293499
2668,1725,2,5,2025-01-15T15:04:26+00:00,1.697560
2669,470,3,8,2025-02-21T00:08:25+00:00,0.230701
2670,3209,9,27,2025-02-04T16:07:31+00:00,0.000000
2671,1636,3,9,2025-02-21T02:13:34+00:00,0.295972
2672,871,6,16,2025-02-21T05:35:20+00:00,0.000000
2673,692,2,4,2025-03-05T16:18:48+00:00,1.201015
2674,592,6,18,2025-01-06T17:33:16+00:00,0.000000
2675,2614,1,3,2025-01-23T10:58:11+00:00,0.978817
2676,4779,7,21,2025-02-02T03:26:32+00:00,0.430914
2677,2015,1,3,2025-03-05T08:01:08+00:00,0.843092
2678,2838,3,9,2025-03-12T22:47:23+00:00,0.258457
2679,4576,5,14,2025-03-20T23:11:03+00:00,0.000000
2680,4852,1,3,2025-03-20T18:41:44+00:00,1.223153
2681,4729,1,1,2025-03-25T09:22:44+00:00,1.585429
2682,2963,3,8,2025-03-23T03:20:09+00:00,0.188333
2683,653,1,1,2025-01-09T15:45:40+00:00,1.953669
2684,161,4,12,2025-03-02T09:43:53+00:00,0.295294
2685,2009,9,26,2025-03-20T06:26:48+00:00,0.000000
2686,2338,2,4,2025-01-12T19:03:22+00:00,1.063182
2687,455,2,5,2025-03-25T00:18:55+00:00,1.140407
2688,1688,1,2,2025-01-11T07:16:21+00:00,1.986582
2689,2490,3,9,2025-02-15T18:43:57+00:00,0.213846
2690,3599,10,29,2025-02-25T21:54:46+00:00,0.000000
2691,4991,7,19,2025-02-05T13:55:42+00:00,0.679796
2692,4970,7,19,2025-02-03T12:28:49+00:00,0.846397
2693,4685,3,8,2025-01-07T22:14:09+00:00,0.473630
2694,1783,10,28,2025-03-08T09:18:47+00:00,0.000000
2695,185,9,27,2025-01-14T21:34:14+00:00,0.000000
2696,4771,4,11,2025-01-27T11:50:04+00:00,0.403987
2697,144,2,4,2025-03-01T18:14:34+00:00,1.635712
2698,4478,10,29,2025-01-30T21:59:03+00:00,0.000000
2699,4500,1,3,2025-02-26T04:03:56+00:00,1.609214
2700,713,2,4,2025-01-23T10:51:17+00:00,1.456693
2701,1895,6,17,2025-02-15T05:37:46+00:00,0.000000
2702,2789,9,25,2025-03-26T01:45:03+00:00,0.000000
2703,1975,7,21,2025-03-24T18:27:49+00:00,0.758379
2704,1203,5,15,2025-02-18T19:35:10+00:00,0.000000
2705,1105,1,2,2025-02-07T15:26:17+00:00,1.424470
2706,1282,2,6,2025-01-17T00:09:49+00:00,1.880927
2707,3134,2,6,2025-03-14T14:50:57+00:00,1.794840
2708,2888,1,1,2025-03-15T23:03:48+00:00,1.030004
2709,764,8,23,2025-03-24T04:26:22+00:00,1.146061
2710,3225,4,10,2025-02-26T06:45:53+00:00,0.441517
2711,2241,10,28,2025-02-02T15:40:20+00:00,0.000000
2712,3330,8,24,2025-02-18T22:32:20+00:00,0.629587
2713,4447,10,30,2025-02-21T14:08:31+00:00,0.000000
2714,3208,8,22,2025-01-18T10:26:33+00:00,1.028639
2715,2344,2,4,2025-02-09T02:17:02+00:00,1.258392
2716,2841,2,4,2025-03-10T04:45:07+00:00,1.450997
2717,366,7,20,2025-03-02T08:23:15+00:00,0.597588
2718,2561,7,20,2025-03-19T06:13:52+00:00,1.100185
2719,3386,4,11,2025-02-10T01:14:22+00:00,0.344919
2720,4728,4,10,2025-03-13T15:21:26+00:00,0.344904
2721,3006,2,5,2025-03-01T11:05:26+00:00,0.815487
2722,3598,2,4,2025-03-17T21:03:37+00:00,1.146209
2723,3901,3,9,2025-03-20T14:11:26+00:00,0.326836
2724,894,6,18,2025-02-09T21:14:38+00:00,0.000000
2725,598,2,5,2025-03-03T16:47:54+00:00,0.964418
2726,125,4,10,2025-02-04T02:47:05+00:00,0.426702
2727,3137,3,8,2025-01-16T08:08:50+00:00,0.172161
2728,3536,1,2,2025-01-04T03:56:08+00:00,1.289025
2729,2317,10,28,2025-01-20T22:08:29+00:00,0.000000
2730,1066,5,14,2025-03-24T15:46:25+00:00,0.000000
2731,3561,4,12,2025-01-15T13:53:23+00:00,0.255150
2732,4350,1,2,2025-03-22T15:09:42+00:00,1.784075
2733,799,4,11,2025-03-08T22:59:39+00:00,0.388296
2734,4933,1,2,2025-02-21T20:41:54+00:00,1.656105
2735,3978,3,7,2025-03-03T03:41:29+00:00,0.479056
2736,1623,1,1,2025-03-10T04:19:04+00:00,1.393497
2737,2109,2,6,2025-02-19T19:02:40+00:00,0.829848
2738,4007,4,10,2025-01-26T21:45:56+00:00,0.282828
2739,4419,4,11,2025-03-16T10:39:53+00:00,0.488290
2740,606,2,5,2025-03-01T18:28:19+00:00,1.252020
2741,4836,6,17,2025-01-14T16:45:46+00:00,0.000000
2742,1967,4,12,2025-03-04T07:45:16+00:00,0.472323
2743,2541,3,7,2025-01-07T17:40:06+00:00,0.342189
2744,2066,2,4,2025-02-08T17:37:58+00:00,1.373386
2745,290,4,10,2025-02-02T08:13:43+00:00,0.231627
2746,4392,8,24,2025-01-03T10:58:53+00:00,0.520993
2747,3333,7,20,2025-01-29T10:54:55+00:00,0.813702
2748,890,1,3,2025-03-27T08:37:05+00:00,1.588155
2749,620,7,20,2025-02-03T04:31:01+00:00,0.643878
2750,2255,4,12,2025-01-13T13:29:48+00:00,0.452770
2751,835,1,1,2025-03-22T06:34:09+00:00,1.253129
2752,2074,3,9,2025-02-19T06:20:38+00:00,0.444830
2753,1762,6,16,2025-02-19T07:09:59+00:00,0.000000
2754,4814,1,1,2025-03-03T07:10:35+00:00,1.579378
2755,1670,4,12,2025-03-24T09:41:27+00:00,0.355485
2756,1236,10,28,2025-01-20T17:10:02+00:00,0.000000
2757,1888,4,12,2025-03-22T21:43:18+00:00,0.303264
2758,2767,2,5,2025-01-06T04:52:51+00:00,1.180808
2759,1800,1,1,2025-02-05T08:00:20+00:00,1.700405
2760,2954,5,15,2025-02-25T20:35:54+00:00,0.000000
2761,1161,7,20,2025-02-17T02:39:11+00:00,0.986880
2762,4475,3,7,2025-02-25T19:07:34+00:00,0.443937
2763,1637,4,10,2025-02-12T06:16:18+00:00,0.466571
2764,1613,8,24,2025-03-22T16:40:40+00:00,0.705970
2765,3816,2,6,2025-03-29T00:48:36+00:00,1.433636
2766,4351,2,4,2025-02-08T19:20:32+00:00,1.928520
2767,2679,7,20,2025-01-22T20:33:41+00:00,1.013769
2768,4535,10,29,2025-03-05T20:30:59+00:00,0.000000
2769,4472,7,19,2025-02-04T15:34:47+00:00,0.849698
2770,4634,9,26,2025-01-31T01:19:54+00:00,0.000000
2771,400,9,25,2025-02-27T03:27:39+00:00,0.000000
2772,4702,1,3,2025-02-19T10:02:18+00:00,0.909238
2773,3029,10,28,2025-03-13T17:26:59+00:00,0.000000
2774,4562,8,22,2025-03-20T15:24:06+00:00,1.065877
2775,1650,3,8,2025-01-11T18:02:37+00:00,0.444335
2776,2028,5,13,2025-02-27T00:24:50+00:00,0.000000
2777,2852,1,2,2025-01-19T17:43:46+00:00,1.174384
2778,1446,2,5,2025-03-09T19:06:16+00:00,1.967737
2779,3647,4,12,2025-03-26T13:18:28+00:00,0.335236
2780,1013,2,5,2025-02-13T15:53:46+00:00,0.861690
2781,4475,2,6,2025-02-24T19:18:17+00:00,1.301542
2782,4719,10,29,2025-03-02T10:30:03+00:00,0.000000
2783,850,9,25,2025-02-18T22:58:05+00:00,0.000000
2784,1394,5,13,2025-02-26T15:45:13+00:00,0.000000
2785,1267,2,4,2025-01-25T07:36:48+00:00,1.923860
2786,1095,8,24,2025-01-09T16:17:06+00:00,0.999573
2787,3239,1,2,2025-02-16T11:27:05+00:00,1.308487
2788,4561,7,19,2025-03-27T21:55:20+00:00,0.433548
2789,215,3,8,2025-03-18T11:44:44+00:00,0.361934
2790,3040,8,24,2025-03-23T15:09:35+00:00,0.912597
2791,3777,4,12,2025-01-10T01:29:25+00:00,0.349355
2792,4418,8,23,2025-03-27T20:57:15+00:00,0.906301
2793,2440,10,30,2025-01-26T23:19:08+00:00,0.000000
2794,1702,4,10,2025-03-29T12:00:39+00:00,0.214557
2795,709,1,3,2025-01-26T06:41:29+00:00,1.023312
2796,327,2,4,2025-01-12T02:37:38+00:00,1.030072
2797,4158,10,28,2025-02-11T08:58:47+00:00,0.000000
2798,293,1,2,2025-02-16T02:25:02+00:00,1.067425
2799,1103,8,24,2025-01-18T01:31:29+00:00,0.950279
2800,593,1,3,2025-02-09T01:33:29+00:00,1.674679
2801,1883,1,3,2025-01-28T18:21:00+00:00,1.324082
2802,1995,3,8,2025-01-16T04:03:36+00:00,0.179990
2803,3394,1,3,2025-01-16T02:49:05+00:00,1.750347
2804,3624,2,4,2025-03-10T09:53:47+00:00,1.776987
2805,927,4,11,2025-03-02T10:26:59+00:00,0.461850
2806,1839,2,5,2025-03-04T03:25:42+00:00,1.641528
2807,314,2,5,2025-03-18T18:56:05+00:00,0.803236
2808,4224,2,5,2025-02-24T00:38:52+00:00,1.475050
2809,3284,2,5,2025-01-16T13:12:24+00:00,0.831257
2810,4077,8,24,2025-03-25T23:27:55+00:00,0.847310
2811,3932,7,19,2025-01-26T05:04:27+00:00,0.910985
2812,3412,4,12,2025-03-14T10:01:38+00:00,0.356405
2813,1242,1,2,2025-02-10T11:28:49+00:00,1.635230
2814,2369,4,12,2025-02-09T22:46:49+00:00,0.381342
2815,1297,1,3,2025-01-28T00:17:17+00:00,1.693091
2816,2416,3,8,2025-03-12T19:27:18+00:00,0.404507
2817,3299,2,6,2025-01-20T00:28:57+00:00,1.916055
2818,4380,8,22,2025-01-13T11:19:03+00:00,0.603320
2819,2098,6,17,2025-03-11T14:45:51+00:00,0.000000
2820,2000,10,28,2025-01-10T15:18:31+00:00,0.000000
2821,3805,4,12,2025-02-05T10:57:26+00:00,0.280061
2822,675,4,11,2025-01-06T15:12:16+00:00,0.181826
2823,274,1,2,2025-01-29T18:54:18+00:00,1.428978
2824,4185,5,14,2025-03-01T02:05:09+00:00,0.000000
2825,1917,3,7,2025-02-26T19:13:05+00:00,0.490502
2826,1592,7,20,2025-03-27T22:52:54+00:00,0.402687
2827,3377,2,5,2025-02-20T14:23:41+00:00,1.421604
2828,1447,10,29,2025-02-18T15:12:41+00:00,0.000000
2829,3282,2,5,2025-03-03T08:48:40+00:00,0.847194
2830,506,1,2,2025-03-09T17:17:40+00:00,1.866334
2831,556,9,26,2025-01-09T12:25:32+00:00,0.000000
2832,365,2,5,2025-03-11T02:18:50+00:00,1.594565
2833,3122,3,8,2025-02-12T12:46:07+00:00,0.266243
2834,3106,1,2,2025-02-03T14:08:48+00:00,0.801218
2835,941,1,2,2025-02-16T15:40:44+00:00,1.042865
2836,1498,3,8,2025-03-10T20:01:42+00:00,0.207047
2837,1073,10,28,2025-03-28T15:01:25+00:00,0.000000
2838,3751,4,12,2025-02-25T05:25:55+00:00,0.201843
2839,4228,1,3,2025-02-16T03:05:28+00:00,0.842803
2840,675,8,22,2025-01-06T11:08:50+00:00,0.722478
2841,1673,1,3,2025-01-18T20:25:28+00:00,1.528632
2842,4887,3,9,2025-01-28T12:04:24+00:00,0.288089
2843,1841,1,2,2025-03-26T00:48:59+00:00,1.448412
2844,491,10,28,2025-01-22T22:17:08+00:00,0.000000
2845,1068,2,5,2025-02-04T05:43:27+00:00,1.893684
2846,3730,7,21,2025-02-05T18:45:40+00:00,1.197245
2847,1636,10,28,2025-02-22T01:48:30+00:00,0.000000
2848,2410,1,2,2025-02-26T21:14:53+00:00,1.453010
2849,2230,3,7,2025-03-25T08:10:43+00:00,0.381064
2850,344,4,10,2025-03-18T04:46:49+00:00,0.171470
2851,1621,5,13,2025-01-08T01:17:09+00:00,0.000000
2852,3188,1,2,2025-01-24T17:06:13+00:00,1.329863
2853,2163,10,28,2025-02-12T17:49:41+00:00,0.000000
2854,669,7,21,2025-02-11T14:19:40+00:00,0.798914
2855,2532,8,23,2025-01-07T19:03:18+00:00,0.561434
2856,4803,4,12,2025-02-26T09:59:05+00:00,0.495734
2857,1651,4,12,2025-03-04T06:51:42+00:00,0.192002
2858,653,5,14,2025-01-10T23:37:36+00:00,0.000000
2859,1485,10,30,2025-03-04T15:41:59+00:00,0.000000
2860,4889,3,7,2025-03-05T08:17:42+00:00,0.461875
2861,3388,2,5,2025-01-08T14:27:04+00:00,1.159409
2862,1096,7,19,2025-03-03T10:53:53+00:00,0.635165
2863,1166,3,9,2025-02-12T21:45:12+00:00,0.372613
2864,694,8,22,2025-02-16T20:12:11+00:00,0.454015
2865,3631,2,5,2025-03-09T04:15:54+00:00,0.935106
2866,4829,1,3,2025-03-18T06:13:27+00:00,1.700747
2867,2957,2,5,2025-03-17T15:34:29+00:00,1.671729
2868,4699,1,2,2025-01-28T05:32:27+00:00,1.037781
2869,3660,3,7,2025-01-24T02:10:35+00:00,0.211500
2870,4490,3,7,2025-01-26T03:29:42+00:00,0.411996
2871,3498,1,2,2025-02-08T14:40:25+00:00,1.417317
2872,1760,4,12,2025-03-18T17:57:34+00:00,0.368683
2873,4823,10,30,2025-03-25T09:29:22+00:00,0.000000
2874,3608,8,24,2025-01-16T12:44:29+00:00,1.042118
2875,3674,6,16,2025-01-10T22:00:53+00:00,0.000000
2876,2639,7,20,2025-03-14T13:49:04+00:00,0.828289
2877,2798,3,8,2025-02-28T02:54:46+00:00,0.153643
2878,411,2,6,2025-03-10T17:17:08+00:00,1.890864
2879,278,1,1,2025-03-02T05:02:35+00:00,1.443069
2880,4707,1,3,2025-02-18T23:12:48+00:00,0.936071
2881,4133,4,10,2025-02-02T06:21:44+00:00,0.453161
2882,4780,6,17,2025-03-10T17:40:05+00:00,0.000000
2883,2102,1,3,2025-01-11T03:37:25+00:00,1.417640
2884,2354,1,3,2025-03-20T14:40:04+00:00,1.542818
2885,3936,10,29,2025-02-22T09:25:21+00:00,0.000000
2886,2250,1,3,2025-02-25T02:58:09+00:00,1.694268
2887,1084,1,1,2025-03-15T05:33:14+00:00,1.778227
2888,4859,2,6,2025-02-02T10:04:15+00:00,1.067368
2889,4385,8,24,2025-02-12T12:43:31+00:00,0.884170
2890,2052,9,27,2025-02-20T17:46:29+00:00,0.000000
2891,3510,8,24,2025-03-03T09:17:02+00:00,1.000898
2892,453,1,1,2025-02-02T02:51:50+00:00,1.455565
2893,4476,3,7,2025-02-28T15:57:24+00:00,0.341630
2894,741,7,20,2025-01-07T12:26:33+00:00,0.826136
2895,4156,3,7,2025-01-29T04:24:50+00:00,0.359847
2896,3053,2,6,2025-02-06T19:18:42+00:00,1.692016
2897,4409,3,7,2025-01-19T02:29:35+00:00,0.447277
2898,1197,10,29,2025-03-04T04:47:09+00:00,0.000000
2899,2609,10,29,2025-02-21T23:09:09+00:00,0.000000
2900,3531,1,3,2025-02-09T10:07:50+00:00,1.392942
2901,4191,8,22,2025-02-24T19:23:09+00:00,0.736385
2902,1172,10,29,2025-02-19T04:25:05+00:00,0.000000
2903,675,9,27,2025-01-05T19:44:01+00:00,0.000000
2904,3612,4,11,2025-01-11T10:34:40+00:00,0.407408
2905,4964,1,3,2025-03-22T04:44:48+00:00,1.428714
2906,2556,7,20,2025-01-11T23:35:10+00:00,0.946153
2907,737,1,2,2025-02-21T01:42:43+00:00,1.754892
2908,3225,3,7,2025-03-11T16:25:16+00:00,0.154550
2909,4958,1,1,2025-01-19T23:57:24+00:00,1.181180
2910,603,6,16,2025-01-24T03:37:24+00:00,0.000000
2911,4684,10,28,2025-02-18T20:45:51+00:00,0.000000
2912,4084,2,6,2025-03-25T15:43:55+00:00,1.604274
2913,3544,4,12,2025-02-14T04:35:49+00:00,0.189003
2914,960,1,2,2025-01-22T08:01:30+00:00,1.555635
2915,2391,9,27,2025-02-05T09:08:11+00:00,0.000000
2916,2405,2,5,2025-03-01T16:09:27+00:00,1.492955
2917,4943,7,21,2025-01-27T14:44:23+00:00,0.977994
2918,1327,2,6,2025-03-20T06:05:55+00:00,1.244848
2919,4847,8,22,2025-01-16T10:27:58+00:00,0.754568
2920,3813,4,11,2025-02-23T09:24:47+00:00,0.154255
2921,1522,2,4,2025-03-24T08:35:01+00:00,0.842179
2922,3957,10,29,2025-02-05T20:40:00+00:00,0.000000
2923,4281,4,12,2025-02-21T10:58:38+00:00,0.318235
2924,3010,1,2,2025-02-23T05:42:36+00:00,1.408166
2925,3655,2,5,2025-02-13T10:01:46+00:00,1.610326
2926,2359,3,8,2025-02-22T07:00:17+00:00,0.387387
2927,904,8,22,2025-02-02T23:48:38+00:00,1.126219
2928,4661,2,4,2025-03-22T13:10:59+00:00,1.903606
2929,3740,2,5,2025-02-14T02:59:30+00:00,1.400444
2930,2283,3,8,2025-03-07T07:47:08+00:00,0.192765
2931,1540,6,17,2025-03-18T05:24:04+00:00,0.000000
2932,4693,2,5,2025-03-06T13:51:27+00:00,1.617339
2933,3275,2,5,2025-01-14T22:22:51+00:00,1.093385
2934,4083,8,23,2025-03-02T16:06:24+00:00,1.042828
2935,208,7,20,2025-01-13T14:10:17+00:00,0.926335
2936,2131,1,1,2025-01-18T13:29:57+00:00,1.736916
2937,3583,2,4,2025-01-12T09:45:31+00:00,1.319458
2938,3209,1,3,2025-02-07T21:38:56+00:00,1.321699
2939,3548,4,11,2025-03-05T07:21:11+00:00,0.213592
2940,4305,2,6,2025-02-27T10:47:50+00:00,0.944091
2941,3828,4,12,2025-02-27T13:40:05+00:00,0.286403
2942,4583,5,15,2025-02-13T20:06:23+00:00,0.000000
2943,3050,1,1,2025-01-13T23:37:11+00:00,0.848594
2944,2295,8,23,2025-02-14T04:25:55+00:00,0.430324
2945,1998,2,4,2025-03-26T05:09:06+00:00,1.112217
2946,324,5,15,2025-02-16T04:51:37+00:00,0.000000
2947,1385,1,3,2025-01-05T06:03:16+00:00,1.653514
2948,1794,3,9,2025-03-07T16:36:21+00:00,0.226079
2949,606,1,2,2025-03-10T06:59:06+00:00,1.124018
2950,317,8,22,2025-01-30T01:49:34+00:00,1.108679
2951,4071,8,22,2025-02-10T00:33:44+00:00,0.815686
2952,565,3,7,2025-02-17T05:38:16+00:00,0.315484
2953,3967,7,20,2025-03-21T15:28:23+00:00,0.930297
2954,3210,4,12,2025-03-20T20:07:20+00:00,0.339875
2955,2080,2,6,2025-02-17T11:54:48+00:00,0.968084
2956,3292,8,23,2025-01-21T06:07:22+00:00,0.692832
2957,2522,2,6,2025-01-27T05:00:34+00:00,1.249357
2958,2209,3,7,2025-01-03T12:05:17+00:00,0.231992
2959,3582,3,7,2025-02-21T00:41:23+00:00,0.282394
2960,2418,1,1,2025-03-28T04:48:41+00:00,0.882952
2961,3152,2,5,2025-01-16T18:26:04+00:00,0.982349
2962,1518,4,12,2025-02-15T15:17:02+00:00,0.182040
2963,2362,1,2,2025-02-05T03:52:55+00:00,1.969605
2964,3278,3,7,2025-02-20T00:21:06+00:00,0.371192
2965,1807,2,4,2025-02-19T01:46:05+00:00,1.231894
2966,4025,1,3,2025-01-12T01:39:21+00:00,1.781946
2967,123,7,21,2025-02-27T09:45:30+00:00,0.537120
2968,1469,7,20,2025-02-18T14:33:13+00:00,0.536485
2969,2215,3,8,2025-03-25T17:55:40+00:00,0.384550
2970,3095,2,4,2025-02-16T17:06:35+00:00,1.103882
2971,1764,10,30,2025-01-22T05:51:28+00:00,0.000000
2972,2541,3,9,2025-01-08T21:01:13+00:00,0.224458
2973,2834,5,15,2025-01-09T20:45:06+00:00,0.000000
2974,3823,2,6,2025-03-22T08:49:11+00:00,1.557010
2975,4533,2,6,2025-02-28T08:45:35+00:00,1.835702
2976,2278,1,3,2025-03-20T03:00:27+00:00,1.384941
2977,4129,2,4,2025-01-12T04:12:39+00:00,1.267995
2978,631,1,1,2025-02-22T03:47:35+00:00,0.848949
2979,3902,5,13,2025-02-09T21:58:20+00:00,0.000000
2980,3143,2,5,2025-03-20T15:18:24+00:00,1.912935
2981,714,1,3,2025-02-01T18:15:46+00:00,1.327985
2982,2316,1,3,2025-03-26T15:30:53+00:00,1.570571
2983,2346,2,4,2025-03-24T08:14:29+00:00,1.925493
2984,642,7,20,2025-03-12T23:01:12+00:00,1.038969
2985,4720,9,25,2025-01-01T23:24:12+00:00,0.000000
2986,2389,9,27,2025-03-13T03:47:05+00:00,0.000000
2987,4065,1,2,2025-02-20T16:10:40+00:00,1.182438
2988,2619,4,12,2025-01-16T20:28:36+00:00,0.267569
2989,3394,3,8,2025-01-13T23:31:07+00:00,0.296811
2990,3441,2,4,2025-02-06T00:25:30+00:00,0.830768
2991,3565,3,9,2025-01-07T21:20:54+00:00,0.294866
2992,2990,6,16,2025-02-20T02:24:38+00:00,0.000000
2993,2489,8,22,2025-02-07T04:24:46+00:00,0.418305
2994,3774,8,22,2025-01-05T10:35:00+00:00,1.059969
2995,4031,2,4,2025-02-18T13:23:59+00:00,1.340782
2996,1122,2,4,2025-01-31T09:00:31+00:00,1.211523
2997,4421,1,3,2025-03-02T23:45:54+00:00,1.424497
2998,3528,4,10,2025-02-10T00:16:13+00:00,0.429681
2999,4259,1,2,2025-02-13T05:43:35+00:00,1.869759
3000,3699,5,15,2025-01-11T05:05:41+00:00,0.000000
3001,2095,2,5,2025-02-18T05:47:27+00:00,0.997962
3002,914,1,2,2025-03-13T03:49:35+00:00,1.415833
3003,273,7,19,2025-03-17T11:50:45+00:00,1.116893
3004,1785,3,8,2025-02-09T09:39:20+00:00,0.285128
3005,3939,1,2,2025-03-07T07:58:14+00:00,1.626811
3006,3707,1,3,2025-03-29T02:46:12+00:00,1.151505
3007,3901,1,1,2025-03-13T01:54:07+00:00,1.486032
3008,1915,9,25,2025-03-01T22:45:00+00:00,0.000000
3009,4867,3,7,2025-02-10T12:54:55+00:00,0.465761
3010,543,10,29,2025-01-06T04:10:23+00:00,0.000000
3011,3689,7,21,2025-02-12T08:50:45+00:00,0.578177
3012,2354,4,11,2025-03-27T02:21:14+00:00,0.424215
3013,2195,2,5,2025-01-15T21:25:12+00:00,1.077509
3014,1969,1,3,2025-02-22T14:21:57+00:00,0.814310
3015,688,3,7,2025-01-28T14:46:56+00:00,0.364791
3016,3615,2,4,2025-03-07T15:44:12+00:00,1.767606
3017,3734,3,9,2025-03-20T21:57:46+00:00,0.210839
3018,4849,1,3,2025-01-30T00:49:33+00:00,1.067539
3019,3884,1,3,2025-01-21T18:03:54+00:00,1.715627
3020,3331,4,11,2025-01-15T20:20:56+00:00,0.188357
3021,2705,3,9,2025-02-02T03:26:33+00:00,0.266941
3022,2834,8,23,2025-01-11T06:40:51+00:00,0.997551
3023,4664,3,7,2025-01-27T01:58:44+00:00,0.238728
3024,2728,10,29,2025-01-17T00:54:35+00:00,0.000000
3025,4716,2,4,2025-01-25T23:15:07+00:00,1.718361
3026,1914,2,4,2025-03-06T11:56:56+00:00,0.911429
3027,3440,2,4,2025-03-05T14:46:52+00:00,1.843176
3028,841,1,2,2025-02-11T19:13:31+00:00,1.571819
3029,342,2,4,2025-02-16T17:25:13+00:00,1.315820
3030,867,4,11,2025-01-17T13:08:30+00:00,0.401773
3031,324,1,3,2025-02-19T01:24:48+00:00,1.897015
3032,4450,1,3,2025-01-14T07:03:14+00:00,1.614140
3033,1394,8,22,2025-03-13T16:32:15+00:00,0.565133
3034,2786,3,9,2025-03-28T03:30:58+00:00,0.262354
3035,532,4,12,2025-02-22T06:20:46+00:00,0.470940
3036,1301,3,8,2025-03-13T10:53:05+00:00,0.189593
3037,1430,3,9,2025-01-14T11:31:59+00:00,0.221486
3038,3976,2,4,2025-02-01T00:27:14+00:00,1.860568
3039,265,2,4,2025-01-21T09:11:22+00:00,1.100145
3040,4885,3,9,2025-03-05T18:42:49+00:00,0.284374
3041,3254,2,5,2025-01-15T22:54:22+00:00,0.905432
3042,1600,4,12,2025-03-19T22:00:34+00:00,0.444761
3043,2780,9,27,2025-03-24T18:48:52+00:00,0.000000
3044,3390,3,7,2025-02-08T00:53:57+00:00,0.224502
3045,2708,3,9,2025-03-13T17:31:05+00:00,0.420573
3046,3870,6,18,2025-01-18T00:29:43+00:00,0.000000
3047,180,7,21,2025-02-10T15:12:35+00:00,0.516449
3048,442,2,6,2025-02-25T16:03:47+00:00,1.234224
3049,914,3,9,2025-03-13T08:17:04+00:00,0.229371
3050,3412,1,2,2025-03-28T20:34:51+00:00,1.673850
3051,2864,1,3,2025-01-24T18:50:46+00:00,1.704745
3052,2617,1,2,2025-01-15T02:22:20+00:00,1.573682
3053,672,3,7,2025-01-11T12:01:31+00:00,0.485034
3054,3281,2,6,2025-03-08T02:41:19+00:00,1.406773
3055,4171,1,2,2025-03-08T13:28:44+00:00,1.443089
3056,397,2,5,2025-02-20T00:16:14+00:00,1.136166
3057,4010,2,4,2025-02-08T01:49:58+00:00,0.830744
3058,1477,3,9,2025-02-13T11:12:07+00:00,0.494576
3059,702,4,11,2025-02-21T07:25:59+00:00,0.303270
3060,2187,3,7,2025-02-19T09:44:13+00:00,0.388586
3061,3707,5,13,2025-03-20T02:33:11+00:00,0.000000
3062,949,4,10,2025-01-16T12:52:27+00:00,0.393816
3063,1741,2,4,2025-02-12T22:08:36+00:00,1.157528
3064,3449,2,4,2025-02-09T10:19:50+00:00,1.555346
3065,1673,4,10,2025-01-25T05:55:19+00:00,0.440814
3066,4690,8,23,2025-01-13T23:01:36+00:00,0.858896
3067,2516,2,6,2025-01-12T18:57:43+00:00,1.726779
3068,3838,4,11,2025-03-02T22:48:33+00:00,0.316771
3069,3214,4,12,2025-03-19T14:12:17+00:00,0.282740
3070,4055,9,26,2025-03-16T04:13:18+00:00,0.000000
3071,1901,10,28,2025-03-04T17:36:58+00:00,0.000000
3072,3221,4,12,2025-01-13T16:05:03+00:00,0.175947
3073,2013,3,7,2025-02-11T16:40:44+00:00,0.396531
3074,244,10,30,2025-03-21T17:01:38+00:00,0.000000
3075,1178,2,6,2025-01-16T14:55:39+00:00,1.026663
3076,1931,4,11,2025-02-20T21:37:08+00:00,0.254415
3077,4588,3,9,2025-01-24T21:27:12+00:00,0.465867
3078,2841,1,2,2025-03-09T19:56:02+00:00,1.205302
3079,2789,10,30,2025-03-26T02:36:56+00:00,0.000000
3080,1934,3,8,2025-02-18T05:16:41+00:00,0.192650
3081,197,10,28,2025-01-22T06:49:25+00:00,0.000000
3082,3152,3,9,2025-01-25T10:37:16+00:00,0.242313
3083,1554,9,27,2025-02-16T08:47:46+00:00,0.000000
3084,1559,4,10,2025-01-14T05:35:19+00:00,0.431101
3085,2562,4,11,2025-02-09T21:44:01+00:00,0.296888
3086,3392,2,4,2025-01-08T14:02:25+00:00,1.597784
3087,1509,10,28,2025-03-27T14:52:13+00:00,0.000000
3088,1792,2,4,2025-03-18T15:20:25+00:00,1.786616
3089,1296,2,5,2025-03-25T00:24:05+00:00,1.000026
3090,2617,8,24,2025-01-11T19:06:52+00:00,0.546813
3091,3364,4,12,2025-02-18T15:59:29+00:00,0.219375
3092,821,1,2,2025-03-17T02:02:26+00:00,1.716227
3093,3645,4,10,2025-01-10T06:36:35+00:00,0.437773
3094,2853,6,16,2025-03-05T13:01:45+00:00,0.000000
3095,2563,5,13,2025-01-25T19:38:00+00:00,0.000000
3096,1012,1,3,2025-01-16T16:12:10+00:00,1.171312
3097,4138,2,4,2025-01-03T23:54:31+00:00,1.127791
3098,380,6,17,2025-03-21T20:48:41+00:00,0.000000
3099,4513,3,7,2025-01-26T23:00:21+00:00,0.258766
3100,4437,2,6,2025-03-25T05:15:36+00:00,1.401712
3101,1047,1,3,2025-03-10T20:50:12+00:00,0.835803
3102,1601,7,21,2025-01-26T20:28:33+00:00,0.614058
3103,3987,2,4,2025-01-16T10:35:04+00:00,1.361963
3104,567,4,10,2025-03-23T07:27:18+00:00,0.494262
3105,4838,1,2,2025-03-25T10:25:26+00:00,1.028833
3106,2891,1,2,2025-03-18T06:26:04+00:00,1.211493
3107,3599,1,2,2025-03-06T19:25:18+00:00,1.552393
3108,342,10,30,2025-02-16T07:19:00+00:00,0.000000
3109,2646,4,12,2025-01-19T05:25:40+00:00,0.188861
3110,3066,2,5,2025-03-03T20:31:25+00:00,1.282672
3111,1430,2,6,2025-01-15T18:50:39+00:00,0.992629
3112,4313,10,28,2025-03-21T20:48:11+00:00,0.000000
3113,1753,2,4,2025-02-28T19:18:17+00:00,1.736167
3114,1786,7,20,2025-02-28T12:14:51+00:00,0.433430
3115,249,8,22,2025-02-08T08:58:57+00:00,0.884904
3116,4512,3,8,2025-02-14T13:19:32+00:00,0.198108
3117,4099,3,8,2025-02-04T02:59:50+00:00,0.277873
3118,2607,8,23,2025-01-08T07:18:19+00:00,1.195850
3119,1777,4,11,2025-01-20T19:05:09+00:00,0.487167
3120,4460,1,2,2025-03-27T05:53:37+00:00,1.201917
3121,122,4,12,2025-02-02T02:07:15+00:00,0.474707
3122,2259,5,15,2025-03-23T11:04:07+00:00,0.000000
3123,839,7,21,2025-02-24T22:49:00+00:00,1.048597
3124,4409,4,12,2025-01-19T13:42:33+00:00,0.408059
3125,1688,4,12,2025-01-05T12:38:45+00:00,0.489891
3126,776,1,1,2025-02-24T00:02:54+00:00,1.867293
3127,4258,1,2,2025-03-18T17:07:05+00:00,1.342450
3128,414,1,3,2025-02-19T13:39:39+00:00,1.448172
3129,1318,9,27,2025-03-09T11:23:43+00:00,0.000000
3130,4594,4,12,2025-03-17T07:47:34+00:00,0.189234
3131,3741,2,5,2025-02-06T14:04:34+00:00,1.294978
3132,1464,8,24,2025-01-29T07:11:24+00:00,1.026406
3133,1726,4,11,2025-01-17T03:44:49+00:00,0.327217
3134,4641,5,15,2025-02-02T11:36:51+00:00,0.000000
3135,4967,4,12,2025-02-23T15:08:07+00:00,0.451106
3136,3366,4,10,2025-02-28T15:32:36+00:00,0.205701
3137,2317,1,2,2025-01-18T18:45:57+00:00,1.704193
3138,3922,4,10,2025-01-12T17:39:04+00:00,0.379411
3139,2279,1,3,2025-01-16T06:31:39+00:00,1.037097
3140,557,4,10,2025-02-17T17:53:25+00:00,0.488897
3141,3790,3,7,2025-01-12T09:51:18+00:00,0.436752
3142,2691,1,3,2025-02-13T05:43:17+00:00,1.154578
3143,4634,7,21,2025-01-31T12:03:25+00:00,0.865999
3144,1087,1,3,2025-02-04T11:30:35+00:00,0.821000
3145,2386,3,8,2025-02-14T08:59:03+00:00,0.235591
3146,4240,8,23,2025-01-17T19:34:45+00:00,0.875952
3147,969,1,3,2025-01-18T06:23:11+00:00,1.175627
3148,246,1,1,2025-02-27T02:56:27+00:00,1.423322
3149,1826,4,12,2025-01-24T16:56:07+00:00,0.373179
3150,3655,4,10,2025-02-12T14:41:24+00:00,0.256523
3151,2764,2,4,2025-03-03T19:12:53+00:00,0.959305
3152,2408,2,5,2025-03-13T12:54:41+00:00,1.445985
3153,2221,1,2,2025-03-20T07:50:33+00:00,0.954033
3154,2456,5,14,2025-02-09T12:31:49+00:00,0.000000
3155,3961,4,10,2025-01-19T01:22:23+00:00,0.234358
3156,778,2,5,2025-03-12T01:37:01+00:00,1.286348
3157,2301,3,8,2025-03-29T05:51:30+00:00,0.208759
3158,3493,3,9,2025-03-15T16:31:02+00:00,0.492808
3159,1448,2,4,2025-02-10T13:56:45+00:00,1.330090
3160,2600,10,30,2025-02-12T06:36:44+00:00,0.000000
3161,3724,1,1,2025-01-31T15:52:43+00:00,1.515622
3162,113,6,17,2025-01-08T16:00:45+00:00,0.000000
3163,433,10,28,2025-01-22T19:44:59+00:00,0.000000
3164,3741,5,15,2025-02-08T10:44:42+00:00,0.000000
3165,1087,4,12,2025-02-04T08:35:05+00:00,0.226338
3166,4826,2,5,2025-03-12T17:25:21+00:00,1.168083
3167,4412,1,3,2025-03-08T13:35:00+00:00,1.605249
3168,4230,4,11,2025-01-22T11:21:12+00:00,0.496275
3169,3415,4,12,2025-01-31T17:17:36+00:00,0.250782
3170,4702,3,7,2025-02-22T22:32:56+00:00,0.317534
3171,1559,7,19,2025-01-13T08:03:17+00:00,0.514438
3172,4834,3,9,2025-03-17T12:15:17+00:00,0.387922
3173,474,3,7,2025-03-29T10:46:18+00:00,0.404562
3174,1339,4,10,2025-03-05T04:19:56+00:00,0.190358
3175,3713,4,10,2025-01-22T07:43:59+00:00,0.316277
3176,2892,8,22,2025-03-13T04:04:47+00:00,1.120425
3177,2316,6,16,2025-03-27T18:10:43+00:00,0.000000
3178,4929,4,12,2025-03-22T11:06:12+00:00,0.361961
3179,2310,4,10,2025-03-17T18:43:58+00:00,0.207736
3180,3161,4,10,2025-01-27T17:42:55+00:00,0.157895
3181,4974,9,27,2025-03-08T04:11:56+00:00,0.000000
3182,3666,7,19,2025-02-18T10:56:41+00:00,0.927053
3183,776,3,7,2025-03-01T16:17:42+00:00,0.248956
3184,1364,1,2,2025-03-10T20:11:45+00:00,0.887186
3185,3192,9,25,2025-01-08T14:48:15+00:00,0.000000
3186,1004,2,6,2025-03-18T12:57:43+00:00,1.601261
3187,1722,7,19,2025-01-18T03:39:05+00:00,0.827542
3188,3832,5,14,2025-01-24T16:33:18+00:00,0.000000
3189,2487,5,15,2025-02-21T20:39:29+00:00,0.000000
3190,2691,9,27,2025-02-11T16:35:40+00:00,0.000000
3191,2462,2,5,2025-03-28T14:15:39+00:00,1.867184
3192,1224,1,2,2025-03-15T02:16:30+00:00,1.647576
3193,4145,4,10,2025-02-10T21:06:41+00:00,0.293356
3194,3713,2,6,2025-02-05T23:31:09+00:00,1.806904
3195,1853,7,21,2025-02-21T06:56:45+00:00,1.088446
3196,312,4,12,2025-01-09T15:00:45+00:00,0.218981
3197,2031,8,23,2025-02-15T09:42:17+00:00,0.607300
3198,799,8,24,2025-03-09T19:55:19+00:00,0.802450
3199,4524,5,14,2025-03-02T20:21:46+00:00,0.000000
3200,4026,7,21,2025-01-14T03:29:26+00:00,0.916827
3201,3605,9,27,2025-01-14T13:57:51+00:00,0.000000
3202,1878,1,3,2025-01-27T11:51:11+00:00,1.296556
3203,1521,7,21,2025-03-10T09:44:48+00:00,0.988286
3204,736,1,1,2025-03-27T13:21:39+00:00,1.347160
3205,187,9,26,2025-03-23T10:55:09+00:00,0.000000
3206,4806,2,5,2025-02-11T09:35:21+00:00,1.522141
3207,3516,2,6,2025-03-19T14:35:28+00:00,1.838570
3208,1746,8,22,2025-01-15T03:45:45+00:00,0.632425
3209,3691,3,9,2025-01-07T04:33:09+00:00,0.377196
3210,3630,1,3,2025-03-12T15:06:46+00:00,1.842155
3211,581,8,23,2025-03-23T10:27:00+00:00,0.808227
3212,2037,3,9,2025-03-16T03:19:55+00:00,0.255186
3213,4050,4,12,2025-02-03T05:56:32+00:00,0.422751
3214,3514,8,22,2025-03-21T06:32:29+00:00,1.188363
3215,4590,4,10,2025-03-16T15:42:04+00:00,0.166209
3216,4992,2,5,2025-02-03T14:47:05+00:00,1.563657
3217,4992,2,5,2025-02-04T17:04:18+00:00,1.176995
3218,2378,1,2,2025-03-07T05:55:56+00:00,1.175470
3219,2656,2,5,2025-03-17T21:28:35+00:00,1.735489
3220,3058,1,1,2025-01-20T13:53:19+00:00,0.954310
3221,2717,5,13,2025-03-25T05:06:32+00:00,0.000000
3222,2613,7,19,2025-01-10T20:47:10+00:00,0.419509
3223,1788,1,2,2025-02-14T16:06:08+00:00,0.908034
3224,2255,3,7,2025-01-18T03:20:55+00:00,0.218577
3225,350,2,5,2025-02-26T11:31:33+00:00,1.721098
3226,2187,1,3,2025-02-19T10:00:12+00:00,1.001836
3227,668,8,24,2025-03-06T21:46:27+00:00,0.431921
3228,4988,4,10,2025-01-04T07:00:48+00:00,0.264889
3229,2164,2,4,2025-02-22T09:03:40+00:00,1.930574
3230,3265,3,7,2025-03-24T03:57:59+00:00,0.195802
3231,1371,7,20,2025-03-18T14:13:34+00:00,0.944775
3232,2158,10,30,2025-01-15T00:49:07+00:00,0.000000
3233,2424,4,10,2025-03-02T15:50:41+00:00,0.302461
3234,2752,7,21,2025-02-05T16:13:03+00:00,0.555319
3235,2526,2,5,2025-03-14T12:31:03+00:00,1.443728
3236,3439,3,8,2025-03-25T04:28:42+00:00,0.152013
3237,535,2,5,2025-01-06T12:19:51+00:00,1.761737
3238,4790,1,2,2025-02-25T09:49:14+00:00,0.839532
3239,930,4,11,2025-01-20T07:43:32+00:00,0.323134
3240,4213,3,9,2025-01-05T23:01:30+00:00,0.387767
3241,2488,1,1,2025-03-24T16:08:46+00:00,0.947155
3242,685,1,3,2025-02-06T19:46:07+00:00,1.581878
3243,2783,7,20,2025-03-23T14:26:16+00:00,0.424571
3244,3756,9,25,2025-02-13T02:08:11+00:00,0.000000
3245,4666,3,9,2025-01-14T18:37:24+00:00,0.264554
3246,1418,2,6,2025-02-04T18:22:43+00:00,1.860149
3247,1387,4,11,2025-01-12T02:20:31+00:00,0.378763
3248,1165,2,5,2025-02-22T15:56:23+00:00,1.225265
3249,2058,10,29,2025-02-06T10:48:52+00:00,0.000000
3250,1463,9,25,2025-01-03T04:26:18+00:00,0.000000
3251,2796,4,12,2025-01-31T14:02:04+00:00,0.401037
3252,1172,2,5,2025-02-24T09:02:05+00:00,1.143648
3253,372,1,2,2025-02-08T13:19:50+00:00,1.670639
3254,1626,7,19,2025-01-25T07:28:26+00:00,0.699883
3255,1809,3,7,2025-03-25T21:31:20+00:00,0.275604
3256,4415,1,2,2025-02-12T04:12:18+00:00,1.919259
3257,2628,1,3,2025-02-20T00:23:20+00:00,0.856668
3258,3813,2,4,2025-02-19T13:30:41+00:00,1.760152
3259,1448,2,5,2025-02-17T07:31:01+00:00,1.267140
3260,3385,1,3,2025-03-29T02:17:46+00:00,1.963229
3261,2845,9,25,2025-03-10T12:55:16+00:00,0.000000
3262,1883,10,28,2025-01-28T12:30:02+00:00,0.000000
3263,2139,9,26,2025-02-20T20:09:17+00:00,0.000000
3264,2249,9,25,2025-02-05T03:58:36+00:00,0.000000
3265,1467,3,9,2025-01-11T07:09:10+00:00,0.231636
3266,4799,3,8,2025-03-18T07:23:07+00:00,0.367426
3267,4098,7,20,2025-01-18T17:36:21+00:00,0.549945
3268,2116,3,8,2025-02-07T13:21:42+00:00,0.457590
3269,3165,1,1,2025-01-13T15:08:07+00:00,1.716904
3270,680,7,19,2025-02-15T14:14:55+00:00,0.813465
3271,3879,2,6,2025-02-28T15:35:44+00:00,0.996683
3272,3093,4,10,2025-01-14T13:55:25+00:00,0.191422
3273,2501,2,5,2025-01-25T16:45:11+00:00,1.953164
3274,3112,3,9,2025-02-15T14:02:30+00:00,0.179499
3275,2990,4,12,2025-02-23T12:49:54+00:00,0.154467
3276,1874,8,23,2025-01-17T16:58:02+00:00,0.487919
3277,4859,7,19,2025-01-31T09:30:38+00:00,0.588023
3278,786,2,5,2025-02-26T12:00:37+00:00,1.567423
3279,2204,2,6,2025-02-01T07:23:25+00:00,1.567472
3280,3438,7,21,2025-01-29T19:06:54+00:00,1.199493
3281,632,10,30,2025-02-01T19:16:51+00:00,0.000000
3282,968,2,6,2025-03-20T18:33:36+00:00,1.757197
3283,4620,10,29,2025-03-11T15:02:45+00:00,0.000000
3284,1121,10,28,2025-02-24T09:42:56+00:00,0.000000
3285,266,3,9,2025-01-21T20:24:47+00:00,0.263705
3286,2641,3,7,2025-02-01T22:36:14+00:00,0.492220
3287,3730,1,2,2025-02-06T14:30:44+00:00,1.582671
3288,4895,6,17,2025-03-22T17:03:58+00:00,0.000000
3289,731,10,30,2025-03-20T07:32:26+00:00,0.000000
3290,4733,2,6,2025-02-26T12:03:49+00:00,0.927355
3291,4602,5,14,2025-01-04T18:52:57+00:00,0.000000
3292,4293,2,5,2025-02-16T00:35:29+00:00,1.912882
3293,2794,8,24,2025-01-28T12:01:04+00:00,0.440266
3294,2177,5,15,2025-02-18T20:39:31+00:00,0.000000
3295,4899,1,2,2025-02-02T22:54:45+00:00,1.632173
3296,797,9,27,2025-03-06T07:55:27+00:00,0.000000
3297,526,1,1,2025-02-03T09:13:09+00:00,0.816256
3298,4980,2,4,2025-02-02T07:26:43+00:00,1.104380
3299,4244,6,18,2025-03-16T08:30:34+00:00,0.000000
3300,4033,2,5,2025-02-13T09:35:58+00:00,1.163084
3301,1434,2,6,2025-03-26T06:30:53+00:00,1.392766
3302,2602,10,28,2025-02-19T23:27:36+00:00,0.000000
3303,1280,2,4,2025-01-10T22:58:25+00:00,1.693514
3304,2798,8,22,2025-02-27T16:39:14+00:00,0.435043
3305,2696,3,9,2025-03-18T04:34:25+00:00,0.309648
3306,2519,1,1,2025-02-05T04:33:59+00:00,1.168469
3307,3431,4,12,2025-02-11T17:25:54+00:00,0.441942
3308,4316,2,5,2025-02-23T10:13:01+00:00,0.954762
3309,1761,1,3,2025-03-24T02:59:06+00:00,0.982101
3310,4033,4,12,2025-02-12T03:15:25+00:00,0.174196
3311,4232,5,15,2025-01-14T09:12:41+00:00,0.000000
3312,3535,10,29,2025-02-23T02:30:14+00:00,0.000000
3313,3808,10,30,2025-01-22T06:28:54+00:00,0.000000
3314,2793,2,5,2025-01-14T11:34:12+00:00,1.081631
3315,4786,1,3,2025-01-19T22:53:20+00:00,1.214584
3316,143,1,3,2025-03-17T09:32:59+00:00,1.225404
3317,3289,4,11,2025-03-11T12:49:29+00:00,0.474019
3318,4596,1,3,2025-02-14T23:20:50+00:00,1.691914
3319,1475,1,3,2025-01-21T23:13:02+00:00,0.893741
3320,4318,2,4,2025-03-24T22:34:51+00:00,1.785966
3321,1952,10,28,2025-01-24T01:54:13+00:00,0.000000
3322,1859,7,19,2025-01-14T11:33:58+00:00,0.607364
3323,2372,10,29,2025-03-02T07:07:36+00:00,0.000000
3324,1226,8,24,2025-02-19T23:48:14+00:00,0.698053
3325,515,3,9,2025-03-18T11:48:56+00:00,0.170961
3326,3545,1,1,2025-01-06T04:50:53+00:00,1.600126
3327,1083,10,29,2025-02-26T00:18:05+00:00,0.000000
3328,4675,10,30,2025-02-24T07:45:07+00:00,0.000000
3329,711,1,1,2025-02-27T16:03:40+00:00,1.366843
3330,4508,8,24,2025-03-17T05:22:21+00:00,0.879631
3331,4782,1,3,2025-02-19T11:08:56+00:00,1.164035
3332,3489,3,9,2025-01-12T03:39:35+00:00,0.257421
3333,4732,2,4,2025-01-30T21:27:29+00:00,1.907495
3334,3142,2,5,2025-02-26T05:54:30+00:00,1.562117
3335,3878,2,6,2025-01-31T01:26:39+00:00,0.800191
3336,2478,9,25,2025-01-05T14:02:42+00:00,0.000000
3337,4780,8,22,2025-03-10T00:34:39+00:00,0.454399
3338,636,4,11,2025-02-01T22:55:59+00:00,0.320783
3339,4802,7,19,2025-02-02T17:26:48+00:00,0.757907
3340,3101,8,24,2025-01-29T20:00:07+00:00,0.524244
3341,3688,2,5,2025-03-14T05:56:02+00:00,1.480762
3342,3356,9,25,2025-02-10T01:03:39+00:00,0.000000
3343,3169,2,5,2025-03-07T08:06:14+00:00,1.652079
3344,2611,1,3,2025-02-21T11:14:20+00:00,0.818054
3345,2093,4,12,2025-03-28T00:44:19+00:00,0.209050
3346,2322,1,2,2025-01-19T01:28:53+00:00,1.729104
3347,3476,8,22,2025-01-11T01:15:35+00:00,1.147192
3348,1383,2,6,2025-01-24T06:46:23+00:00,1.956247
3349,3090,2,5,2025-03-06T02:43:46+00:00,1.572954
3350,4547,7,19,2025-03-26T05:24:58+00:00,0.737991
3351,881,1,3,2025-01-18T19:43:30+00:00,1.385502
3352,2354,4,11,2025-03-19T02:11:45+00:00,0.224823
3353,1100,8,24,2025-03-07T15:36:09+00:00,0.832943
3354,345,4,12,2025-03-03T18:50:33+00:00,0.207306
3355,3973,7,21,2025-02-21T03:45:00+00:00,0.495178
3356,905,6,18,2025-01-11T00:03:08+00:00,0.000000
3357,3151,7,20,2025-01-31T04:50:42+00:00,1.012441
3358,857,1,1,2025-03-20T05:58:50+00:00,1.075054
3359,4213,4,12,2025-01-07T14:25:45+00:00,0.382585
3360,3093,1,1,2025-01-16T07:29:32+00:00,1.672423
3361,364,4,11,2025-02-20T20:39:57+00:00,0.170290
3362,717,2,5,2025-02-14T20:37:04+00:00,1.181746
3363,4175,5,15,2025-03-08T17:34:37+00:00,0.000000
3364,3112,4,12,2025-02-08T01:15:02+00:00,0.313101
3365,2026,1,3,2025-01-10T14:04:26+00:00,1.854203
3366,781,8,23,2025-03-27T16:12:07+00:00,0.992084
3367,664,8,23,2025-02-18T01:12:13+00:00,0.810328
3368,2643,2,6,2025-03-09T23:55:10+00:00,1.497744
3369,1734,3,7,2025-02-05T13:34:03+00:00,0.408943
3370,2783,4,11,2025-03-23T19:04:52+00:00,0.276672
3371,900,6,18,2025-01-19T03:45:12+00:00,0.000000
3372,4274,4,11,2025-02-28T22:46:46+00:00,0.493064
3373,2426,4,11,2025-03-24T15:25:30+00:00,0.478947
3374,3314,6,17,2025-03-14T04:16:21+00:00,0.000000
3375,4656,2,4,2025-02-19T15:34:39+00:00,0.876621
3376,4407,8,22,2025-02-15T17:54:40+00:00,0.837656
3377,1129,3,7,2025-03-16T18:58:54+00:00,0.450045
3378,4171,4,10,2025-03-06T19:38:46+00:00,0.188677
3379,2587,4,11,2025-03-26T15:24:37+00:00,0.277505
3380,570,3,8,2025-02-25T17:08:20+00:00,0.232962
3381,1533,4,12,2025-01-08T08:45:43+00:00,0.371550
3382,1023,8,23,2025-03-19T22:26:23+00:00,1.048335
3383,4670,3,9,2025-03-09T23:24:29+00:00,0.215949
3384,2403,4,12,2025-02-07T23:29:20+00:00,0.208243
3385,228,4,12,2025-01-27T15:05:13+00:00,0.285624
3386,2707,1,1,2025-03-20T15:48:58+00:00,1.231567
3387,4162,4,10,2025-03-10T17:31:04+00:00,0.382549
3388,640,1,2,2025-03-14T18:37:12+00:00,1.097422
3389,4630,7,20,2025-01-12T16:57:40+00:00,0.829902
3390,1404,3,8,2025-02-02T06:02:36+00:00,0.164963
3391,1478,1,2,2025-03-09T17:50:42+00:00,1.697318
3392,2566,3,7,2025-03-27T08:19:25+00:00,0.252600
3393,183,1,2,2025-03-09T05:21:08+00:00,1.432225
3394,4247,5,15,2025-01-08T16:02:49+00:00,0.000000
3395,4682,2,6,2025-03-02T01:03:56+00:00,1.509403
3396,3098,3,7,2025-01-14T15:38:28+00:00,0.292805
3397,2763,6,18,2025-03-29T05:36:21+00:00,0.000000
3398,2375,2,4,2025-03-22T18:56:30+00:00,1.659443
3399,2493,2,4,2025-01-02T09:09:26+00:00,0.954524
3400,1208,8,22,2025-01-29T08:42:53+00:00,0.818759
3401,2362,3,7,2025-02-08T19:25:06+00:00,0.451382
3402,2315,1,3,2025-02-14T21:46:37+00:00,1.878898
3403,3943,6,18,2025-02-13T12:26:02+00:00,0.000000
3404,3874,7,21,2025-01-05T17:34:44+00:00,0.998277
3405,4827,1,1,2025-02-14T12:28:08+00:00,1.491080
3406,2403,1,2,2025-02-08T15:47:28+00:00,1.329267
3407,2124,2,4,2025-02-02T05:30:05+00:00,1.036924
3408,1212,2,4,2025-01-18T22:40:25+00:00,0.976323
3409,1875,4,10,2025-02-19T21:04:21+00:00,0.418925
3410,4321,7,21,2025-03-19T19:16:10+00:00,0.471746
3411,4234,1,1,2025-01-03T19:04:30+00:00,1.487724
3412,4429,8,22,2025-02-03T22:48:55+00:00,1.119609
3413,646,2,6,2025-02-06T03:48:10+00:00,1.749686
3414,1969,6,18,2025-02-19T23:08:58+00:00,0.000000
3415,3966,1,3,2025-02-05T03:31:18+00:00,0.935271
3416,964,5,14,2025-02-26T18:50:22+00:00,0.000000
3417,4833,4,12,2025-02-03T18:58:37+00:00,0.459521
3418,3768,3,7,2025-02-07T12:31:47+00:00,0.366764
3419,3602,5,13,2025-01-26T09:27:12+00:00,0.000000
3420,976,5,14,2025-01-15T19:43:02+00:00,0.000000
3421,430,8,24,2025-03-24T15:30:58+00:00,0.742225
3422,220,1,1,2025-03-01T05:09:08+00:00,1.880817
3423,2333,4,10,2025-03-05T12:00:32+00:00,0.395541
3424,3709,2,5,2025-03-12T09:12:23+00:00,1.154487
3425,3458,10,28,2025-01-14T13:08:55+00:00,0.000000
3426,827,1,3,2025-02-18T17:06:31+00:00,1.698373
3427,114,2,5,2025-03-23T03:25:17+00:00,1.450645
3428,167,7,21,2025-03-03T18:41:52+00:00,0.693022
3429,473,10,29,2025-02-26T07:53:36+00:00,0.000000
3430,539,1,3,2025-01-18T00:12:19+00:00,1.461115
3431,3459,7,21,2025-01-12T22:02:36+00:00,0.560183
3432,2204,9,25,2025-01-29T06:45:32+00:00,0.000000
3433,3346,5,15,2025-01-14T03:53:55+00:00,0.000000
3434,3003,3,9,2025-03-24T23:14:06+00:00,0.195179
3435,4193,4,11,2025-02-01T18:14:38+00:00,0.332593
3436,674,2,5,2025-02-11T05:36:52+00:00,0.986346
3437,4562,8,22,2025-03-21T14:46:42+00:00,0.886873
3438,142,5,13,2025-03-28T12:29:02+00:00,0.000000
3439,380,4,11,2025-03-23T06:06:57+00:00,0.281678
3440,1874,1,2,2025-01-17T16:12:57+00:00,1.959127
3441,965,3,7,2025-02-08T15:19:05+00:00,0.257533
3442,478,8,23,2025-02-12T02:09:55+00:00,0.460385
3443,2072,2,6,2025-03-10T20:46:27+00:00,1.117561
3444,1972,9,25,2025-01-22T12:01:40+00:00,0.000000
3445,3577,2,5,2025-02-03T06:01:11+00:00,1.788720
3446,4120,2,4,2025-03-16T16:11:33+00:00,1.294810
3447,1409,8,22,2025-03-02T01:28:35+00:00,0.653770
3448,1833,3,9,2025-02-02T22:17:53+00:00,0.399236
3449,331,1,1,2025-01-24T17:29:49+00:00,1.735468
3450,2802,1,1,2025-01-14T09:47:16+00:00,1.137947
3451,2895,3,7,2025-01-08T12:45:27+00:00,0.329865
3452,4856,4,12,2025-02-13T07:20:44+00:00,0.232959
3453,4250,2,4,2025-03-05T22:44:22+00:00,1.576997
3454,4793,2,5,2025-02-17T14:30:51+00:00,1.218059
3455,2575,3,8,2025-02-07T16:59:19+00:00,0.315967
3456,3360,3,7,2025-02-15T12:46:15+00:00,0.415109
3457,711,5,15,2025-02-23T22:22:22+00:00,0.000000
3458,439,1,3,2025-01-17T10:32:08+00:00,1.196712
3459,2899,2,4,2025-03-02T01:11:27+00:00,0.900095
3460,2191,3,9,2025-01-22T00:31:09+00:00,0.345249
3461,1185,8,23,2025-02-05T14:29:26+00:00,1.099171
3462,2294,9,25,2025-01-04T13:13:19+00:00,0.000000
3463,2991,1,2,2025-03-07T04:48:42+00:00,1.616453
3464,1535,2,5,2025-01-30T13:50:16+00:00,1.550118
3465,833,3,7,2025-03-28T10:10:59+00:00,0.486055
3466,1198,2,5,2025-01-09T22:30:46+00:00,1.807154
3467,4936,2,6,2025-03-01T23:16:30+00:00,1.743262
3468,1710,2,5,2025-01-14T09:55:36+00:00,1.256311
3469,781,3,9,2025-03-28T01:13:40+00:00,0.494641
3470,360,7,19,2025-01-25T02:23:14+00:00,1.157127
3471,4743,3,8,2025-02-16T02:37:12+00:00,0.498706
3472,4816,4,10,2025-03-19T05:40:00+00:00,0.472969
3473,1857,8,23,2025-02-22T16:39:53+00:00,1.181606
3474,508,4,12,2025-01-21T12:53:51+00:00,0.365621
3475,3058,5,13,2025-01-20T19:40:29+00:00,0.000000
3476,412,4,11,2025-01-30T00:55:34+00:00,0.338835
3477,268,2,6,2025-03-23T06:12:14+00:00,1.099478
3478,4799,7,19,2025-03-18T10:13:42+00:00,0.561461
3479,1115,5,15,2025-02-17T01:54:01+00:00,0.000000
3480,3923,1,1,2025-02-19T20:05:53+00:00,0.839336
3481,3781,9,27,2025-02-15T02:45:04+00:00,0.000000
3482,2086,2,5,2025-03-15T15:53:57+00:00,0.989549
3483,3235,1,3,2025-02-15T05:12:09+00:00,1.874408
3484,4532,3,9,2025-01-23T17:15:16+00:00,0.486428
3485,3702,1,3,2025-03-02T22:58:15+00:00,1.775329
3486,1988,4,10,2025-02-21T10:41:59+00:00,0.376601
3487,4957,5,13,2025-03-25T10:27:34+00:00,0.000000
3488,3028,2,4,2025-03-27T02:34:40+00:00,0.821839
3489,132,4,10,2025-03-08T01:03:39+00:00,0.469316
3490,368,1,2,2025-01-09T22:04:18+00:00,0.934864
3491,159,5,14,2025-02-19T10:31:31+00:00,0.000000
3492,3370,4,11,2025-01-12T11:13:34+00:00,0.422747
3493,4497,2,6,2025-02-23T07:47:47+00:00,1.714277
3494,4855,4,10,2025-03-11T16:43:55+00:00,0.374459
3495,4296,1,2,2025-03-06T07:11:16+00:00,1.972796
3496,3861,2,6,2025-02-23T12:54:17+00:00,1.526776
3497,1995,2,6,2025-01-15T03:59:59+00:00,0.918781
3498,4000,7,19,2025-02-02T14:24:24+00:00,0.724480
3499,4815,2,5,2025-01-14T18:10:57+00:00,1.565736
3500,1087,10,29,2025-02-04T18:54:48+00:00,0.000000
3501,772,1,1,2025-02-14T07:16:33+00:00,1.466555
3502,2168,5,14,2025-02-14T18:09:08+00:00,0.000000
3503,2447,7,20,2025-01-15T17:40:03+00:00,0.793528
3504,4584,7,19,2025-03-25T05:20:12+00:00,0.807014
3505,2884,7,19,2025-03-08T07:40:10+00:00,0.416232
3506,2202,5,14,2025-02-18T21:05:40+00:00,0.000000
3507,1839,8,23,2025-02-28T10:14:56+00:00,0.898231
3508,1319,5,14,2025-02-25T07:00:09+00:00,0.000000
3509,516,3,7,2025-02-02T09:18:12+00:00,0.241499
3510,4280,8,23,2025-01-16T02:09:15+00:00,0.712213
3511,497,1,2,2025-03-19T09:01:10+00:00,1.373823
3512,1460,4,11,2025-01-12T18:55:39+00:00,0.315636
3513,2943,5,13,2025-03-19T12:46:44+00:00,0.000000
3514,1391,7,21,2025-02-17T05:27:54+00:00,0.854683
3515,713,1,2,2025-01-24T13:20:10+00:00,1.051899
3516,4541,7,21,2025-01-15T02:06:27+00:00,0.536503
3517,119,2,6,2025-03-23T00:06:03+00:00,1.652989
3518,980,8,23,2025-02-08T19:49:12+00:00,0.788808
3519,3306,2,4,2025-03-23T02:11:52+00:00,1.090733
3520,1824,9,25,2025-02-23T01:49:05+00:00,0.000000
3521,1207,3,9,2025-02-05T21:27:07+00:00,0.362960
3522,2770,1,3,2025-01-12T03:13:11+00:00,1.644738
3523,851,8,24,2025-01-25T03:36:16+00:00,0.531505
3524,1077,9,27,2025-02-13T23:11:46+00:00,0.000000
3525,2543,2,5,2025-02-08T12:05:05+00:00,1.902278
3526,2229,3,7,2025-01-23T14:34:36+00:00,0.478709
3527,3311,4,10,2025-02-05T19:38:49+00:00,0.217703
3528,4890,10,29,2025-03-06T12:31:16+00:00,0.000000
3529,4558,1,3,2025-02-09T01:44:45+00:00,0.876366
3530,890,1,2,2025-03-27T19:29:52+00:00,0.918595
3531,3555,1,3,2025-02-23T13:56:07+00:00,1.671160
3532,1199,1,2,2025-01-20T09:13:19+00:00,1.398968
3533,3244,1,3,2025-03-26T12:52:41+00:00,1.110007
3534,436,4,10,2025-02-14T21:35:26+00:00,0.335092
3535,3160,1,1,2025-02-03T19:55:41+00:00,0.816624
3536,1468,7,19,2025-01-17T17:03:44+00:00,0.905506
3537,1800,7,20,2025-02-04T08:33:46+00:00,0.676196
3538,4686,2,4,2025-01-11T09:20:17+00:00,1.130720
3539,1065,10,28,2025-03-08T15:40:26+00:00,0.000000
3540,1818,3,9,2025-02-04T04:45:21+00:00,0.434205
3541,4458,10,29,2025-02-26T23:05:56+00:00,0.000000
3542,4888,3,9,2025-03-23T05:09:21+00:00,0.245418
3543,3484,8,23,2025-03-20T07:44:32+00:00,0.481017
3544,1981,3,9,2025-02-26T08:58:53+00:00,0.430277
3545,3314,2,6,2025-03-16T04:29:59+00:00,1.337290
3546,4305,4,11,2025-02-27T09:07:05+00:00,0.478654
3547,2863,1,3,2025-02-27T11:50:44+00:00,1.142346
3548,4154,1,3,2025-02-16T16:52:52+00:00,1.554773
3549,241,6,16,2025-02-06T13:30:34+00:00,0.000000
3550,3086,6,17,2025-03-01T22:33:00+00:00,0.000000
3551,1215,1,1,2025-02-19T16:34:07+00:00,0.902796
3552,1866,10,28,2025-01-12T15:45:22+00:00,0.000000
3553,3854,6,17,2025-01-21T07:49:59+00:00,0.000000
3554,3379,2,6,2025-02-13T20:03:38+00:00,1.476337
3555,3993,10,29,2025-01-26T19:49:40+00:00,0.000000
3556,2292,2,6,2025-01-24T14:21:18+00:00,1.619161
3557,866,2,6,2025-02-21T02:50:08+00:00,1.384401
3558,1859,1,3,2025-01-09T10:53:02+00:00,1.117275
3559,2619,2,5,2025-01-09T18:16:06+00:00,0.838301
3560,4419,8,22,2025-03-17T04:50:55+00:00,1.056964
3561,2789,1,2,2025-03-24T12:37:04+00:00,1.093836
3562,2351,3,8,2025-03-18T09:52:35+00:00,0.210543
3563,1223,1,1,2025-03-20T17:08:38+00:00,1.897702
3564,4345,2,4,2025-02-28T17:30:12+00:00,0.856182
3565,1937,3,9,2025-01-30T12:44:50+00:00,0.478954
3566,2046,3,8,2025-03-20T13:17:10+00:00,0.190010
3567,1186,9,26,2025-02-21T07:36:14+00:00,0.000000
3568,1228,10,29,2025-01-05T22:04:53+00:00,0.000000
3569,3105,7,20,2025-02-23T18:40:51+00:00,0.996545
3570,4077,4,12,2025-03-26T12:12:24+00:00,0.292404
3571,1949,8,22,2025-01-12T23:02:09+00:00,0.714569
3572,1107,3,8,2025-03-09T11:55:00+00:00,0.331730
3573,898,8,23,2025-03-09T14:24:11+00:00,0.892483
3574,3462,2,4,2025-03-06T20:16:17+00:00,1.646993
3575,3319,8,23,2025-03-28T11:59:44+00:00,1.088092
3576,2349,2,4,2025-03-24T00:23:35+00:00,1.196752
3577,1982,3,9,2025-02-15T20:20:36+00:00,0.273207
3578,2101,3,7,2025-03-07T04:09:24+00:00,0.430925
3579,1882,2,4,2025-03-07T00:37:11+00:00,1.145638
3580,2221,3,9,2025-03-20T00:07:33+00:00,0.334502
3581,4705,3,9,2025-02-06T05:22:19+00:00,0.438680
3582,2646,1,2,2025-01-18T03:56:07+00:00,1.186320
3583,362,3,8,2025-03-03T19:25:42+00:00,0.414955
3584,3449,3,7,2025-02-18T21:03:47+00:00,0.230793
3585,174,3,9,2025-02-11T04:26:21+00:00,0.253788
3586,1160,3,8,2025-03-19T02:28:10+00:00,0.307439
3587,4938,3,8,2025-03-14T03:05:24+00:00,0.298966
3588,111,7,21,2025-03-28T12:16:25+00:00,0.482342
3589,1502,1,1,2025-02-17T14:53:39+00:00,1.044582
3590,4054,2,5,2025-03-20T15:32:32+00:00,1.314203
3591,473,1,3,2025-02-25T14:25:49+00:00,1.829065
3592,142,7,19,2025-03-27T12:28:55+00:00,0.487863
3593,2864,4,10,2025-01-24T16:49:27+00:00,0.480253
3594,652,3,9,2025-03-16T09:20:47+00:00,0.407389
3595,4167,3,9,2025-03-13T15:27:44+00:00,0.338891
3596,1526,3,9,2025-03-15T07:38:50+00:00,0.225453
3597,4053,4,12,2025-02-10T05:17:22+00:00,0.486321
3598,3323,4,12,2025-03-27T21:14:58+00:00,0.234934
3599,3222,2,6,2025-03-19T12:23:23+00:00,1.982354
3600,3704,4,11,2025-03-17T07:59:19+00:00,0.422896
3601,3198,2,5,2025-03-16T06:59:17+00:00,1.580288
3602,493,5,13,2025-03-08T20:06:51+00:00,0.000000
3603,4698,2,6,2025-02-24T12:07:05+00:00,1.002222
3604,758,2,4,2025-03-23T22:32:14+00:00,1.720529
3605,4433,1,1,2025-03-22T23:53:30+00:00,1.685933
3606,3429,3,8,2025-01-28T09:31:00+00:00,0.390292
3607,2003,5,14,2025-03-05T18:16:52+00:00,0.000000
3608,2340,4,11,2025-01-16T16:06:41+00:00,0.151536
3609,3702,4,12,2025-02-23T01:49:16+00:00,0.418292
3610,4050,1,2,2025-01-31T03:53:30+00:00,1.140298
3611,4737,8,23,2025-02-21T07:32:36+00:00,0.936589
3612,2761,2,4,2025-03-23T18:25:55+00:00,1.726544
3613,3681,4,12,2025-03-04T22:05:41+00:00,0.477620
3614,3236,1,1,2025-02-24T01:47:41+00:00,0.942342
3615,1476,1,2,2025-03-24T23:44:43+00:00,1.202044
3616,2438,1,1,2025-01-14T05:16:53+00:00,1.464405
3617,831,2,5,2025-03-06T03:23:55+00:00,1.940877
3618,3441,1,1,2025-02-04T02:12:16+00:00,1.355599
3619,3662,1,2,2025-02-01T17:28:30+00:00,1.706566
3620,2648,2,5,2025-02-09T23:07:51+00:00,0.817982
3621,4636,5,14,2025-03-24T08:36:11+00:00,0.000000
3622,3216,5,13,2025-01-21T16:28:15+00:00,0.000000
3623,4219,9,27,2025-01-16T20:32:54+00:00,0.000000
3624,4301,8,23,2025-02-21T22:21:42+00:00,1.165433
3625,3175,8,23,2025-03-29T00:11:34+00:00,0.498693
3626,735,8,22,2025-01-27T16:49:05+00:00,0.744891
3627,4689,4,10,2025-01-21T07:54:02+00:00,0.269646
3628,4620,2,4,2025-03-12T03:09:09+00:00,1.042066
3629,2203,8,24,2025-02-08T00:12:44+00:00,0.862949
3630,818,1,2,2025-03-05T05:27:03+00:00,1.783093
3631,1184,2,6,2025-02-09T19:57:29+00:00,0.801627
3632,3709,2,6,2025-03-18T05:51:45+00:00,1.869196
3633,1049,2,5,2025-02-04T13:43:31+00:00,0.949777
3634,2480,10,28,2025-01-16T09:06:23+00:00,0.000000
3635,4414,4,11,2025-03-23T02:21:08+00:00,0.342784
3636,2386,4,11,2025-02-12T10:13:32+00:00,0.229769
3637,3165,1,3,2025-01-14T19:14:01+00:00,1.959652
3638,960,1,1,2025-01-27T08:35:47+00:00,1.067943
3639,1682,4,11,2025-01-24T03:56:12+00:00,0.444494
3640,2492,4,11,2025-01-07T16:44:36+00:00,0.303639
3641,4325,2,6,2025-02-02T05:26:06+00:00,1.804509
3642,1184,1,2,2025-02-05T00:08:25+00:00,0.933924
3643,1141,1,2,2025-01-11T21:10:46+00:00,1.719503
3644,2194,3,7,2025-02-20T12:33:00+00:00,0.252533
3645,2968,3,9,2025-02-26T20:40:32+00:00,0.408645
3646,4969,3,8,2025-02-01T09:01:35+00:00,0.278520
3647,203,6,17,2025-01-22T05:21:35+00:00,0.000000
3648,4927,6,18,2025-02-15T23:02:10+00:00,0.000000
3649,3869,1,3,2025-03-29T03:10:11+00:00,1.649098
3650,801,1,2,2025-03-02T17:47:56+00:00,1.958347
3651,4902,3,8,2025-03-24T08:03:31+00:00,0.157620
3652,127,4,10,2025-03-25T12:10:17+00:00,0.374240
3653,4206,2,6,2025-02-07T23:14:06+00:00,1.966097
3654,4348,5,13,2025-02-06T10:49:42+00:00,0.000000
3655,552,10,28,2025-02-10T14:02:12+00:00,0.000000
3656,2717,4,12,2025-03-24T04:13:12+00:00,0.491484
3657,392,2,4,2025-03-10T05:03:37+00:00,0.973625
3658,3167,1,3,2025-02-28T17:18:33+00:00,0.900901
3659,2379,3,9,2025-01-21T08:48:08+00:00,0.366623
3660,2673,7,19,2025-02-07T11:55:05+00:00,0.835002
3661,1243,3,8,2025-01-19T23:36:41+00:00,0.267785
3662,4749,1,2,2025-01-11T05:22:13+00:00,1.160478
3663,1265,4,11,2025-03-21T00:12:34+00:00,0.313758
3664,4963,4,11,2025-01-24T02:13:13+00:00,0.298515
3665,1871,6,18,2025-02-19T00:52:00+00:00,0.000000
3666,1892,9,27,2025-02-27T03:01:10+00:00,0.000000
3667,1048,3,8,2025-03-18T12:00:38+00:00,0.227095
3668,4508,6,18,2025-03-16T09:53:58+00:00,0.000000
3669,1985,2,5,2025-02-14T10:49:20+00:00,1.511824
3670,4522,8,24,2025-03-24T18:16:36+00:00,0.647376
3671,2345,8,24,2025-02-02T00:33:49+00:00,0.624420
3672,4326,7,19,2025-03-28T06:26:27+00:00,1.084754
3673,2663,9,25,2025-01-25T11:47:44+00:00,0.000000
3674,4256,7,19,2025-01-19T19:59:17+00:00,0.410086
3675,2759,3,9,2025-02-03T03:51:51+00:00,0.464890
3676,1222,10,30,2025-02-08T23:04:15+00:00,0.000000
3677,672,4,11,2025-01-08T18:47:00+00:00,0.460995
3678,380,3,7,2025-03-23T01:24:41+00:00,0.217946
3679,2306,2,6,2025-02-13T18:36:02+00:00,1.848105
3680,3114,3,7,2025-02-18T19:47:33+00:00,0.355759
3681,1531,2,6,2025-03-25T16:40:57+00:00,1.200394
3682,807,4,10,2025-03-16T04:25:26+00:00,0.388262
3683,4840,9,26,2025-03-22T23:46:30+00:00,0.000000
3684,4238,4,10,2025-03-27T08:19:19+00:00,0.440076
3685,4866,4,12,2025-03-09T02:17:20+00:00,0.482754
3686,4802,4,11,2025-01-31T17:48:36+00:00,0.202034
3687,3304,9,27,2025-03-01T10:57:28+00:00,0.000000
3688,2176,8,24,2025-03-17T01:29:58+00:00,0.604718
3689,4746,8,24,2025-03-17T02:46:58+00:00,0.849807
3690,2621,9,27,2025-01-31T21:28:29+00:00,0.000000
3691,4022,3,7,2025-03-20T08:00:29+00:00,0.314988
3692,807,4,12,2025-03-15T00:46:24+00:00,0.284627
3693,289,4,12,2025-02-15T01:25:38+00:00,0.377257
3694,1239,1,1,2025-03-21T14:18:02+00:00,1.129140
3695,780,1,3,2025-03-28T19:40:21+00:00,1.824001
3696,2929,8,22,2025-02-28T07:28:59+00:00,0.416491
3697,3187,4,10,2025-03-06T14:16:36+00:00,0.267358
3698,4212,4,11,2025-02-24T23:24:45+00:00,0.199912
3699,1389,7,20,2025-03-03T09:20:02+00:00,0.412405
3700,2198,4,11,2025-03-10T05:53:58+00:00,0.225440
3701,4870,4,10,2025-01-30T12:32:30+00:00,0.211926
3702,3568,1,2,2025-03-02T05:58:28+00:00,1.495519
3703,2700,1,2,2025-02-15T15:51:52+00:00,0.987177
3704,3382,4,12,2025-02-28T11:37:41+00:00,0.311839
3705,1593,3,7,2025-01-14T02:36:41+00:00,0.268308
3706,3683,2,5,2025-01-22T02:02:07+00:00,1.214856
3707,824,10,29,2025-03-04T00:00:51+00:00,0.000000
3708,4362,4,12,2025-03-05T05:45:31+00:00,0.422978
3709,2688,2,6,2025-01-28T17:49:39+00:00,1.653366
3710,4832,7,21,2025-01-17T02:37:11+00:00,0.877849
3711,1320,3,9,2025-01-16T02:04:38+00:00,0.420243
3712,4505,2,4,2025-03-10T08:49:59+00:00,1.391281
3713,2581,3,7,2025-02-07T17:35:50+00:00,0.184079
3714,2995,3,9,2025-03-08T05:34:16+00:00,0.386061
3715,4744,6,16,2025-03-22T12:15:43+00:00,0.000000
3716,1567,2,5,2025-01-03T05:52:02+00:00,1.580512
3717,429,8,22,2025-01-21T16:37:54+00:00,0.664106
3718,1791,6,17,2025-02-19T22:13:51+00:00,0.000000
3719,2676,9,27,2025-03-23T13:00:42+00:00,0.000000
3720,2699,6,18,2025-01-23T14:40:31+00:00,0.000000
3721,1433,4,12,2025-02-18T15:23:59+00:00,0.370925
3722,3775,4,12,2025-03-16T08:08:30+00:00,0.170078
3723,2634,9,25,2025-02-18T21:27:53+00:00,0.000000
3724,3193,10,28,2025-03-02T22:40:39+00:00,0.000000
3725,3820,4,12,2025-03-08T07:36:52+00:00,0.387082
3726,4755,1,1,2025-03-11T20:22:54+00:00,1.951400
3727,718,4,12,2025-03-15T10:18:39+00:00,0.253582
3728,3649,2,4,2025-03-26T23:30:59+00:00,1.860011
3729,4421,8,23,2025-03-06T22:09:47+00:00,0.945743
3730,2492,2,6,2025-01-07T21:14:08+00:00,1.518645
3731,3206,2,5,2025-01-11T01:29:08+00:00,1.919665
3732,4834,2,5,2025-03-19T03:27:13+00:00,1.347637
3733,1651,7,19,2025-03-02T14:55:11+00:00,1.137154
3734,2424,4,11,2025-03-10T01:05:17+00:00,0.349144
3735,2968,1,3,2025-02-17T21:39:19+00:00,0.928268
3736,753,2,6,2025-02-08T14:44:12+00:00,1.323600
3737,3398,1,3,2025-03-22T09:35:13+00:00,1.501207
3738,3284,1,2,2025-01-07T16:41:14+00:00,1.492067
3739,142,2,6,2025-03-29T15:56:10+00:00,1.930025
3740,1903,1,1,2025-02-12T07:39:25+00:00,1.578175
3741,3845,3,7,2025-01-24T19:21:00+00:00,0.156429
3742,857,4,10,2025-03-20T00:40:15+00:00,0.307268
3743,2291,4,11,2025-01-10T08:38:27+00:00,0.245908
3744,4282,4,12,2025-01-20T12:53:26+00:00,0.193251
3745,3530,4,11,2025-03-12T04:46:49+00:00,0.152629
3746,3431,9,27,2025-02-03T15:20:33+00:00,0.000000
3747,2841,7,19,2025-03-10T13:34:40+00:00,0.889545
3748,4616,3,7,2025-02-16T20:05:53+00:00,0.236109
3749,2626,3,7,2025-02-04T19:57:53+00:00,0.296189
3750,4898,1,2,2025-03-20T03:41:16+00:00,1.573941
3751,672,8,23,2025-01-10T02:22:29+00:00,0.581995
3752,1653,9,25,2025-02-13T08:41:29+00:00,0.000000
3753,2904,1,2,2025-03-19T01:09:23+00:00,1.439384
3754,816,3,9,2025-01-31T14:47:09+00:00,0.187219
3755,878,2,6,2025-03-16T01:49:42+00:00,0.838953
3756,4713,3,9,2025-03-25T02:05:50+00:00,0.485364
3757,388,2,4,2025-01-23T08:58:03+00:00,1.527172
3758,1737,4,10,2025-03-27T19:11:17+00:00,0.154672
3759,984,1,1,2025-03-26T23:15:58+00:00,1.844834
3760,1353,7,20,2025-01-15T05:47:51+00:00,1.120950
3761,2046,6,18,2025-03-17T13:59:26+00:00,0.000000
3762,4385,4,12,2025-02-12T08:12:50+00:00,0.437530
3763,4165,5,15,2025-01-14T09:54:51+00:00,0.000000
3764,4393,3,7,2025-03-21T04:58:30+00:00,0.233459
3765,2997,1,3,2025-02-15T20:25:42+00:00,1.999863
3766,2879,1,2,2025-02-04T16:47:06+00:00,1.873479
3767,4368,3,8,2025-01-08T17:53:49+00:00,0.155604
3768,2491,1,3,2025-01-07T01:18:11+00:00,1.310573
3769,1669,3,9,2025-03-11T23:00:38+00:00,0.195816
3770,1746,1,2,2025-01-17T00:15:24+00:00,1.386991
3771,4714,2,6,2025-03-27T05:51:14+00:00,1.475246
3772,4565,3,8,2025-01-20T20:26:53+00:00,0.278460
3773,2822,3,7,2025-01-26T12:36:26+00:00,0.272568
3774,3538,3,8,2025-03-25T15:22:21+00:00,0.308153
3775,4738,3,8,2025-03-24T18:43:29+00:00,0.231647
3776,2504,1,2,2025-02-22T12:25:56+00:00,1.406906
3777,1352,5,13,2025-03-02T00:31:36+00:00,0.000000
3778,386,8,24,2025-02-18T10:58:17+00:00,0.572051
3779,4170,8,23,2025-02-03T22:17:04+00:00,0.844661
3780,273,3,9,2025-03-19T02:37:44+00:00,0.362436
3781,4243,10,28,2025-03-12T17:11:32+00:00,0.000000
3782,4758,6,18,2025-03-19T21:44:13+00:00,0.000000
3783,3608,5,14,2025-01-17T00:04:36+00:00,0.000000
3784,495,3,9,2025-03-26T04:26:30+00:00,0.326738
3785,4273,4,12,2025-01-30T12:30:30+00:00,0.493974
3786,4058,10,28,2025-03-26T06:38:31+00:00,0.000000
3787,869,7,20,2025-01-29T02:12:12+00:00,0.739276
3788,4763,6,16,2025-03-12T04:01:57+00:00,0.000000
3789,3111,4,12,2025-02-01T13:35:31+00:00,0.482082
3790,1529,1,1,2025-02-06T10:21:09+00:00,1.896250
3791,4637,10,28,2025-03-24T05:22:11+00:00,0.000000
3792,4422,2,5,2025-03-19T09:51:27+00:00,1.038247
3793,4043,3,9,2025-01-30T11:21:48+00:00,0.265600
3794,664,8,23,2025-02-20T05:48:15+00:00,0.692910
3795,976,7,21,2025-01-16T04:24:59+00:00,0.529859
3796,2926,1,3,2025-03-02T13:01:43+00:00,1.847395
3797,192,10,29,2025-02-08T11:37:12+00:00,0.000000
3798,4526,3,7,2025-03-24T01:21:48+00:00,0.275571
3799,3131,3,7,2025-03-23T08:35:51+00:00,0.344691
3800,331,2,4,2025-02-04T15:25:12+00:00,0.820572
3801,2475,3,9,2025-01-13T07:52:30+00:00,0.467820
3802,4358,4,11,2025-03-01T17:37:14+00:00,0.395840
3803,4637,10,30,2025-03-21T01:00:17+00:00,0.000000
3804,2742,9,26,2025-02-16T18:15:13+00:00,0.000000
3805,2767,1,3,2025-01-06T07:03:30+00:00,1.016475
3806,1581,3,8,2025-03-17T02:14:50+00:00,0.341585
3807,619,1,1,2025-02-23T09:17:26+00:00,1.096033
3808,555,1,2,2025-02-14T00:50:47+00:00,1.766698
3809,2140,1,1,2025-01-30T10:31:02+00:00,1.666774
3810,2080,1,3,2025-02-11T14:59:47+00:00,0.902408
3811,2529,2,4,2025-02-02T21:06:10+00:00,1.545730
3812,4939,4,12,2025-03-15T02:45:26+00:00,0.452658
3813,1848,2,4,2025-01-18T20:49:14+00:00,0.837248
3814,512,5,14,2025-01-11T01:15:38+00:00,0.000000
3815,2916,4,11,2025-03-07T12:34:02+00:00,0.231881
3816,3625,4,12,2025-03-29T03:02:00+00:00,0.419570
3817,1383,3,7,2025-01-31T03:07:51+00:00,0.323065
3818,967,2,4,2025-03-24T23:59:15+00:00,1.428653
3819,2505,1,3,2025-01-08T07:18:04+00:00,1.884006
3820,2706,4,12,2025-03-16T18:06:13+00:00,0.358578
3821,2419,1,1,2025-01-11T07:10:30+00:00,1.847754
3822,1022,3,8,2025-02-08T11:28:50+00:00,0.213857
3823,1002,3,8,2025-01-05T01:18:32+00:00,0.357276
3824,2252,3,9,2025-03-18T01:03:56+00:00,0.326597
3825,3598,1,2,2025-03-17T04:10:58+00:00,1.164999
3826,4342,7,19,2025-02-21T20:09:58+00:00,0.769235
3827,557,4,10,2025-02-15T04:20:42+00:00,0.320838
3828,122,5,13,2025-01-30T11:25:11+00:00,0.000000
3829,2743,2,4,2025-02-10T13:44:03+00:00,1.375131
3830,3409,1,2,2025-03-19T13:53:53+00:00,1.582007
3831,1562,1,1,2025-01-20T03:28:10+00:00,1.416645
3832,4410,8,22,2025-03-18T11:08:28+00:00,0.528814
3833,3708,3,7,2025-03-25T01:18:52+00:00,0.321371
3834,4055,1,1,2025-03-21T17:22:01+00:00,1.666141
3835,3533,3,7,2025-03-08T08:17:02+00:00,0.207934
3836,1249,2,6,2025-01-16T20:05:50+00:00,0.978565
3837,1877,4,11,2025-03-28T08:55:26+00:00,0.272039
3838,3288,3,8,2025-02-25T12:46:00+00:00,0.427006
3839,989,4,11,2025-03-01T10:35:02+00:00,0.186484
3840,4952,4,11,2025-02-24T03:34:42+00:00,0.387994
3841,3130,3,7,2025-01-12T15:16:51+00:00,0.170592
3842,894,2,4,2025-02-19T08:44:02+00:00,1.342477
3843,3239,2,4,2025-02-13T02:30:27+00:00,0.897854
3844,612,4,11,2025-03-01T10:43:54+00:00,0.226119
3845,3962,4,12,2025-03-24T03:52:07+00:00,0.157819
3846,1406,1,2,2025-01-17T08:14:42+00:00,1.100666
3847,3354,9,25,2025-02-17T10:49:06+00:00,0.000000
3848,3995,3,8,2025-02-28T20:37:53+00:00,0.171551
3849,4958,3,7,2025-01-18T14:41:49+00:00,0.366945
3850,4243,1,3,2025-03-15T06:24:15+00:00,1.987075
3851,2290,2,6,2025-01-10T11:49:57+00:00,1.135935
3852,3047,1,2,2025-02-11T02:11:31+00:00,1.965384
3853,1163,4,10,2025-01-31T14:30:12+00:00,0.194076
3854,3293,8,22,2025-01-11T12:50:03+00:00,0.443308
3855,727,2,6,2025-02-11T10:35:51+00:00,1.779764
3856,4221,7,21,2025-02-20T03:58:51+00:00,0.432843
3857,2198,2,4,2025-03-11T01:13:01+00:00,1.217456
3858,2417,8,24,2025-01-19T19:23:25+00:00,1.165863
3859,1683,1,2,2025-01-12T03:27:52+00:00,1.626018
3860,877,2,5,2025-01-26T22:43:37+00:00,1.808122
3861,4985,2,4,2025-03-15T14:56:39+00:00,1.144428
3862,2469,4,10,2025-03-26T05:05:28+00:00,0.458862
3863,4550,5,13,2025-02-19T08:20:21+00:00,0.000000
3864,3668,4,11,2025-03-10T07:16:22+00:00,0.441498
3865,3121,4,11,2025-02-08T14:20:05+00:00,0.270460
3866,938,3,7,2025-02-18T02:53:44+00:00,0.223226
3867,1630,1,2,2025-03-27T08:35:52+00:00,1.802663
3868,497,9,27,2025-03-19T07:55:57+00:00,0.000000
3869,4971,4,11,2025-03-02T13:02:30+00:00,0.372879
3870,3576,1,1,2025-02-05T12:20:19+00:00,1.784711
3871,2213,4,10,2025-01-08T09:08:06+00:00,0.245643
3872,3599,2,5,2025-03-08T00:51:21+00:00,1.853094
3873,2492,2,5,2025-01-11T12:03:44+00:00,1.251172
3874,203,6,17,2025-01-22T06:07:54+00:00,0.000000
3875,1774,2,4,2025-03-16T07:32:40+00:00,1.431893
3876,978,6,18,2025-03-17T01:27:41+00:00,0.000000
3877,1800,4,10,2025-02-05T09:53:30+00:00,0.273882
3878,1739,1,2,2025-01-23T14:04:14+00:00,1.443950
3879,2164,3,9,2025-02-11T09:48:05+00:00,0.363995
3880,2223,3,8,2025-01-29T23:49:58+00:00,0.235563
3881,3873,2,6,2025-03-16T03:15:29+00:00,1.863105
3882,4885,4,10,2025-03-05T22:19:43+00:00,0.335823
3883,1119,3,9,2025-01-24T07:05:30+00:00,0.310616
3884,3632,8,22,2025-03-14T15:25:27+00:00,1.110770
3885,299,3,9,2025-03-11T10:08:29+00:00,0.215191
3886,3154,7,20,2025-03-01T04:52:50+00:00,1.173845
3887,2414,8,23,2025-02-23T19:39:14+00:00,1.005865
3888,4590,2,6,2025-03-14T07:57:48+00:00,0.897384
3889,1054,4,12,2025-03-07T14:19:17+00:00,0.208723
3890,3043,2,4,2025-03-27T23:07:40+00:00,1.109966
3891,3456,1,3,2025-03-01T10:02:49+00:00,0.838681
3892,1821,7,21,2025-02-21T13:09:12+00:00,0.749107
3893,1912,2,6,2025-02-02T17:35:17+00:00,1.350943
3894,871,8,22,2025-02-25T14:10:31+00:00,0.662882
3895,4633,2,4,2025-02-14T17:19:27+00:00,1.087514
3896,3185,5,15,2025-03-22T00:59:35+00:00,0.000000
3897,515,8,22,2025-03-19T16:59:36+00:00,0.446770
3898,4106,10,29,2025-02-25T18:53:18+00:00,0.000000
3899,4613,3,8,2025-01-27T02:27:12+00:00,0.355573
3900,964,1,1,2025-02-19T23:37:42+00:00,1.463841
3901,715,2,6,2025-03-09T23:10:03+00:00,1.455721
3902,2732,10,30,2025-03-13T20:34:36+00:00,0.000000
3903,4650,2,6,2025-02-15T01:09:16+00:00,1.410775
3904,2927,1,1,2025-01-09T18:31:50+00:00,1.401023
3905,2776,7,20,2025-03-05T03:35:25+00:00,0.818500
3906,949,4,12,2025-01-16T09:57:29+00:00,0.266593
3907,1450,4,10,2025-03-24T15:02:05+00:00,0.334888
3908,1481,8,24,2025-02-23T09:35:44+00:00,0.637153
3909,1662,9,26,2025-03-02T14:12:37+00:00,0.000000
3910,782,2,6,2025-03-23T13:07:18+00:00,1.653173
3911,2858,3,9,2025-01-12T19:03:33+00:00,0.228874
3912,4425,9,27,2025-01-28T14:33:12+00:00,0.000000
3913,170,4,10,2025-03-16T19:58:14+00:00,0.415006
3914,4661,10,30,2025-03-20T17:50:37+00:00,0.000000
3915,4875,4,12,2025-02-28T16:58:53+00:00,0.379917
3916,4315,1,3,2025-01-16T18:29:15+00:00,1.933972
3917,4921,3,8,2025-03-19T21:29:57+00:00,0.251393
3918,1544,2,4,2025-03-28T05:29:27+00:00,0.857421
3919,1088,2,5,2025-01-08T16:43:33+00:00,1.096998
3920,3882,2,4,2025-03-11T17:24:25+00:00,1.364032
3921,1443,2,6,2025-01-07T13:52:51+00:00,1.057653
3922,1531,3,9,2025-03-26T03:26:35+00:00,0.454124
3923,3964,10,29,2025-02-04T07:47:43+00:00,0.000000
3924,4646,2,4,2025-03-01T22:37:04+00:00,1.228203
3925,2683,2,4,2025-02-28T17:48:14+00:00,1.122487
3926,4285,4,12,2025-01-07T04:50:33+00:00,0.242853
3927,4074,4,11,2025-01-31T05:20:11+00:00,0.378305
3928,928,2,5,2025-01-19T18:01:27+00:00,1.256089
3929,4865,3,9,2025-01-11T18:24:19+00:00,0.156316
3930,3141,6,18,2025-01-26T00:38:59+00:00,0.000000
3931,2236,2,5,2025-03-13T00:52:05+00:00,1.234075
3932,3884,1,2,2025-01-26T09:40:41+00:00,1.179822
3933,3046,2,4,2025-02-11T05:09:24+00:00,1.979816
3934,3155,2,6,2025-02-12T02:56:39+00:00,1.357317
3935,2589,2,4,2025-03-24T03:03:31+00:00,1.216868
3936,2689,5,15,2025-01-05T17:37:37+00:00,0.000000
3937,954,4,12,2025-01-25T16:28:11+00:00,0.314144
3938,632,4,12,2025-01-26T06:01:36+00:00,0.408693
3939,2133,1,1,2025-02-01T05:44:52+00:00,1.075951
3940,2202,8,23,2025-02-13T08:22:15+00:00,1.091905
3941,2741,1,2,2025-01-17T01:29:00+00:00,1.370560
3942,3595,4,11,2025-01-18T12:52:48+00:00,0.293818
3943,1773,6,18,2025-01-30T15:59:30+00:00,0.000000
3944,2338,5,15,2025-01-10T03:59:02+00:00,0.000000
3945,1230,1,3,2025-02-05T01:58:21+00:00,1.354133
3946,3480,4,10,2025-03-14T15:33:12+00:00,0.370879
3947,725,1,3,2025-03-25T05:14:32+00:00,1.264891
3948,3783,2,4,2025-01-18T04:56:39+00:00,1.809859
3949,2532,2,4,2025-01-08T13:58:32+00:00,1.462853
3950,3004,1,2,2025-02-11T06:03:03+00:00,1.519307
3951,1813,2,5,2025-02-18T05:53:52+00:00,1.013949
3952,3466,4,11,2025-02-01T07:04:08+00:00,0.157991
3953,1493,9,26,2025-03-18T07:40:18+00:00,0.000000
3954,3266,3,8,2025-03-14T08:58:58+00:00,0.482971
3955,1152,2,5,2025-03-17T23:34:41+00:00,1.704247
3956,3396,4,12,2025-03-02T17:29:10+00:00,0.494459
3957,2907,5,15,2025-01-15T04:25:40+00:00,0.000000
3958,3261,10,30,2025-03-21T18:45:17+00:00,0.000000
3959,1213,3,8,2025-02-11T11:30:21+00:00,0.360335
3960,3283,1,3,2025-01-19T09:53:36+00:00,1.991359
3961,3817,3,7,2025-01-14T16:20:04+00:00,0.239159
3962,1261,4,12,2025-03-10T22:28:19+00:00,0.196036
3963,3340,2,6,2025-02-22T16:36:27+00:00,0.931046
3964,2626,7,19,2025-02-05T09:10:49+00:00,0.551288
3965,554,2,4,2025-01-08T10:27:36+00:00,1.887993
3966,4468,4,12,2025-02-06T20:23:25+00:00,0.391765
3967,3751,8,24,2025-03-05T10:15:54+00:00,0.612468
3968,126,2,4,2025-02-01T01:06:57+00:00,1.739649
3969,4278,3,9,2025-02-03T16:12:42+00:00,0.466981
3970,509,2,4,2025-03-21T11:30:00+00:00,0.928698
3971,845,4,12,2025-03-11T20:38:47+00:00,0.238803
3972,4310,1,2,2025-01-14T12:27:23+00:00,1.452362
3973,2735,7,20,2025-01-28T20:20:19+00:00,0.539645
3974,1872,10,29,2025-02-18T09:36:36+00:00,0.000000
3975,4466,8,23,2025-02-16T10:04:35+00:00,1.087986
3976,436,8,22,2025-02-16T10:51:52+00:00,0.900141
3977,1833,5,14,2025-01-24T23:58:56+00:00,0.000000
3978,4300,8,24,2025-03-05T07:25:38+00:00,0.461511
3979,2027,8,24,2025-03-27T06:58:28+00:00,0.460376
3980,4740,8,23,2025-02-15T09:03:44+00:00,0.820798
3981,4256,1,3,2025-01-09T16:28:01+00:00,1.929714
3982,2396,2,5,2025-01-19T14:07:50+00:00,1.178999
3983,1003,1,1,2025-02-22T07:51:52+00:00,1.149462
3984,3229,10,30,2025-03-22T14:02:58+00:00,0.000000
3985,3893,2,5,2025-03-25T05:30:08+00:00,1.650866
3986,3179,4,10,2025-03-10T20:36:43+00:00,0.476382
3987,1168,1,3,2025-03-19T23:07:51+00:00,1.773540
3988,2419,2,4,2025-01-13T22:20:36+00:00,1.983726
3989,1750,3,9,2025-01-07T10:31:36+00:00,0.367833
3990,1832,10,30,2025-02-12T10:27:18+00:00,0.000000
3991,1337,3,9,2025-03-17T20:26:53+00:00,0.372389
3992,479,7,20,2025-03-16T10:17:14+00:00,0.773726
3993,3503,1,1,2025-02-11T22:14:15+00:00,1.175771
3994,783,5,15,2025-02-14T15:03:36+00:00,0.000000
3995,115,1,1,2025-03-05T04:01:55+00:00,1.778105
3996,217,3,7,2025-02-02T12:11:27+00:00,0.237306
3997,1982,4,12,2025-02-14T00:49:53+00:00,0.231214
3998,4189,1,2,2025-03-10T13:42:35+00:00,1.423396
3999,907,7,21,2025-03-25T08:51:14+00:00,1.006302
4000,980,4,12,2025-02-10T22:06:31+00:00,0.433042
4001,2774,4,10,2025-01-28T07:48:28+00:00,0.421141
4002,3266,1,3,2025-03-16T21:22:42+00:00,1.492375
4003,2783,1,2,2025-03-24T03:24:05+00:00,1.875380
4004,2785,1,2,2025-03-01T20:31:23+00:00,1.411371
4005,4824,1,3,2025-02-25T15:56:00+00:00,0.878086
4006,1851,5,15,2025-03-13T18:14:53+00:00,0.000000
4007,3710,1,2,2025-02-10T23:57:43+00:00,1.306221
4008,2351,4,11,2025-03-15T19:07:52+00:00,0.295155
4009,1858,1,3,2025-03-25T21:31:54+00:00,0.886615
4010,4361,7,19,2025-01-26T08:02:51+00:00,0.987918
4011,2594,7,20,2025-02-08T03:34:16+00:00,1.071055
4012,1665,2,6,2025-02-08T03:58:35+00:00,0.890960
4013,857,10,30,2025-03-20T00:15:34+00:00,0.000000
4014,542,8,23,2025-03-21T04:51:24+00:00,0.432852
4015,4116,3,8,2025-03-26T22:55:56+00:00,0.193899
4016,2300,2,6,2025-03-26T01:41:18+00:00,1.111053
4017,4700,10,30,2025-01-03T09:37:32+00:00,0.000000
4018,3683,9,26,2025-01-16T12:17:41+00:00,0.000000
4019,4878,2,5,2025-03-06T22:07:03+00:00,1.733562
4020,3643,7,19,2025-02-07T00:27:09+00:00,0.815024
4021,1042,4,11,2025-02-11T12:23:34+00:00,0.383282
4022,2920,1,1,2025-01-10T07:33:01+00:00,1.264475
4023,1860,2,5,2025-03-20T22:57:31+00:00,1.787772
4024,526,2,6,2025-02-06T19:45:58+00:00,0.964464
4025,3593,8,23,2025-03-22T23:09:08+00:00,1.028743
4026,4204,4,11,2025-02-03T11:59:10+00:00,0.285026
4027,4035,1,2,2025-01-12T22:54:01+00:00,0.868786
4028,2126,5,15,2025-02-22T12:01:41+00:00,0.000000
4029,492,6,17,2025-02-03T15:45:25+00:00,0.000000
4030,4206,3,8,2025-02-02T10:19:04+00:00,0.263177
4031,1870,2,6,2025-03-25T19:20:28+00:00,1.660212
4032,4508,8,23,2025-03-18T15:14:32+00:00,1.038046
4033,3039,1,3,2025-01-29T14:25:40+00:00,1.090964
4034,3437,7,20,2025-02-26T12:19:36+00:00,0.601519
4035,964,8,23,2025-02-28T01:38:58+00:00,0.884171
4036,1468,2,6,2025-01-16T01:40:43+00:00,1.732355
4037,490,7,21,2025-03-15T17:19:46+00:00,0.688556
4038,1938,1,1,2025-02-07T09:39:14+00:00,1.166363
4039,2129,7,19,2025-03-07T14:51:52+00:00,0.815759
4040,4152,2,4,2025-02-09T23:36:18+00:00,1.346399
4041,562,3,9,2025-02-17T16:22:03+00:00,0.349738
4042,278,2,4,2025-03-02T19:58:58+00:00,1.204939
4043,4933,3,9,2025-02-17T16:04:01+00:00,0.214946
4044,1314,1,3,2025-01-13T23:26:30+00:00,0.966700
4045,1924,1,2,2025-03-08T04:25:38+00:00,1.828637
4046,2930,1,2,2025-02-15T17:35:58+00:00,1.641261
4047,436,9,25,2025-02-22T00:00:23+00:00,0.000000
4048,1753,8,22,2025-02-27T22:32:15+00:00,0.438345
4049,2184,3,7,2025-03-06T06:50:15+00:00,0.489079
4050,4561,6,17,2025-03-28T03:34:52+00:00,0.000000
4051,1536,6,16,2025-03-17T07:05:09+00:00,0.000000
4052,3467,4,11,2025-02-20T11:50:56+00:00,0.221034
4053,1099,8,22,2025-03-20T04:06:57+00:00,0.498885
4054,421,4,12,2025-02-25T04:44:34+00:00,0.375187
4055,4330,4,12,2025-02-05T20:09:44+00:00,0.336969
4056,3276,3,8,2025-01-14T12:22:48+00:00,0.157422
4057,3813,2,4,2025-02-23T09:52:58+00:00,1.288292
4058,261,7,19,2025-03-21T07:29:20+00:00,0.887539
4059,3984,4,10,2025-01-19T02:39:13+00:00,0.296664
4060,1079,2,5,2025-02-20T17:14:21+00:00,1.173827
4061,2528,1,1,2025-01-10T10:23:00+00:00,1.154608
4062,2385,2,5,2025-02-10T02:15:36+00:00,1.749500
4063,2219,8,24,2025-01-09T04:26:52+00:00,0.512994
4064,3389,1,1,2025-03-20T11:09:11+00:00,1.354975
4065,4829,4,12,2025-03-14T09:42:35+00:00,0.261680
4066,3668,4,11,2025-03-08T17:08:20+00:00,0.366580
4067,3058,4,10,2025-01-25T00:26:31+00:00,0.365187
4068,3121,2,6,2025-02-06T01:27:39+00:00,1.661917
4069,948,1,1,2025-02-14T01:16:40+00:00,1.412484
4070,3750,4,10,2025-02-06T16:32:21+00:00,0.493447
4071,2453,3,9,2025-01-25T19:58:07+00:00,0.220364
4072,3434,3,7,2025-01-26T05:53:19+00:00,0.422995
4073,3349,2,5,2025-02-25T08:48:17+00:00,1.915515
4074,3154,3,7,2025-02-20T16:05:05+00:00,0.489312
4075,3981,5,14,2025-02-15T07:35:15+00:00,0.000000
4076,1006,2,5,2025-02-23T18:51:59+00:00,1.020591
4077,986,1,3,2025-03-15T07:06:59+00:00,0.850801
4078,4253,4,11,2025-03-14T02:02:45+00:00,0.174088
4079,2563,5,14,2025-01-29T18:41:15+00:00,0.000000
4080,388,4,10,2025-01-23T10:15:06+00:00,0.436975
4081,3337,8,23,2025-01-27T02:55:25+00:00,0.649876
4082,4848,3,8,2025-03-12T00:45:42+00:00,0.372157
4083,2715,4,12,2025-03-28T01:23:53+00:00,0.303335
4084,1619,5,15,2025-01-19T22:34:44+00:00,0.000000
4085,317,6,18,2025-01-30T00:04:13+00:00,0.000000
4086,2498,7,20,2025-02-01T05:50:49+00:00,0.794235
4087,4279,1,1,2025-03-25T21:07:52+00:00,0.868906
4088,491,8,22,2025-01-21T15:26:56+00:00,0.831270
4089,780,3,7,2025-03-29T00:15:16+00:00,0.244017
4090,384,8,22,2025-01-07T05:00:45+00:00,0.584498
4091,2139,1,2,2025-03-02T13:26:31+00:00,1.231126
4092,2801,4,10,2025-03-12T01:36:49+00:00,0.361567
4093,1686,6,17,2025-02-18T23:05:51+00:00,0.000000
4094,129,3,8,2025-01-21T20:55:09+00:00,0.183888
4095,3104,2,4,2025-01-31T23:58:57+00:00,1.008151
4096,3432,4,11,2025-02-13T08:44:03+00:00,0.334426
4097,1731,4,12,2025-01-05T05:28:18+00:00,0.334659
4098,1682,1,1,2025-01-26T04:46:53+00:00,1.370683
4099,3047,8,23,2025-02-15T02:43:15+00:00,0.597348
4100,4452,3,8,2025-01-04T16:08:49+00:00,0.370421
4101,2969,2,6,2025-03-28T00:13:09+00:00,1.600878
4102,1253,1,1,2025-03-25T19:03:20+00:00,1.627212
4103,1885,1,3,2025-03-20T19:54:25+00:00,0.916414
4104,2731,5,13,2025-01-19T21:34:52+00:00,0.000000
4105,1320,1,3,2025-01-14T17:10:21+00:00,1.110702
4106,524,4,12,2025-02-11T02:06:24+00:00,0.312042
4107,3783,2,5,2025-01-17T11:38:11+00:00,1.799222
4108,1690,1,3,2025-01-25T12:05:48+00:00,1.688980
4109,3858,3,8,2025-03-23T08:47:54+00:00,0.166953
4110,779,7,21,2025-01-26T14:06:30+00:00,1.057787
4111,4779,1,2,2025-01-29T09:43:29+00:00,1.322167
4112,1472,2,6,2025-02-27T12:42:22+00:00,1.697809
4113,214,3,9,2025-02-18T03:17:15+00:00,0.387586
4114,3615,3,8,2025-03-09T20:32:22+00:00,0.269942
4115,1890,1,3,2025-01-15T22:11:47+00:00,1.228468
4116,437,4,12,2025-03-10T00:35:18+00:00,0.169171
4117,4197,1,1,2025-03-27T17:11:09+00:00,1.237316
4118,3838,2,5,2025-02-27T20:14:14+00:00,1.051147
4119,1797,3,7,2025-02-08T13:10:28+00:00,0.329519
4120,4445,4,11,2025-03-05T06:14:24+00:00,0.217997
4121,1284,3,8,2025-01-30T04:03:02+00:00,0.302911
4122,1617,9,25,2025-01-24T19:29:32+00:00,0.000000
4123,4129,7,19,2025-01-13T00:46:03+00:00,0.501152
4124,742,3,8,2025-02-01T14:12:26+00:00,0.234310
4125,4263,2,6,2025-01-25T02:32:17+00:00,1.927401
4126,1816,1,3,2025-02-10T16:14:37+00:00,0.970365
4127,2604,4,12,2025-02-06T16:07:34+00:00,0.204823
4128,3141,2,4,2025-01-27T07:12:42+00:00,1.702952
4129,2094,4,10,2025-01-17T10:41:18+00:00,0.279375
4130,2824,6,18,2025-02-01T16:14:05+00:00,0.000000
4131,3615,1,3,2025-03-17T16:58:30+00:00,1.738256
4132,2828,8,22,2025-02-03T01:31:39+00:00,0.736704
4133,953,3,7,2025-02-09T16:43:57+00:00,0.363317
4134,3889,1,3,2025-01-20T05:14:22+00:00,1.280779
4135,4362,10,29,2025-03-03T07:01:34+00:00,0.000000
4136,2757,2,5,2025-02-23T15:05:26+00:00,1.535854
4137,1264,6,16,2025-01-29T01:37:37+00:00,0.000000
4138,2113,1,3,2025-03-20T22:24:16+00:00,1.838859
4139,3102,8,24,2025-02-21T18:51:33+00:00,0.617366
4140,3396,3,8,2025-03-02T23:04:15+00:00,0.312678
4141,4977,8,24,2025-03-24T09:25:18+00:00,0.804290
4142,1616,8,22,2025-03-16T10:18:13+00:00,1.047249
4143,712,2,5,2025-01-11T19:26:11+00:00,0.942519
4144,511,2,5,2025-02-01T00:41:23+00:00,1.268466
4145,4172,4,12,2025-03-22T04:55:55+00:00,0.407877
4146,1489,3,9,2025-02-14T07:04:42+00:00,0.357357
4147,2083,4,11,2025-03-27T20:13:12+00:00,0.319642
4148,4520,4,10,2025-02-04T12:19:06+00:00,0.422739
4149,4412,1,3,2025-03-04T19:15:47+00:00,1.709439
4150,2633,10,29,2025-02-26T11:50:59+00:00,0.000000
4151,243,9,25,2025-03-19T08:25:21+00:00,0.000000
4152,1086,4,10,2025-03-10T09:23:06+00:00,0.226869
4153,3197,3,8,2025-03-14T23:01:31+00:00,0.432142
4154,509,3,9,2025-03-23T00:50:57+00:00,0.357342
4155,3252,7,20,2025-03-29T09:55:24+00:00,0.480901
4156,216,3,8,2025-02-17T16:43:27+00:00,0.298244
4157,1715,3,8,2025-02-07T17:33:33+00:00,0.454095
4158,3396,3,7,2025-03-01T11:18:58+00:00,0.159647
4159,4883,4,10,2025-02-26T23:06:11+00:00,0.446179
4160,1666,7,20,2025-02-07T21:44:58+00:00,0.844334
4161,4509,4,10,2025-02-24T06:49:45+00:00,0.424390
4162,3651,2,6,2025-03-07T00:02:40+00:00,1.496584
4163,2103,1,1,2025-01-13T12:49:55+00:00,1.999040
4164,4079,4,12,2025-01-09T06:48:50+00:00,0.426913
4165,1623,3,9,2025-03-16T06:04:25+00:00,0.296550
4166,4164,2,4,2025-02-22T16:41:42+00:00,0.928883
4167,672,4,12,2025-01-09T15:37:11+00:00,0.385784
4168,4602,3,7,2025-01-02T05:46:54+00:00,0.319413
4169,4674,7,19,2025-01-15T13:27:11+00:00,0.938828
4170,4419,2,4,2025-03-18T13:43:33+00:00,1.960518
4171,4965,2,6,2025-02-12T18:27:20+00:00,1.185270
4172,377,3,7,2025-03-01T18:36:44+00:00,0.338255
4173,368,7,19,2025-01-07T02:46:14+00:00,0.786597
4174,3570,3,8,2025-01-20T16:42:56+00:00,0.487419
4175,4657,2,4,2025-03-14T18:18:54+00:00,1.244075
4176,365,1,3,2025-02-25T06:15:01+00:00,1.890075
4177,4009,1,3,2025-01-20T13:32:45+00:00,1.008454
4178,3088,3,8,2025-02-09T09:46:45+00:00,0.472444
4179,1836,5,13,2025-03-03T22:07:14+00:00,0.000000
4180,2419,1,2,2025-01-11T12:39:41+00:00,0.981952
4181,4048,4,10,2025-03-24T09:52:18+00:00,0.410585
4182,3832,2,6,2025-01-29T18:13:13+00:00,1.021069
4183,4214,4,11,2025-03-16T02:13:38+00:00,0.448103
4184,2977,7,19,2025-01-17T13:46:43+00:00,0.902607
4185,2863,6,18,2025-02-24T04:57:57+00:00,0.000000
4186,2266,2,5,2025-01-13T09:41:06+00:00,1.040739
4187,2767,10,29,2025-01-04T05:05:45+00:00,0.000000
4188,210,1,3,2025-03-15T23:38:37+00:00,1.078487
4189,1336,2,5,2025-01-30T08:26:08+00:00,1.220400
4190,2723,5,13,2025-01-12T00:31:22+00:00,0.000000
4191,1317,1,3,2025-02-05T21:02:03+00:00,0.914008
4192,1893,3,7,2025-01-05T18:25:42+00:00,0.162605
4193,3297,1,3,2025-02-26T22:45:52+00:00,1.226980
4194,4893,2,6,2025-02-17T10:15:37+00:00,1.444548
4195,4500,5,13,2025-02-25T16:32:36+00:00,0.000000
4196,4264,10,28,2025-01-14T17:07:53+00:00,0.000000
4197,3423,2,5,2025-02-12T04:56:34+00:00,0.880418
4198,3587,2,6,2025-03-18T10:08:23+00:00,1.775178
4199,3809,10,29,2025-03-21T01:09:25+00:00,0.000000
4200,2012,1,2,2025-03-21T23:01:28+00:00,1.197561
4201,1417,7,21,2025-03-09T01:03:26+00:00,0.916544
4202,3268,4,12,2025-03-27T11:40:42+00:00,0.429524
4203,1483,9,27,2025-02-02T02:57:27+00:00,0.000000
4204,3632,5,15,2025-03-13T13:47:50+00:00,0.000000
4205,4262,1,3,2025-03-06T08:46:53+00:00,1.640629
4206,3493,1,3,2025-03-25T00:16:23+00:00,1.279585
4207,1589,3,9,2025-03-14T06:42:03+00:00,0.200103
4208,4977,1,1,2025-03-26T22:07:04+00:00,0.829211
4209,3519,1,1,2025-03-03T21:27:25+00:00,1.610824
4210,4225,1,1,2025-01-25T19:41:58+00:00,1.893357
4211,4244,1,3,2025-03-22T06:36:55+00:00,1.329403
4212,2534,9,27,2025-03-22T08:38:13+00:00,0.000000
4213,600,4,10,2025-01-11T10:05:04+00:00,0.379799
4214,2622,1,2,2025-01-19T06:53:38+00:00,1.609614
4215,1819,1,1,2025-01-19T03:31:50+00:00,1.892979
4216,3145,8,23,2025-02-19T12:55:39+00:00,0.530122
4217,697,3,8,2025-01-22T05:57:10+00:00,0.273606
4218,4241,10,30,2025-02-20T05:23:10+00:00,0.000000
4219,2925,9,26,2025-03-27T01:26:10+00:00,0.000000
4220,2985,2,4,2025-01-20T12:08:36+00:00,0.962843
4221,4151,10,30,2025-01-02T16:26:03+00:00,0.000000
4222,3103,1,1,2025-03-14T06:22:39+00:00,1.353997
4223,3430,1,1,2025-02-08T19:23:55+00:00,0.883549
4224,2909,8,22,2025-03-25T10:20:30+00:00,1.074027
4225,3765,10,29,2025-01-26T18:04:06+00:00,0.000000
4226,1819,4,11,2025-01-12T14:41:55+00:00,0.297621
4227,2093,1,3,2025-03-28T07:13:54+00:00,1.584975
4228,1758,7,20,2025-01-23T08:52:42+00:00,1.050985
4229,4467,1,1,2025-01-05T15:10:54+00:00,1.478757
4230,4590,2,5,2025-03-16T12:16:28+00:00,1.569213
4231,4763,1,2,2025-03-16T01:07:53+00:00,1.901825
4232,2526,1,2,2025-03-12T07:59:39+00:00,1.203411
4233,4086,2,5,2025-02-02T18:16:37+00:00,1.684741
4234,4388,4,12,2025-01-30T16:45:47+00:00,0.269234
4235,922,4,10,2025-03-23T07:33:18+00:00,0.402296
4236,3476,4,11,2025-01-13T14:09:25+00:00,0.399127
4237,2931,1,1,2025-03-23T03:57:02+00:00,1.185463
4238,1501,5,13,2025-01-19T16:00:11+00:00,0.000000
4239,3628,1,3,2025-03-13T00:21:44+00:00,0.802341
4240,2304,5,15,2025-01-17T13:45:18+00:00,0.000000
4241,4081,8,23,2025-02-15T11:55:31+00:00,1.137090
4242,4014,7,21,2025-02-23T01:34:29+00:00,0.706540
4243,1714,2,5,2025-03-08T00:34:37+00:00,1.880827
4244,1107,9,25,2025-03-09T05:07:27+00:00,0.000000
4245,1715,4,12,2025-02-06T14:09:36+00:00,0.295255
4246,1613,4,10,2025-03-21T22:40:15+00:00,0.287238
4247,3764,3,7,2025-01-28T12:24:26+00:00,0.188924
4248,1542,5,15,2025-01-07T00:34:53+00:00,0.000000
4249,2568,4,10,2025-01-31T10:50:38+00:00,0.483708
4250,4435,5,13,2025-01-30T18:14:18+00:00,0.000000
4251,1072,9,27,2025-03-11T06:22:51+00:00,0.000000
4252,3901,8,23,2025-03-17T03:11:48+00:00,1.104476
4253,2538,1,3,2025-01-24T18:04:24+00:00,1.246547
4254,1351,2,4,2025-02-18T11:08:27+00:00,1.610499
4255,2419,7,19,2025-01-09T17:32:38+00:00,1.039957
4256,4401,2,6,2025-01-19T01:01:01+00:00,1.697417
4257,2947,10,28,2025-01-08T08:32:34+00:00,0.000000
4258,172,3,7,2025-03-05T01:11:35+00:00,0.179765
4259,3787,1,2,2025-01-29T06:55:14+00:00,1.896930
4260,2743,4,12,2025-02-08T17:38:07+00:00,0.322247
4261,2321,7,21,2025-03-25T11:06:02+00:00,1.090398
4262,2790,1,3,2025-03-20T14:34:18+00:00,1.549875
4263,1460,10,29,2025-01-15T18:45:25+00:00,0.000000
4264,611,3,9,2025-01-29T08:47:11+00:00,0.418971
4265,3566,1,2,2025-03-02T18:27:10+00:00,1.663289
4266,3752,6,17,2025-01-21T09:31:39+00:00,0.000000
4267,1923,5,14,2025-02-24T05:50:05+00:00,0.000000
4268,2496,1,1,2025-03-16T01:20:01+00:00,1.662465
4269,2841,2,5,2025-03-10T09:50:20+00:00,1.958253
4270,3721,2,6,2025-01-23T00:31:03+00:00,1.159904
4271,1552,3,8,2025-01-31T05:29:58+00:00,0.420882
4272,4850,3,9,2025-01-24T12:23:03+00:00,0.462858
4273,1648,1,1,2025-01-02T10:26:43+00:00,1.612919
4274,2521,10,29,2025-02-04T10:26:15+00:00,0.000000
4275,3773,4,12,2025-02-17T12:52:48+00:00,0.179443
4276,3946,2,5,2025-01-25T08:18:56+00:00,1.926075
4277,3849,4,10,2025-02-26T06:51:26+00:00,0.334127
4278,3992,4,10,2025-02-18T20:12:39+00:00,0.317750
4279,4893,3,8,2025-02-21T00:38:56+00:00,0.337703
4280,1231,8,23,2025-01-11T02:21:31+00:00,0.414473
4281,4866,1,1,2025-03-08T21:42:46+00:00,1.753255
4282,2443,8,23,2025-01-28T06:08:12+00:00,0.510202
4283,1439,2,6,2025-01-11T14:36:00+00:00,1.965622
4284,3946,2,4,2025-01-22T16:49:17+00:00,0.958245
4285,3080,2,4,2025-01-10T00:26:44+00:00,1.517332
4286,188,2,4,2025-03-28T10:10:30+00:00,1.028479
4287,2420,1,2,2025-03-14T01:25:21+00:00,1.410944
4288,411,1,2,2025-03-04T13:39:43+00:00,1.162566
4289,1271,2,5,2025-03-14T17:40:22+00:00,1.049851
4290,484,9,26,2025-02-25T19:07:04+00:00,0.000000
4291,4999,4,12,2025-01-10T06:03:05+00:00,0.152807
4292,3053,3,8,2025-01-28T18:07:51+00:00,0.303110
4293,2310,8,23,2025-03-15T19:16:46+00:00,1.150280
4294,2427,9,27,2025-03-26T11:00:59+00:00,0.000000
4295,4266,1,2,2025-02-03T18:34:24+00:00,1.876021
4296,4063,7,19,2025-03-08T22:34:13+00:00,0.733167
4297,1209,6,17,2025-03-24T20:54:01+00:00,0.000000
4298,212,5,13,2025-01-11T22:16:34+00:00,0.000000
4299,2884,1,3,2025-02-27T18:16:28+00:00,1.362410
4300,4297,4,10,2025-01-10T15:43:25+00:00,0.226633
4301,764,3,9,2025-03-20T17:10:15+00:00,0.403169
4302,3647,6,17,2025-03-24T14:02:35+00:00,0.000000
4303,1429,4,10,2025-03-25T21:22:16+00:00,0.377163
4304,2611,2,5,2025-02-17T07:36:57+00:00,0.854582
4305,1216,7,21,2025-02-02T06:21:30+00:00,0.576185
4306,2473,2,5,2025-01-21T16:16:11+00:00,1.082600
4307,2369,6,17,2025-02-05T16:20:56+00:00,0.000000
4308,2502,8,23,2025-03-15T17:38:26+00:00,1.020111
4309,4517,8,24,2025-03-20T08:47:03+00:00,1.070455
4310,1593,10,29,2025-01-13T04:23:10+00:00,0.000000
4311,189,3,8,2025-01-24T13:28:38+00:00,0.482717
4312,4861,4,11,2025-02-13T16:39:01+00:00,0.427329
4313,2593,1,3,2025-02-05T13:11:43+00:00,1.636476
4314,1762,6,16,2025-02-06T09:40:44+00:00,0.000000
4315,2965,2,6,2025-01-15T14:16:20+00:00,1.472435
4316,3533,3,8,2025-03-08T09:02:20+00:00,0.437341
4317,266,2,6,2025-01-21T22:37:27+00:00,1.289320
4318,2219,3,8,2025-01-11T20:38:45+00:00,0.384988
4319,1230,4,11,2025-02-04T16:10:18+00:00,0.402460
4320,762,1,1,2025-03-24T15:29:01+00:00,1.291151
4321,2676,7,19,2025-03-21T07:54:15+00:00,1.060324
4322,4877,3,7,2025-03-04T00:29:38+00:00,0.239597
4323,878,3,7,2025-03-17T02:42:50+00:00,0.194656
4324,2987,1,2,2025-03-02T13:53:39+00:00,1.384418
4325,3133,4,12,2025-01-25T10:06:44+00:00,0.295314
4326,3854,3,7,2025-01-15T01:54:29+00:00,0.301122
4327,3356,2,6,2025-02-14T22:23:52+00:00,1.796771
4328,3795,3,9,2025-03-28T11:10:28+00:00,0.480551
4329,1664,2,4,2025-02-15T23:36:16+00:00,1.703012
4330,2152,3,8,2025-03-16T20:55:29+00:00,0.443400
4331,4437,7,20,2025-03-24T20:23:35+00:00,0.773770
4332,4588,4,12,2025-01-31T15:29:31+00:00,0.472559
4333,4156,1,3,2025-01-28T22:40:44+00:00,1.412044
4334,359,6,18,2025-02-18T08:22:09+00:00,0.000000
4335,3125,4,10,2025-01-08T10:24:44+00:00,0.460203
4336,2753,4,12,2025-03-25T10:59:09+00:00,0.288805
4337,3825,9,27,2025-03-27T05:39:33+00:00,0.000000
4338,435,3,9,2025-03-06T23:44:14+00:00,0.418871
4339,3479,2,5,2025-01-12T13:39:44+00:00,1.197934
4340,3365,10,28,2025-02-16T05:40:21+00:00,0.000000
4341,2933,3,9,2025-01-28T20:28:48+00:00,0.376157
4342,1664,9,27,2025-02-14T03:44:13+00:00,0.000000
4343,4806,1,1,2025-02-13T04:45:49+00:00,1.148110
4344,4600,7,20,2025-03-09T22:23:03+00:00,0.434875
4345,351,7,19,2025-01-30T03:01:07+00:00,0.488319
4346,555,9,26,2025-02-07T05:50:50+00:00,0.000000
4347,1179,7,21,2025-02-05T05:17:23+00:00,0.938177
4348,751,8,22,2025-01-14T12:55:08+00:00,0.802528
4349,815,3,7,2025-02-07T00:33:50+00:00,0.264457
4350,2479,8,22,2025-01-10T09:19:13+00:00,0.643655
4351,2340,4,10,2025-01-23T02:48:27+00:00,0.497995
4352,3409,2,4,2025-03-13T20:13:09+00:00,0.903138
4353,1516,3,7,2025-03-18T13:20:02+00:00,0.193781
4354,3825,2,4,2025-03-28T20:33:31+00:00,1.574444
4355,3017,9,25,2025-01-15T22:32:07+00:00,0.000000
4356,3610,1,3,2025-03-16T14:36:55+00:00,1.727959
4357,4507,8,22,2025-02-18T18:13:35+00:00,0.690904
4358,816,1,1,2025-01-30T22:05:44+00:00,1.300268
4359,905,2,4,2025-01-06T21:47:54+00:00,1.272667
4360,1745,2,6,2025-01-04T09:19:38+00:00,0.866099
4361,3024,2,4,2025-01-25T06:54:14+00:00,1.394907
4362,136,4,12,2025-03-17T05:27:04+00:00,0.489382
4363,2269,6,18,2025-01-22T23:05:36+00:00,0.000000
4364,583,5,14,2025-03-01T11:56:23+00:00,0.000000
4365,4705,2,6,2025-02-06T01:05:46+00:00,1.594057
4366,4007,10,28,2025-02-03T07:55:25+00:00,0.000000
4367,3847,5,15,2025-02-26T02:15:08+00:00,0.000000
4368,2489,7,20,2025-02-04T14:47:09+00:00,1.024691
4369,4569,4,12,2025-02-06T14:56:00+00:00,0.472530
4370,4474,3,7,2025-01-08T20:02:40+00:00,0.389855
4371,1272,5,14,2025-02-13T17:45:03+00:00,0.000000
4372,3254,10,29,2025-01-21T01:54:51+00:00,0.000000
4373,3965,8,23,2025-02-06T13:51:09+00:00,0.514676
4374,4987,4,11,2025-03-22T05:41:46+00:00,0.324023
4375,674,1,3,2025-02-20T12:09:40+00:00,1.175425
4376,174,8,22,2025-02-11T14:01:00+00:00,1.168014
4377,944,3,9,2025-03-11T05:04:36+00:00,0.294657
4378,2696,10,28,2025-03-18T19:20:51+00:00,0.000000
4379,3554,3,8,2025-01-31T02:48:48+00:00,0.488163
4380,2059,1,3,2025-01-16T12:51:52+00:00,1.983945
4381,2130,2,5,2025-01-21T15:20:31+00:00,1.255637
4382,4189,8,24,2025-03-07T18:44:21+00:00,0.593444
4383,1990,6,16,2025-03-27T13:49:26+00:00,0.000000
4384,1582,7,19,2025-02-12T03:11:25+00:00,0.551622
4385,4311,3,9,2025-02-21T19:13:53+00:00,0.191834
4386,2469,1,3,2025-03-26T19:40:02+00:00,0.992679
4387,4328,8,22,2025-03-18T09:13:39+00:00,1.035204
4388,635,2,4,2025-01-11T23:50:01+00:00,1.010425
4389,520,3,9,2025-02-22T01:03:39+00:00,0.191580
4390,748,3,9,2025-03-25T09:30:09+00:00,0.388102
4391,1518,7,21,2025-02-15T07:15:42+00:00,0.602909
4392,1550,10,30,2025-02-01T22:26:11+00:00,0.000000
4393,2630,10,30,2025-01-23T12:51:15+00:00,0.000000
4394,115,3,8,2025-03-12T01:14:16+00:00,0.375278
4395,1383,5,14,2025-01-23T05:32:56+00:00,0.000000
4396,1678,7,19,2025-01-31T11:36:35+00:00,1.016269
4397,3171,4,11,2025-03-24T14:10:14+00:00,0.436461
4398,138,2,4,2025-02-22T00:56:25+00:00,1.024297
4399,1877,4,12,2025-03-28T01:51:24+00:00,0.190467
4400,4284,4,12,2025-03-25T09:44:30+00:00,0.471274
4401,271,6,16,2025-03-20T03:00:13+00:00,0.000000
4402,3094,9,25,2025-01-19T23:58:23+00:00,0.000000
4403,4280,9,25,2025-01-02T23:09:59+00:00,0.000000
4404,3275,1,1,2025-01-10T02:24:30+00:00,1.845683
4405,3769,3,9,2025-02-25T21:57:54+00:00,0.217055
4406,3064,7,20,2025-02-23T13:53:45+00:00,0.924297
4407,1723,1,1,2025-02-14T03:14:11+00:00,1.181992
4408,2815,1,3,2025-02-11T19:06:26+00:00,1.391523
4409,279,2,5,2025-02-25T02:07:27+00:00,0.904750
4410,3669,3,8,2025-02-08T23:06:52+00:00,0.223160
4411,3091,8,22,2025-02-02T14:27:40+00:00,0.440213
4412,129,1,3,2025-01-24T18:50:27+00:00,1.685797
4413,3453,3,7,2025-03-18T19:31:16+00:00,0.333187
4414,4025,5,14,2025-01-13T01:40:52+00:00,0.000000
4415,1921,8,24,2025-02-06T10:37:30+00:00,0.476745
4416,3938,7,21,2025-03-27T21:03:34+00:00,0.464582
4417,4209,3,7,2025-01-11T11:21:49+00:00,0.167109
4418,2171,1,1,2025-02-07T00:56:54+00:00,1.265221
4419,1495,7,21,2025-03-21T14:12:52+00:00,0.669908
4420,4375,2,5,2025-03-24T15:39:58+00:00,1.623469
4421,2952,4,11,2025-02-16T01:56:51+00:00,0.433640
4422,4874,8,22,2025-02-04T04:09:08+00:00,0.472733
4423,1344,4,12,2025-02-19T11:22:32+00:00,0.332358
4424,3415,1,3,2025-02-04T22:20:28+00:00,1.056429
4425,980,8,22,2025-02-14T05:00:57+00:00,0.924675
4426,2898,4,12,2025-02-25T15:40:17+00:00,0.227134
4427,3848,3,7,2025-03-17T14:03:09+00:00,0.348602
4428,894,2,5,2025-02-12T22:52:00+00:00,1.880409
4429,1274,8,24,2025-03-23T13:31:10+00:00,1.084901
4430,4568,4,11,2025-01-30T23:35:31+00:00,0.288848
4431,1222,2,6,2025-02-13T06:52:43+00:00,1.492398
4432,621,4,12,2025-02-08T12:21:34+00:00,0.381765
4433,386,1,2,2025-02-15T00:32:23+00:00,1.522911
4434,209,2,4,2025-02-23T11:41:45+00:00,1.432732
4435,4434,2,4,2025-03-14T10:18:40+00:00,1.501301
4436,4562,4,10,2025-03-20T15:39:42+00:00,0.253466
4437,2340,4,12,2025-01-19T10:42:25+00:00,0.341805
4438,4867,3,9,2025-02-02T17:55:39+00:00,0.268220
4439,3610,4,12,2025-03-16T05:27:52+00:00,0.300674
4440,3789,7,21,2025-01-07T20:30:56+00:00,0.652946
4441,1466,1,3,2025-02-26T17:24:18+00:00,1.735195
4442,404,1,3,2025-03-21T07:28:09+00:00,0.880384
4443,3058,4,11,2025-01-30T01:16:47+00:00,0.349746
4444,1575,7,20,2025-01-12T16:27:26+00:00,0.431422
4445,394,6,16,2025-02-03T21:57:10+00:00,0.000000
4446,1129,4,11,2025-03-10T06:30:02+00:00,0.248598
4447,641,4,10,2025-03-14T21:15:43+00:00,0.392475
4448,2670,4,10,2025-02-07T19:00:01+00:00,0.213053
4449,2791,7,20,2025-03-11T22:44:00+00:00,0.611497
4450,141,6,18,2025-01-27T00:20:56+00:00,0.000000
4451,1616,2,5,2025-03-16T07:42:11+00:00,1.157776
4452,788,1,1,2025-01-17T10:54:43+00:00,1.205913
4453,274,3,8,2025-01-31T00:13:32+00:00,0.283887
4454,2544,2,5,2025-03-16T18:17:42+00:00,1.415176
4455,2326,4,10,2025-01-24T22:29:51+00:00,0.466320
4456,461,4,10,2025-03-13T10:34:31+00:00,0.192340
4457,4653,1,2,2025-03-28T22:44:21+00:00,1.377512
4458,1629,1,2,2025-01-16T06:04:40+00:00,1.292759
4459,1294,3,7,2025-02-01T01:06:36+00:00,0.276468
4460,1189,1,3,2025-03-13T04:10:38+00:00,1.202054
4461,632,8,22,2025-01-30T11:01:07+00:00,1.093209
4462,3476,4,11,2025-01-14T06:05:23+00:00,0.399856
4463,3003,7,20,2025-03-24T07:22:16+00:00,1.033231
4464,3548,1,2,2025-03-02T00:40:09+00:00,1.107401
4465,4159,6,18,2025-03-24T01:25:26+00:00,0.000000
4466,4879,2,4,2025-03-27T20:57:42+00:00,1.024136
4467,1185,1,3,2025-02-06T12:20:35+00:00,1.296410
4468,2777,4,12,2025-02-05T17:59:02+00:00,0.392624
4469,4430,2,6,2025-02-26T22:41:57+00:00,1.404406
4470,130,2,5,2025-02-03T13:20:37+00:00,1.234337
4471,4893,1,3,2025-02-22T06:02:28+00:00,1.467592
4472,4226,3,7,2025-03-01T17:03:02+00:00,0.222101
4473,817,2,6,2025-01-20T10:33:59+00:00,0.878341
4474,3834,1,1,2025-02-04T11:05:23+00:00,1.320536
4475,2499,7,19,2025-02-12T12:32:45+00:00,0.757919
4476,378,1,2,2025-02-25T05:20:52+00:00,1.378941
4477,631,2,5,2025-02-12T15:25:38+00:00,1.001377
4478,4395,8,22,2025-02-20T23:53:07+00:00,0.447788
4479,1077,2,6,2025-02-16T08:09:08+00:00,1.170478
4480,1623,2,6,2025-03-19T01:44:27+00:00,1.835499
4481,3546,8,24,2025-03-10T20:21:44+00:00,0.815754
4482,220,3,7,2025-02-28T02:02:56+00:00,0.167939
4483,4450,3,7,2025-01-13T10:56:50+00:00,0.312701
4484,1362,3,8,2025-01-14T02:12:59+00:00,0.210093
4485,901,1,2,2025-03-03T11:09:01+00:00,1.540087
4486,1849,7,21,2025-01-27T14:07:19+00:00,1.028860
4487,4545,1,3,2025-01-13T13:41:53+00:00,1.030841
4488,3138,3,7,2025-03-10T22:42:30+00:00,0.359561
4489,4158,5,15,2025-02-10T23:48:27+00:00,0.000000
4490,2187,3,9,2025-02-18T23:48:55+00:00,0.226691
4491,3895,2,4,2025-01-06T23:15:10+00:00,1.246737
4492,4851,1,3,2025-02-05T21:30:41+00:00,1.261735
4493,1677,2,5,2025-01-15T19:59:50+00:00,1.583978
4494,4617,1,1,2025-03-27T03:13:47+00:00,1.001893
4495,781,3,9,2025-03-27T16:33:49+00:00,0.367454
4496,3251,1,1,2025-03-07T23:09:44+00:00,1.343204
4497,1727,9,27,2025-03-15T14:27:14+00:00,0.000000
4498,1437,2,6,2025-02-26T08:40:17+00:00,1.262510
4499,903,1,1,2025-02-05T08:38:28+00:00,1.479279
4500,3403,10,28,2025-02-20T17:10:24+00:00,0.000000
4501,3890,7,20,2025-02-22T13:17:59+00:00,0.994347
4502,922,2,4,2025-03-17T23:19:32+00:00,1.430199
4503,1643,10,28,2025-03-19T19:56:01+00:00,0.000000
4504,710,1,1,2025-02-25T02:24:06+00:00,1.937287
4505,3415,8,24,2025-01-30T13:27:52+00:00,0.932087
4506,3861,10,30,2025-02-25T15:12:17+00:00,0.000000
4507,4731,3,7,2025-02-15T08:29:36+00:00,0.152688
4508,4102,8,22,2025-03-11T07:38:10+00:00,0.502199
4509,4020,4,10,2025-03-06T15:24:54+00:00,0.452198
4510,1105,3,9,2025-02-02T13:38:46+00:00,0.251202
4511,1633,2,4,2025-01-14T19:22:19+00:00,1.063722
4512,3683,1,3,2025-01-21T03:53:55+00:00,1.750978
4513,3479,4,10,2025-01-10T03:25:27+00:00,0.237410
4514,1044,7,19,2025-02-20T05:28:15+00:00,0.557319
4515,1324,8,23,2025-03-23T08:37:50+00:00,0.567715
4516,2177,7,19,2025-02-21T18:04:10+00:00,0.945183
4517,4169,2,4,2025-01-21T01:22:04+00:00,0.824329
4518,930,2,6,2025-01-25T00:55:35+00:00,0.829065
4519,814,2,4,2025-01-28T10:52:55+00:00,0.931168
4520,589,1,1,2025-01-14T18:27:56+00:00,0.824829
4521,1515,6,18,2025-02-05T00:51:20+00:00,0.000000
4522,3323,2,5,2025-03-23T05:37:34+00:00,1.160333
4523,4618,4,11,2025-03-25T14:35:08+00:00,0.496802
4524,582,10,28,2025-03-03T21:33:01+00:00,0.000000
4525,2147,2,5,2025-02-12T00:47:19+00:00,1.358139
4526,282,2,5,2025-02-02T00:52:12+00:00,1.798802
4527,222,9,26,2025-02-05T07:09:39+00:00,0.000000
4528,3741,1,3,2025-02-05T17:38:24+00:00,1.016755
4529,2180,2,6,2025-02-26T04:21:50+00:00,1.706459
4530,4798,2,6,2025-03-17T18:48:13+00:00,0.815153
4531,176,2,6,2025-01-27T21:47:00+00:00,1.325416
4532,4348,7,21,2025-02-08T07:56:42+00:00,1.131802
4533,1627,4,11,2025-02-27T16:57:26+00:00,0.229158
4534,1363,10,30,2025-03-18T09:04:30+00:00,0.000000
4535,4325,10,28,2025-02-01T16:41:57+00:00,0.000000
4536,3103,1,1,2025-03-15T13:14:06+00:00,1.728950
4537,1990,1,3,2025-03-27T15:03:47+00:00,1.530119
4538,519,1,1,2025-01-31T13:38:31+00:00,1.455276
4539,4621,8,24,2025-02-09T14:39:17+00:00,0.513543
4540,4274,3,7,2025-03-01T07:20:55+00:00,0.225043
4541,1165,3,7,2025-02-26T04:51:27+00:00,0.326911
4542,3685,3,8,2025-03-23T23:21:42+00:00,0.315685
4543,1755,6,17,2025-03-04T16:08:13+00:00,0.000000
4544,2205,3,9,2025-01-16T11:19:07+00:00,0.482979
4545,776,3,8,2025-02-25T05:06:37+00:00,0.498433
4546,3127,4,12,2025-01-12T22:18:03+00:00,0.404193
4547,4030,3,9,2025-03-20T20:32:29+00:00,0.270306
4548,3134,7,20,2025-03-20T05:46:58+00:00,0.730886
4549,3778,6,17,2025-01-02T08:26:44+00:00,0.000000
4550,3220,2,4,2025-01-16T15:23:23+00:00,1.331012
4551,4994,3,8,2025-01-21T22:53:11+00:00,0.155633
4552,1041,3,7,2025-03-19T07:55:52+00:00,0.487227
4553,2458,4,10,2025-02-22T03:48:56+00:00,0.212918
4554,4370,3,8,2025-02-06T08:24:22+00:00,0.169580
4555,2648,6,17,2025-02-07T05:39:47+00:00,0.000000
4556,1745,2,5,2025-01-05T02:18:07+00:00,1.583981
4557,2048,2,4,2025-01-07T08:07:39+00:00,1.717899
4558,511,3,9,2025-02-02T18:15:11+00:00,0.228999
4559,1214,8,22,2025-03-16T23:18:45+00:00,0.585161
4560,188,7,19,2025-03-28T06:42:37+00:00,1.188215
4561,2195,4,12,2025-01-09T04:42:14+00:00,0.315365
4562,3897,7,20,2025-03-16T15:03:15+00:00,0.705657
4563,4569,8,22,2025-02-06T20:23:09+00:00,0.660835
4564,1953,3,8,2025-01-22T14:59:38+00:00,0.470780
4565,4997,1,1,2025-03-07T20:11:03+00:00,0.996722
4566,2380,6,18,2025-02-14T17:29:19+00:00,0.000000
4567,3304,4,11,2025-03-04T23:14:20+00:00,0.250457
4568,1269,4,10,2025-02-13T20:20:24+00:00,0.495084
4569,4343,1,1,2025-02-16T12:03:38+00:00,1.779835
4570,3327,2,6,2025-03-01T11:06:35+00:00,1.232305
4571,2486,1,3,2025-03-02T18:33:11+00:00,1.043869
4572,3655,9,25,2025-02-06T14:40:45+00:00,0.000000
4573,3330,8,24,2025-02-27T01:45:56+00:00,0.520227
4574,2961,2,4,2025-02-09T01:42:23+00:00,1.350550
4575,3420,2,6,2025-02-07T21:18:49+00:00,1.105586
4576,3097,7,19,2025-01-17T22:00:44+00:00,0.844690
4577,4808,1,2,2025-02-15T11:30:57+00:00,1.941212
4578,1879,10,29,2025-02-26T08:35:59+00:00,0.000000
4579,4468,2,4,2025-02-08T20:15:36+00:00,0.819853
4580,2412,3,7,2025-02-06T00:41:41+00:00,0.387108
4581,302,8,22,2025-02-16T18:00:44+00:00,0.845096
4582,3971,8,23,2025-03-07T00:37:49+00:00,0.734422
4583,4591,2,5,2025-03-12T13:19:59+00:00,1.979736
4584,3704,1,3,2025-03-17T01:04:48+00:00,1.244361
4585,4504,4,10,2025-03-01T14:15:38+00:00,0.416502
4586,3780,1,1,2025-03-03T09:30:39+00:00,1.052008
4587,2713,1,3,2025-01-12T19:49:31+00:00,1.963308
4588,2391,3,8,2025-02-04T10:34:24+00:00,0.299876
4589,2591,1,1,2025-02-02T17:04:49+00:00,0.841812
4590,2164,2,5,2025-02-24T05:16:58+00:00,1.425142
4591,3619,4,11,2025-01-22T17:25:13+00:00,0.338242
4592,3167,1,1,2025-02-23T09:10:56+00:00,1.920644
4593,310,2,6,2025-01-22T08:02:32+00:00,1.619695
4594,3222,1,3,2025-03-23T02:38:11+00:00,1.102864
4595,2913,10,28,2025-03-02T16:49:51+00:00,0.000000
4596,1216,4,11,2025-01-27T20:08:59+00:00,0.207089
4597,4178,1,2,2025-01-24T00:33:34+00:00,1.131721
4598,2291,3,9,2025-01-09T06:01:56+00:00,0.215413
4599,2593,9,25,2025-02-05T15:37:58+00:00,0.000000
4600,2333,3,8,2025-03-09T03:49:57+00:00,0.302456
4601,1753,8,23,2025-03-02T15:25:35+00:00,0.408500
4602,2623,1,3,2025-01-24T13:39:24+00:00,1.635543
4603,1906,4,10,2025-02-17T06:57:53+00:00,0.238830
4604,1543,2,4,2025-03-05T13:11:17+00:00,1.935923
4605,4639,3,9,2025-02-22T09:11:26+00:00,0.156708
4606,1953,1,2,2025-01-22T09:05:29+00:00,1.815340
4607,4125,6,17,2025-03-12T03:41:34+00:00,0.000000
4608,107,10,29,2025-03-12T19:02:09+00:00,0.000000
4609,1552,5,13,2025-01-29T18:21:18+00:00,0.000000
4610,1541,1,1,2025-01-17T14:33:29+00:00,1.557660
4611,3492,8,22,2025-02-27T17:33:18+00:00,1.038093
4612,1499,2,6,2025-02-09T19:04:07+00:00,1.798237
4613,4875,4,11,2025-02-28T16:24:46+00:00,0.386827
4614,652,1,3,2025-03-19T23:49:38+00:00,1.624121
4615,1031,8,22,2025-03-11T15:46:08+00:00,1.038757
4616,2282,7,19,2025-03-19T20:29:32+00:00,0.468015
4617,1982,2,6,2025-02-23T04:12:39+00:00,1.273803
4618,248,2,5,2025-02-03T12:25:38+00:00,1.937792
4619,4849,5,13,2025-01-29T16:54:47+00:00,0.000000
4620,1072,2,5,2025-03-11T08:31:33+00:00,1.240833
4621,4759,2,5,2025-03-19T17:29:10+00:00,1.846546
4622,2366,7,21,2025-03-22T21:23:53+00:00,1.166637
4623,471,4,11,2025-02-09T21:02:20+00:00,0.398972
4624,4765,10,29,2025-01-29T22:46:10+00:00,0.000000
4625,3312,10,28,2025-02-12T17:59:07+00:00,0.000000
4626,487,1,3,2025-01-29T04:24:09+00:00,1.567094
4627,660,4,11,2025-03-25T17:34:43+00:00,0.358079
4628,3438,2,6,2025-02-02T09:51:59+00:00,1.626564
4629,2199,1,2,2025-02-11T20:22:50+00:00,1.082811
4630,3152,8,24,2025-01-24T21:41:29+00:00,1.172758
4631,2073,7,19,2025-02-11T20:59:21+00:00,1.091742
4632,2765,9,26,2025-01-29T08:19:25+00:00,0.000000
4633,4005,1,3,2025-01-22T10:16:38+00:00,1.108314
4634,4403,2,5,2025-01-17T14:13:57+00:00,1.921979
4635,2110,7,19,2025-03-04T16:53:48+00:00,0.562993
4636,715,2,4,2025-03-08T04:09:39+00:00,1.339749
4637,4707,5,13,2025-02-18T12:42:54+00:00,0.000000
4638,2182,9,26,2025-03-28T08:34:53+00:00,0.000000
4639,2778,7,20,2025-03-26T14:27:40+00:00,0.731253
4640,2913,2,4,2025-02-28T12:59:33+00:00,1.395718
4641,2863,4,11,2025-02-26T19:10:04+00:00,0.475359
4642,3395,7,21,2025-03-08T18:51:12+00:00,1.164198
4643,4274,2,6,2025-02-27T03:16:13+00:00,1.032958
4644,274,3,7,2025-01-30T19:25:16+00:00,0.494453
4645,345,10,29,2025-03-15T12:25:57+00:00,0.000000
4646,3854,2,5,2025-01-15T00:22:12+00:00,0.946022
4647,1542,1,1,2025-01-09T13:50:29+00:00,1.262976
4648,1969,2,4,2025-02-19T12:23:51+00:00,1.957813
4649,1221,2,4,2025-01-03T01:53:27+00:00,1.492849
4650,1448,2,4,2025-02-12T15:48:58+00:00,0.889337
4651,2422,2,6,2025-01-18T23:33:56+00:00,0.839269
4652,299,2,4,2025-03-11T00:32:08+00:00,1.097569
4653,1880,8,23,2025-02-26T16:17:37+00:00,0.818498
4654,1605,8,23,2025-03-19T23:46:07+00:00,0.611876
4655,3566,2,5,2025-03-03T03:11:04+00:00,1.676915
4656,3023,8,22,2025-02-06T13:33:41+00:00,0.786147
4657,321,2,6,2025-03-05T08:17:17+00:00,1.069032
4658,3568,2,5,2025-03-01T19:49:10+00:00,1.220595
4659,3557,2,6,2025-02-06T01:14:35+00:00,1.536756
4660,776,7,20,2025-03-04T02:34:35+00:00,0.939076
4661,4633,4,11,2025-02-14T00:49:23+00:00,0.273327
4662,2658,9,26,2025-03-01T20:02:43+00:00,0.000000
4663,1061,4,12,2025-03-04T04:06:33+00:00,0.356174
4664,3987,7,20,2025-01-17T00:19:20+00:00,0.434098
4665,2060,2,6,2025-03-25T03:33:27+00:00,1.723391
4666,1961,1,1,2025-03-03T23:53:53+00:00,1.989570
4667,3577,2,4,2025-02-03T01:20:45+00:00,0.855572
4668,1983,2,6,2025-02-24T10:03:03+00:00,1.302778
4669,203,10,28,2025-01-21T19:31:55+00:00,0.000000
4670,2513,5,15,2025-01-14T21:52:04+00:00,0.000000
4671,1512,4,10,2025-03-25T13:49:55+00:00,0.322199
4672,1637,6,18,2025-02-03T06:19:40+00:00,0.000000
4673,4478,1,1,2025-01-28T23:13:49+00:00,1.598089
4674,2796,2,4,2025-01-31T23:44:23+00:00,1.199424
4675,3229,10,28,2025-03-20T22:16:28+00:00,0.000000
4676,3750,3,8,2025-02-06T16:38:22+00:00,0.332323
4677,1019,1,2,2025-01-19T08:13:48+00:00,1.476091
4678,3820,10,29,2025-03-15T06:20:28+00:00,0.000000
4679,607,1,3,2025-02-01T08:11:42+00:00,1.132929
4680,2452,1,3,2025-02-27T08:49:24+00:00,1.020339
4681,828,10,28,2025-02-22T18:40:23+00:00,0.000000
4682,4557,4,12,2025-03-12T17:02:43+00:00,0.421604
4683,4793,4,12,2025-02-12T05:31:18+00:00,0.402157
4684,4957,9,27,2025-03-24T22:38:59+00:00,0.000000
4685,4957,3,8,2025-03-25T12:24:31+00:00,0.488482
4686,4637,1,3,2025-03-22T01:01:12+00:00,0.949957
4687,1915,1,1,2025-03-01T17:38:47+00:00,1.681812
4688,2125,5,15,2025-01-11T01:47:05+00:00,0.000000
4689,1790,3,7,2025-01-09T08:51:16+00:00,0.285124
4690,3497,9,27,2025-02-21T20:50:07+00:00,0.000000
4691,2668,2,6,2025-03-26T11:27:02+00:00,1.236093
4692,2835,4,11,2025-01-27T18:32:17+00:00,0.310733
4693,2202,2,4,2025-02-14T01:54:59+00:00,1.793880
4694,451,7,21,2025-02-20T12:31:14+00:00,1.150219
4695,4689,3,9,2025-01-24T19:59:57+00:00,0.451400
4696,552,8,23,2025-02-11T02:37:44+00:00,1.085371
4697,2612,3,8,2025-01-11T20:21:53+00:00,0.459056
4698,3842,3,7,2025-03-15T01:33:19+00:00,0.289148
4699,2315,1,3,2025-02-19T10:47:56+00:00,1.490092
4700,1615,1,1,2025-02-01T04:15:41+00:00,1.311308
4701,459,2,6,2025-03-06T02:48:39+00:00,1.207265
4702,2966,4,11,2025-03-26T21:04:46+00:00,0.220460
4703,2221,9,25,2025-03-20T03:50:05+00:00,0.000000
4704,779,2,5,2025-01-31T11:00:44+00:00,1.884138
4705,147,3,9,2025-01-31T08:49:13+00:00,0.178218
4706,2926,2,4,2025-03-03T20:57:08+00:00,1.101449
4707,284,1,1,2025-02-26T18:49:15+00:00,1.880615
4708,2504,4,12,2025-02-22T07:45:49+00:00,0.154484
4709,2380,10,29,2025-02-12T02:04:02+00:00,0.000000
4710,3651,4,10,2025-03-07T13:38:09+00:00,0.429745
4711,2859,4,11,2025-02-23T23:23:56+00:00,0.436653
4712,2816,1,3,2025-02-14T10:33:10+00:00,0.881958
4713,3025,1,2,2025-01-31T18:47:00+00:00,0.973042
4714,433,2,6,2025-02-01T03:27:06+00:00,1.988369
4715,198,6,17,2025-01-28T15:47:45+00:00,0.000000
4716,2058,2,6,2025-02-05T03:18:05+00:00,0.873379
4717,2197,3,8,2025-02-03T23:52:22+00:00,0.183365
4718,253,7,20,2025-01-27T13:11:48+00:00,0.954743
4719,4565,3,7,2025-01-20T08:26:42+00:00,0.239266
4720,256,6,16,2025-02-13T13:47:55+00:00,0.000000
4721,257,2,4,2025-03-10T03:14:26+00:00,1.485083
4722,2473,9,27,2025-01-18T10:45:38+00:00,0.000000
4723,4374,4,11,2025-02-13T08:55:26+00:00,0.383831
4724,2705,6,16,2025-01-30T16:14:52+00:00,0.000000
4725,2318,2,6,2025-03-04T12:32:38+00:00,1.239835
4726,3943,1,3,2025-02-23T13:52:23+00:00,1.670357
4727,2853,2,4,2025-03-09T00:57:21+00:00,0.964157
4728,2954,2,6,2025-03-04T06:12:01+00:00,1.957772
4729,2830,1,2,2025-03-12T22:27:31+00:00,1.206618
4730,2480,3,7,2025-01-16T11:09:26+00:00,0.458999
4731,4829,4,12,2025-03-23T16:50:20+00:00,0.405644
4732,788,3,7,2025-01-19T21:12:52+00:00,0.411159
4733,1660,6,16,2025-02-19T01:56:41+00:00,0.000000
4734,3354,2,5,2025-02-12T22:35:59+00:00,0.971449
4735,832,2,6,2025-01-26T02:29:09+00:00,0.801444
4736,1192,1,3,2025-03-17T00:48:53+00:00,1.704698
4737,4690,4,11,2025-01-21T21:39:12+00:00,0.328817
4738,3058,3,9,2025-01-29T20:28:51+00:00,0.229485
4739,2535,2,4,2025-01-08T04:25:55+00:00,1.168336
4740,3401,4,12,2025-03-23T20:22:35+00:00,0.350402
4741,3380,4,10,2025-01-24T09:15:59+00:00,0.390013
4742,2991,8,23,2025-03-06T03:19:26+00:00,0.435559
4743,4969,2,6,2025-02-05T02:34:15+00:00,1.051256
4744,168,7,19,2025-01-17T21:21:44+00:00,0.891437
4745,3716,2,5,2025-01-15T18:44:49+00:00,1.497873
4746,2177,1,3,2025-02-20T02:59:34+00:00,1.016775
4747,663,10,29,2025-03-01T02:47:29+00:00,0.000000
4748,1447,7,19,2025-02-15T13:18:59+00:00,1.048969
4749,1142,2,4,2025-02-24T10:13:47+00:00,1.264621
4750,2641,1,1,2025-02-03T23:59:31+00:00,1.519004
4751,2824,5,14,2025-02-03T20:33:54+00:00,0.000000
4752,287,8,22,2025-01-09T10:30:04+00:00,1.036608
4753,843,2,6,2025-03-28T01:12:02+00:00,1.071303
4754,2567,8,24,2025-01-02T08:32:02+00:00,0.552998
4755,4099,3,9,2025-02-10T14:56:39+00:00,0.491435
4756,1304,1,3,2025-01-14T00:31:23+00:00,1.480814
4757,1327,2,4,2025-03-12T05:19:15+00:00,1.885279
4758,4853,5,14,2025-03-28T10:37:23+00:00,0.000000
4759,1418,2,4,2025-02-07T10:37:55+00:00,1.515963
4760,2588,4,12,2025-03-27T19:21:04+00:00,0.404942
4761,4066,8,23,2025-03-19T16:56:29+00:00,0.976110
4762,504,1,2,2025-02-15T17:26:03+00:00,0.881680
4763,1735,2,4,2025-01-09T18:01:01+00:00,1.622588
4764,1825,2,6,2025-02-24T18:41:30+00:00,1.109690
4765,4022,3,7,2025-03-16T21:17:25+00:00,0.261001
4766,4049,8,22,2025-03-24T12:00:52+00:00,0.561576
4767,2040,9,25,2025-01-23T13:38:24+00:00,0.000000
4768,2249,1,2,2025-01-31T23:53:25+00:00,1.241922
4769,3045,3,9,2025-03-08T12:01:59+00:00,0.335283
4770,4803,4,12,2025-02-25T03:38:54+00:00,0.163635
4771,2662,4,10,2025-02-02T14:30:22+00:00,0.167646
4772,397,2,5,2025-02-18T08:09:01+00:00,1.477698
4773,619,2,5,2025-02-21T18:57:49+00:00,1.285247
4774,3448,8,22,2025-01-30T20:29:00+00:00,1.011152
4775,584,2,5,2025-03-18T07:33:26+00:00,1.931956
4776,2958,6,17,2025-01-16T03:41:29+00:00,0.000000
4777,4402,10,30,2025-01-04T08:06:40+00:00,0.000000
4778,3394,3,9,2025-01-14T16:49:02+00:00,0.256917
4779,2929,2,4,2025-02-26T11:03:02+00:00,1.404146
4780,3620,2,5,2025-02-05T00:21:49+00:00,0.886972
4781,1040,4,12,2025-03-26T22:34:11+00:00,0.465199
4782,110,2,6,2025-01-10T15:45:21+00:00,1.580191
4783,4247,7,19,2025-01-06T23:33:46+00:00,0.462111
4784,2240,2,4,2025-01-15T20:10:19+00:00,0.945241
4785,4267,8,24,2025-03-09T18:01:13+00:00,1.127830
4786,2295,9,27,2025-02-11T13:41:59+00:00,0.000000
4787,1125,5,14,2025-03-28T06:53:38+00:00,0.000000
4788,1142,4,10,2025-02-18T10:55:42+00:00,0.190554
4789,562,4,12,2025-02-16T08:29:23+00:00,0.406251
4790,4253,5,14,2025-03-16T12:16:37+00:00,0.000000
4791,3717,1,2,2025-01-16T07:50:18+00:00,1.561317
4792,3944,1,1,2025-03-17T01:54:28+00:00,1.021501
4793,4636,9,27,2025-03-22T16:02:56+00:00,0.000000
4794,1348,2,4,2025-01-23T03:25:54+00:00,1.391241
4795,1824,2,6,2025-02-25T09:52:57+00:00,1.222322
4796,879,4,12,2025-01-21T02:08:26+00:00,0.168536
4797,1824,7,19,2025-02-23T00:21:14+00:00,0.977539
4798,3878,1,3,2025-01-29T23:18:14+00:00,0.811487
4799,3680,2,5,2025-01-15T12:55:33+00:00,1.340389
4800,427,4,12,2025-03-21T03:20:43+00:00,0.494755
4801,1488,1,3,2025-03-20T07:11:09+00:00,1.977891
4802,1527,4,11,2025-01-20T05:31:13+00:00,0.204251
4803,769,9,27,2025-03-22T00:02:47+00:00,0.000000
4804,3218,3,8,2025-01-22T11:47:51+00:00,0.230123
4805,3101,3,7,2025-01-21T01:49:42+00:00,0.339517
4806,2580,3,8,2025-03-21T18:40:09+00:00,0.470702
4807,940,2,6,2025-01-25T22:16:39+00:00,1.912552
4808,749,1,2,2025-01-22T04:26:42+00:00,0.921354
4809,1764,10,28,2025-01-20T23:53:34+00:00,0.000000
4810,3807,3,9,2025-03-27T03:53:35+00:00,0.459339
4811,4767,1,2,2025-01-19T00:30:50+00:00,1.805261
4812,1569,3,8,2025-03-14T17:27:06+00:00,0.402898
4813,3510,1,3,2025-03-02T09:43:14+00:00,1.988206
4814,1542,4,11,2025-01-07T11:23:57+00:00,0.381251
4815,3857,5,13,2025-01-17T13:43:27+00:00,0.000000
4816,1257,3,7,2025-03-04T19:24:05+00:00,0.220830
4817,2132,1,3,2025-01-28T13:18:39+00:00,0.945668
4818,673,3,7,2025-02-01T18:50:20+00:00,0.268268
4819,3658,10,28,2025-03-27T11:36:06+00:00,0.000000
4820,606,2,5,2025-03-06T18:52:13+00:00,1.373393
4821,3285,1,1,2025-02-19T14:53:20+00:00,1.318046
4822,4076,1,1,2025-03-23T11:29:39+00:00,1.375552
4823,3247,6,18,2025-02-22T11:53:24+00:00,0.000000
4824,1781,3,8,2025-03-11T22:02:23+00:00,0.261296
4825,1257,4,12,2025-03-04T03:39:43+00:00,0.339094
4826,3499,3,7,2025-02-28T20:28:37+00:00,0.222463
4827,1502,3,8,2025-02-18T13:28:59+00:00,0.346172
4828,2975,2,5,2025-01-28T08:26:54+00:00,1.332690
4829,2870,3,9,2025-03-16T15:29:13+00:00,0.397136
4830,3200,1,1,2025-02-02T23:51:51+00:00,1.948906
4831,2523,8,24,2025-02-17T20:25:41+00:00,1.125940
4832,4663,7,20,2025-03-05T05:43:43+00:00,1.048307
4833,3735,4,11,2025-03-02T01:41:10+00:00,0.181806
4834,3295,5,15,2025-01-10T17:44:51+00:00,0.000000
4835,4056,1,3,2025-03-02T19:11:58+00:00,1.055511
4836,2241,4,11,2025-01-27T11:54:42+00:00,0.447769
4837,116,2,4,2025-03-25T05:19:04+00:00,1.233503
4838,2084,1,3,2025-03-26T17:53:45+00:00,0.838125
4839,1476,1,1,2025-03-26T21:06:21+00:00,1.357559
4840,1290,2,6,2025-02-09T18:09:47+00:00,1.305348
4841,2378,1,3,2025-03-05T19:31:33+00:00,1.024058
4842,2905,1,1,2025-01-12T03:40:39+00:00,1.970300
4843,4857,1,1,2025-01-14T10:30:49+00:00,1.175301
4844,883,1,2,2025-03-21T16:52:37+00:00,1.861318
4845,675,4,10,2025-01-06T00:39:37+00:00,0.400242
4846,2259,1,3,2025-03-22T19:29:05+00:00,1.811282
4847,1736,8,24,2025-01-30T23:04:43+00:00,1.047858
4848,2446,3,7,2025-03-06T21:54:45+00:00,0.437969
4849,3568,2,6,2025-02-28T15:58:35+00:00,1.357953
4850,4363,2,5,2025-01-15T10:31:26+00:00,1.754374
4851,1671,3,8,2025-02-07T04:11:40+00:00,0.351235
4852,2269,7,19,2025-01-20T00:37:19+00:00,1.081474
4853,2676,3,9,2025-03-21T17:15:55+00:00,0.415458
4854,1771,3,9,2025-01-24T06:22:29+00:00,0.172366
4855,1115,6,18,2025-02-20T12:35:40+00:00,0.000000
4856,1273,6,16,2025-02-02T06:35:19+00:00,0.000000
4857,1058,5,15,2025-03-11T00:41:52+00:00,0.000000
4858,1198,4,10,2025-01-10T05:13:37+00:00,0.373172
4859,3367,5,15,2025-01-25T10:50:59+00:00,0.000000
4860,4607,4,10,2025-02-16T03:39:44+00:00,0.228745
4861,3314,4,12,2025-03-15T13:10:43+00:00,0.182173
4862,3897,4,10,2025-03-15T18:49:59+00:00,0.269949
4863,1345,2,4,2025-02-14T00:10:41+00:00,1.767095
4864,2148,1,2,2025-01-28T15:54:13+00:00,1.851345
4865,4594,7,20,2025-03-17T05:37:41+00:00,0.595388
4866,2610,2,5,2025-03-06T18:33:47+00:00,1.522027
4867,2544,1,3,2025-03-16T03:54:00+00:00,1.250194
4868,4759,2,4,2025-03-21T13:15:37+00:00,0.942286
4869,2500,4,10,2025-01-11T06:58:35+00:00,0.340181
4870,2920,3,7,2025-01-08T22:38:10+00:00,0.238983
4871,1978,4,10,2025-02-16T04:59:16+00:00,0.190090
4872,1103,3,8,2025-01-17T02:09:02+00:00,0.496889
4873,4074,3,9,2025-01-29T18:23:18+00:00,0.456179
4874,2589,1,2,2025-03-24T10:11:58+00:00,1.747900
4875,4240,1,1,2025-01-17T17:52:46+00:00,1.737247
4876,771,8,22,2025-03-23T05:53:01+00:00,1.010601
4877,1583,4,11,2025-02-08T20:13:23+00:00,0.361668
4878,2706,1,1,2025-03-21T21:10:34+00:00,1.033517
4879,3125,2,6,2025-01-07T04:05:23+00:00,0.839471
4880,2851,5,15,2025-01-21T14:18:32+00:00,0.000000
4881,3945,4,11,2025-03-18T18:17:32+00:00,0.257796
4882,3271,9,27,2025-01-19T08:20:45+00:00,0.000000
4883,3306,10,30,2025-03-21T15:26:56+00:00,0.000000
4884,1667,2,5,2025-03-26T00:36:06+00:00,1.541767
4885,3455,4,10,2025-03-28T06:09:00+00:00,0.275655
4886,4988,1,2,2025-01-06T09:50:52+00:00,1.173957
4887,3035,1,2,2025-01-29T14:21:58+00:00,1.663249
4888,2306,4,11,2025-02-15T16:11:38+00:00,0.188675
4889,1614,5,14,2025-02-18T15:15:28+00:00,0.000000
4890,2265,2,4,2025-02-28T18:01:46+00:00,1.999121
4891,2748,4,12,2025-03-23T01:10:31+00:00,0.408572
4892,1583,9,25,2025-02-19T23:54:09+00:00,0.000000
4893,3827,2,6,2025-02-24T18:25:56+00:00,1.323612
4894,610,1,1,2025-01-14T08:12:43+00:00,1.899759
4895,3379,2,5,2025-02-21T14:07:30+00:00,1.808419
4896,2059,10,30,2025-01-12T15:07:56+00:00,0.000000
4897,2347,2,5,2025-01-13T19:42:43+00:00,1.132748
4898,3457,4,11,2025-03-22T11:31:37+00:00,0.442327
4899,3412,7,21,2025-03-21T18:01:55+00:00,0.921656
4900,338,10,28,2025-02-18T18:46:59+00:00,0.000000
4901,1317,1,1,2025-02-10T02:58:14+00:00,1.461817
4902,2091,4,11,2025-01-23T04:56:48+00:00,0.165014
4903,1253,4,10,2025-03-24T21:57:36+00:00,0.356803
4904,2862,4,11,2025-02-23T22:43:50+00:00,0.176456
4905,1998,8,22,2025-03-25T14:24:18+00:00,1.154408
4906,2164,2,5,2025-02-18T05:11:39+00:00,1.571106
4907,3127,1,1,2025-01-11T00:20:56+00:00,0.864790
4908,3386,1,3,2025-02-18T21:31:30+00:00,1.716445
4909,715,3,9,2025-03-05T22:59:23+00:00,0.162261
4910,3150,6,16,2025-02-27T06:33:06+00:00,0.000000
4911,2779,2,6,2025-03-04T17:27:17+00:00,1.189577
4912,1633,3,7,2025-01-14T18:17:44+00:00,0.456856
4913,3909,3,7,2025-02-19T20:39:59+00:00,0.447825
4914,736,3,9,2025-03-28T10:41:08+00:00,0.304163
4915,2830,3,8,2025-03-10T12:49:55+00:00,0.239834
4916,3217,1,1,2025-01-07T08:02:38+00:00,1.314486
4917,1623,1,3,2025-03-20T12:40:35+00:00,1.507287
4918,301,3,7,2025-02-09T04:36:06+00:00,0.488998
4919,3316,6,18,2025-03-18T14:35:15+00:00,0.000000
4920,3078,1,2,2025-02-22T14:49:38+00:00,1.107976
4921,2279,6,18,2025-01-09T23:16:41+00:00,0.000000
4922,1726,2,6,2025-01-23T12:14:49+00:00,1.680282
4923,831,3,7,2025-03-04T18:18:16+00:00,0.242606
4924,428,10,30,2025-01-25T17:50:24+00:00,0.000000
4925,1055,2,4,2025-01-26T07:53:53+00:00,1.042251
4926,2893,6,17,2025-01-06T17:08:03+00:00,0.000000
4927,3955,1,3,2025-02-20T16:59:37+00:00,1.464742
4928,4030,2,4,2025-03-18T20:01:10+00:00,1.912736
4929,785,1,1,2025-03-03T03:46:31+00:00,0.864450
4930,1767,10,30,2025-02-01T19:27:19+00:00,0.000000
4931,3221,1,3,2025-01-13T05:01:00+00:00,1.950047
4932,641,5,15,2025-03-14T03:22:03+00:00,0.000000
4933,3248,4,10,2025-03-03T04:34:25+00:00,0.385812
4934,723,4,12,2025-02-03T10:08:35+00:00,0.213227
4935,3342,7,20,2025-01-06T05:46:17+00:00,0.655176
4936,4504,2,4,2025-03-07T14:23:38+00:00,0.907917
4937,3391,9,25,2025-01-06T07:40:22+00:00,0.000000
4938,828,8,22,2025-02-22T18:28:00+00:00,0.960668
4939,2786,3,7,2025-03-26T20:51:15+00:00,0.445195
4940,1048,1,2,2025-03-21T13:03:31+00:00,1.986322
4941,2953,7,20,2025-03-10T20:27:59+00:00,1.085472
4942,4075,3,9,2025-03-20T05:57:38+00:00,0.373073
4943,4296,7,21,2025-03-05T16:29:42+00:00,0.838573
4944,2879,8,24,2025-01-31T11:26:28+00:00,0.979396
4945,2565,6,17,2025-02-17T12:47:44+00:00,0.000000
4946,1772,2,5,2025-03-13T15:25:50+00:00,1.526153
4947,1783,2,6,2025-03-08T16:16:21+00:00,1.431525
4948,4162,10,30,2025-03-18T14:12:19+00:00,0.000000
4949,3315,1,3,2025-01-24T05:15:22+00:00,1.789513
4950,2417,2,5,2025-01-16T08:52:01+00:00,1.166332
4951,372,2,6,2025-02-03T15:41:31+00:00,1.505206
4952,602,7,21,2025-02-08T22:08:11+00:00,0.465496
4953,4649,1,3,2025-01-23T01:51:18+00:00,1.967089
4954,3111,10,29,2025-01-31T18:08:09+00:00,0.000000
4955,3513,1,3,2025-02-05T07:48:33+00:00,1.091854
4956,1275,8,23,2025-03-23T20:18:40+00:00,1.113458
4957,3321,2,4,2025-01-28T19:07:35+00:00,0.891459
4958,4185,8,22,2025-02-28T21:47:20+00:00,0.456710
4959,4240,9,27,2025-01-17T04:43:04+00:00,0.000000
4960,4711,3,9,2025-02-26T13:38:59+00:00,0.217941
4961,2404,4,11,2025-02-25T11:28:49+00:00,0.227074
4962,1282,7,20,2025-01-24T05:24:41+00:00,1.137680
4963,3983,1,2,2025-01-16T11:15:17+00:00,1.934347
4964,1299,9,25,2025-02-23T19:27:42+00:00,0.000000
4965,4609,1,2,2025-03-12T03:51:20+00:00,0.876428
4966,4937,6,17,2025-03-01T22:10:00+00:00,0.000000
4967,1273,8,22,2025-02-04T18:00:15+00:00,0.826405
4968,737,3,8,2025-02-22T18:10:26+00:00,0.308293
4969,975,2,4,2025-03-24T18:55:33+00:00,1.228144
4970,211,7,19,2025-02-16T18:40:52+00:00,1.049951
4971,4618,10,30,2025-03-26T00:48:12+00:00,0.000000
4972,3677,6,18,2025-03-19T15:33:25+00:00,0.000000
4973,4678,2,5,2025-01-22T09:44:50+00:00,1.289060
4974,906,1,2,2025-01-08T22:34:08+00:00,1.125193
4975,3731,1,2,2025-02-23T21:06:11+00:00,1.454091
4976,3285,1,3,2025-02-20T11:25:54+00:00,1.086562
4977,2700,3,7,2025-02-15T00:02:46+00:00,0.192110
4978,3699,7,21,2025-01-18T03:40:47+00:00,0.864888
4979,107,1,1,2025-03-15T07:34:02+00:00,1.499657
4980,4586,7,20,2025-03-24T05:40:49+00:00,0.796701
4981,4869,3,8,2025-03-24T13:51:56+00:00,0.469706
4982,4296,8,22,2025-03-06T13:50:52+00:00,0.710324
4983,4451,6,17,2025-01-28T23:29:29+00:00,0.000000
4984,4091,3,7,2025-01-17T04:17:25+00:00,0.410171
4985,1914,2,6,2025-03-08T07:01:03+00:00,1.289466
4986,4772,2,4,2025-02-16T12:38:28+00:00,1.974315
4987,4004,3,8,2025-03-27T16:12:18+00:00,0.423214
4988,3405,8,22,2025-02-04T19:17:37+00:00,0.407830
4989,3227,1,1,2025-03-15T01:11:16+00:00,1.051511
4990,1893,2,6,2025-01-06T07:04:06+00:00,0.809503
4991,1346,4,11,2025-02-10T21:11:02+00:00,0.407074
4992,4404,4,12,2025-01-26T01:47:22+00:00,0.311585
4993,2807,7,21,2025-01-17T17:45:42+00:00,0.908310
4994,4805,1,2,2025-03-08T10:20:46+00:00,1.377426
4995,4716,2,4,2025-02-05T17:17:53+00:00,1.103249
4996,3548,8,24,2025-03-05T22:10:20+00:00,0.722186
4997,1660,9,26,2025-02-18T01:24:19+00:00,0.000000
4998,1032,2,5,2025-02-08T07:59:39+00:00,1.486910
4999,3629,2,4,2025-01-13T13:50:19+00:00,1.776303
5000,2967,2,6,2025-02-06T06:22:42+00:00,1.666781
5001,2701,2,6,2025-02-27T09:48:16+00:00,1.829974
5002,3587,7,19,2025-03-08T06:29:55+00:00,0.855717
5003,4328,4,12,2025-03-21T08:11:12+00:00,0.225799
5004,1046,4,12,2025-01-18T16:51:12+00:00,0.308733
5005,3613,9,27,2025-01-29T15:07:30+00:00,0.000000
5006,1106,2,5,2025-03-05T20:01:09+00:00,1.158931
5007,2135,3,8,2025-02-03T21:43:34+00:00,0.243500
5008,1822,1,3,2025-02-06T21:31:32+00:00,1.436381
5009,658,2,5,2025-03-04T08:39:59+00:00,1.578646
5010,4945,2,4,2025-01-14T09:33:40+00:00,1.676507
5011,2627,1,3,2025-03-02T00:42:05+00:00,0.923019
5012,3512,4,10,2025-01-31T16:26:11+00:00,0.364368
5013,3949,6,16,2025-01-08T21:13:49+00:00,0.000000
5014,1814,2,4,2025-03-19T13:11:00+00:00,1.537754
5015,4406,4,11,2025-02-20T05:33:35+00:00,0.487287
5016,1417,1,2,2025-03-08T00:31:05+00:00,1.165793
5017,1949,4,10,2025-01-08T16:34:11+00:00,0.388524
5018,647,3,7,2025-02-17T01:26:46+00:00,0.168935
5019,4852,1,2,2025-03-20T07:50:05+00:00,1.507579
5020,4043,2,5,2025-01-19T21:27:30+00:00,1.049410
5021,3812,1,3,2025-03-26T04:28:08+00:00,1.942106
