revenue_id,user_id,revenue_time,revenue_amount,revenue_type
1,1,2025-03-07T02:18:07+00:00,75.210000,purchase
2,2,2025-01-13T04:02:21+00:00,212.840000,purchase
3,2,2025-01-19T09:02:21+00:00,166.015200,repeat_purchase
4,2,2025-02-08T03:02:21+00:00,202.198000,repeat_purchase
5,3,2025-01-06T13:32:15+00:00,202.380000,purchase
6,4,2025-03-14T00:49:01+00:00,195.240000,purchase
7,4,2025-03-27T18:49:01+00:00,191.335200,repeat_purchase
8,5,2025-03-22T16:21:18+00:00,187.100000,purchase
9,6,2025-01-18T11:40:26+00:00,200.760000,purchase
10,6,2025-01-26T09:40:26+00:00,275.041200,repeat_purchase
11,7,2025-02-07T08:33:39+00:00,46.590000,purchase
12,7,2025-02-22T11:33:39+00:00,37.272000,repeat_purchase
13,8,2025-02-09T16:14:22+00:00,115.390000,purchase
14,8,2025-02-23T01:14:22+00:00,135.006300,repeat_purchase
15,8,2025-03-10T20:14:22+00:00,81.926900,repeat_purchase
16,9,2025-01-22T03:20:22+00:00,153.120000,purchase
17,9,2025-02-10T03:20:22+00:00,87.278400,repeat_purchase
18,10,2025-03-27T03:12:11+00:00,87.680000,purchase
19,11,2025-02-08T07:28:52+00:00,76.540000,purchase
20,12,2025-03-10T11:02:53+00:00,190.360000,purchase
21,12,2025-03-27T22:02:53+00:00,230.335600,repeat_purchase
22,13,2025-02-17T15:17:21+00:00,129.320000,purchase
23,13,2025-02-22T05:17:21+00:00,125.440400,repeat_purchase
24,13,2025-03-08T19:17:21+00:00,129.320000,repeat_purchase
25,13,2025-03-25T10:17:21+00:00,87.937600,repeat_purchase
26,14,2025-03-19T04:28:55+00:00,24.120000,subscription
27,14,2025-03-26T04:28:55+00:00,20.502000,renewal
28,14,2025-03-30T21:28:55+00:00,27.738000,renewal
29,15,2025-01-10T02:37:26+00:00,129.030000,purchase
30,16,2025-03-08T15:32:55+00:00,70.310000,purchase
31,16,2025-03-19T02:32:55+00:00,67.497600,repeat_purchase
32,17,2025-03-16T22:59:40+00:00,124.860000,purchase
33,18,2025-02-07T12:54:39+00:00,149.570000,purchase
34,19,2025-01-08T02:04:54+00:00,70.190000,purchase
35,19,2025-01-19T14:04:54+00:00,84.228000,repeat_purchase
36,20,2025-01-09T10:24:58+00:00,100.120000,purchase
37,20,2025-01-25T06:24:58+00:00,69.082800,repeat_purchase
38,20,2025-02-02T12:24:58+00:00,92.110400,repeat_purchase
39,20,2025-02-11T16:24:58+00:00,127.152400,repeat_purchase
40,20,2025-02-14T23:24:58+00:00,111.133200,repeat_purchase
41,21,2025-03-28T06:07:35+00:00,126.870000,purchase
42,22,2025-01-29T20:05:10+00:00,130.190000,purchase
43,23,2025-03-15T01:54:24+00:00,56.880000,purchase
44,24,2025-03-05T08:16:40+00:00,94.940000,purchase
45,24,2025-03-24T10:16:40+00:00,130.067800,repeat_purchase
46,25,2025-03-18T12:53:17+00:00,29.170000,subscription
47,26,2025-02-19T21:47:26+00:00,25.310000,subscription
48,27,2025-02-02T18:54:26+00:00,132.720000,purchase
49,27,2025-02-12T17:54:26+00:00,171.208800,repeat_purchase
50,27,2025-03-04T01:54:26+00:00,168.554400,repeat_purchase
51,28,2025-02-19T13:33:41+00:00,58.520000,purchase
52,29,2025-02-18T18:41:32+00:00,151.210000,purchase
53,29,2025-02-24T03:41:32+00:00,120.968000,repeat_purchase
54,29,2025-03-09T00:41:32+00:00,107.359100,repeat_purchase
55,29,2025-03-24T12:41:32+00:00,175.403600,repeat_purchase
56,30,2025-01-24T07:43:27+00:00,124.640000,purchase
57,30,2025-02-08T00:43:27+00:00,170.756800,repeat_purchase
58,30,2025-02-15T15:43:27+00:00,93.480000,repeat_purchase
59,30,2025-02-22T10:43:27+00:00,73.537600,repeat_purchase
60,30,2025-03-15T00:43:27+00:00,98.465600,repeat_purchase
61,31,2025-03-10T01:11:30+00:00,14.110000,subscription
62,32,2025-01-09T18:39:03+00:00,108.370000,purchase
63,32,2025-01-17T12:39:03+00:00,121.374400,repeat_purchase
64,33,2025-01-10T01:41:07+00:00,139.650000,purchase
65,33,2025-01-22T17:41:07+00:00,71.221500,repeat_purchase
66,33,2025-02-07T06:41:07+00:00,75.411000,repeat_purchase
67,34,2025-01-10T09:25:10+00:00,42.570000,subscription
68,35,2025-03-29T23:17:18+00:00,133.180000,purchase
69,36,2025-01-22T08:00:02+00:00,152.770000,purchase
70,36,2025-02-02T03:00:02+00:00,105.411300,repeat_purchase
71,36,2025-02-09T12:00:02+00:00,195.545600,repeat_purchase
72,36,2025-02-21T03:00:02+00:00,102.355900,repeat_purchase
73,36,2025-03-11T11:00:02+00:00,76.385000,repeat_purchase
74,37,2025-03-28T12:17:47+00:00,94.810000,purchase
75,38,2025-03-22T01:55:46+00:00,29.270000,subscription
76,39,2025-01-21T02:58:25+00:00,74.470000,purchase
77,40,2025-02-26T05:50:00+00:00,16.000000,subscription
78,41,2025-03-17T10:21:58+00:00,123.880000,purchase
79,42,2025-01-08T23:52:51+00:00,25.990000,purchase
80,43,2025-02-16T21:31:56+00:00,52.670000,purchase
81,44,2025-01-21T18:54:13+00:00,126.050000,purchase
82,44,2025-01-27T21:54:13+00:00,95.798000,repeat_purchase
83,44,2025-02-05T16:54:13+00:00,97.058500,repeat_purchase
84,44,2025-02-18T12:54:13+00:00,64.285500,repeat_purchase
85,45,2025-03-17T08:03:13+00:00,149.390000,purchase
86,46,2025-02-24T04:57:21+00:00,217.820000,purchase
87,46,2025-03-14T18:57:21+00:00,115.444600,repeat_purchase
88,47,2025-03-01T20:50:57+00:00,191.550000,purchase
89,48,2025-02-27T20:56:36+00:00,36.790000,subscription
90,49,2025-03-01T12:16:19+00:00,146.780000,purchase
91,49,2025-03-22T04:16:19+00:00,80.729000,repeat_purchase
92,50,2025-01-27T02:36:46+00:00,200.980000,purchase
93,50,2025-02-12T04:36:46+00:00,132.646800,repeat_purchase
94,50,2025-02-17T09:36:46+00:00,227.107400,repeat_purchase
95,50,2025-02-20T11:36:46+00:00,132.646800,repeat_purchase
96,50,2025-03-08T05:36:46+00:00,231.127000,repeat_purchase
97,51,2025-01-10T07:20:01+00:00,128.820000,purchase
98,51,2025-01-19T00:20:01+00:00,172.618800,repeat_purchase
99,52,2025-01-23T22:10:16+00:00,158.750000,purchase
100,53,2025-02-08T15:12:24+00:00,184.980000,purchase
101,53,2025-02-22T07:12:24+00:00,194.229000,repeat_purchase
102,53,2025-03-03T14:12:24+00:00,186.829800,repeat_purchase
103,53,2025-03-24T02:12:24+00:00,221.976000,repeat_purchase
104,53,2025-03-31T05:12:24+00:00,131.335800,repeat_purchase
105,54,2025-03-22T19:59:08+00:00,25.440000,subscription
106,54,2025-03-27T20:59:08+00:00,32.817600,renewal
107,55,2025-03-29T14:18:10+00:00,207.220000,purchase
108,56,2025-01-31T00:37:46+00:00,179.230000,purchase
109,56,2025-02-09T17:37:46+00:00,238.375900,repeat_purchase
110,56,2025-02-23T07:37:46+00:00,231.206700,repeat_purchase
111,57,2025-01-28T16:18:16+00:00,148.500000,purchase
112,57,2025-02-17T02:18:16+00:00,139.590000,repeat_purchase
113,58,2025-01-30T12:10:45+00:00,162.730000,purchase
114,58,2025-02-17T02:10:45+00:00,157.848100,repeat_purchase
115,58,2025-03-02T15:10:45+00:00,161.102700,repeat_purchase
116,58,2025-03-13T22:10:45+00:00,209.921700,repeat_purchase
117,59,2025-03-16T20:42:20+00:00,97.440000,purchase
118,60,2025-03-29T21:58:13+00:00,119.020000,purchase
119,61,2025-02-25T16:42:21+00:00,44.600000,subscription
120,62,2025-03-21T21:35:21+00:00,14.290000,subscription
121,63,2025-02-06T23:24:07+00:00,205.220000,purchase
122,63,2025-02-25T17:24:07+00:00,266.786000,repeat_purchase
123,63,2025-03-14T08:24:07+00:00,114.923200,repeat_purchase
124,63,2025-03-20T16:24:07+00:00,180.593600,repeat_purchase
125,63,2025-03-25T15:24:07+00:00,217.533200,repeat_purchase
126,64,2025-01-26T19:06:08+00:00,186.280000,purchase
127,64,2025-02-12T22:06:08+00:00,137.847200,repeat_purchase
128,64,2025-02-19T19:06:08+00:00,199.319600,repeat_purchase
129,64,2025-03-07T03:06:08+00:00,100.591200,repeat_purchase
130,64,2025-03-18T11:06:08+00:00,145.298400,repeat_purchase
131,65,2025-03-15T15:43:21+00:00,63.320000,purchase
132,65,2025-03-26T02:43:21+00:00,81.049600,repeat_purchase
133,65,2025-03-30T06:43:21+00:00,87.381600,repeat_purchase
134,66,2025-03-23T14:28:57+00:00,205.130000,purchase
135,67,2025-02-18T00:51:06+00:00,15.030000,subscription
136,67,2025-03-03T07:51:06+00:00,7.665300,renewal
137,68,2025-03-28T20:31:35+00:00,99.250000,purchase
138,69,2025-01-10T13:16:12+00:00,20.580000,subscription
139,70,2025-02-24T12:48:44+00:00,216.210000,purchase
140,70,2025-03-14T02:48:44+00:00,229.182600,repeat_purchase
141,70,2025-03-19T10:48:44+00:00,116.753400,repeat_purchase
142,71,2025-03-01T03:02:58+00:00,194.230000,purchase
143,71,2025-03-05T00:02:58+00:00,213.653000,repeat_purchase
144,71,2025-03-08T11:02:58+00:00,198.114600,repeat_purchase
145,72,2025-02-02T21:09:37+00:00,31.670000,subscription
146,73,2025-01-22T05:15:57+00:00,166.350000,purchase
147,73,2025-02-04T12:15:57+00:00,154.705500,repeat_purchase
148,73,2025-02-12T02:15:57+00:00,201.283500,repeat_purchase
149,74,2025-02-24T22:51:32+00:00,50.480000,purchase
150,75,2025-03-09T04:08:27+00:00,190.190000,purchase
151,75,2025-03-22T12:08:27+00:00,108.408300,repeat_purchase
152,75,2025-03-27T08:08:27+00:00,186.386200,repeat_purchase
153,76,2025-02-02T17:02:47+00:00,33.640000,subscription
154,76,2025-02-17T21:02:47+00:00,18.838400,renewal
155,77,2025-01-21T16:19:15+00:00,33.540000,purchase
156,78,2025-03-03T21:42:09+00:00,180.260000,purchase
157,78,2025-03-20T17:42:09+00:00,207.299000,repeat_purchase
158,79,2025-01-23T12:10:08+00:00,21.010000,subscription
159,79,2025-01-29T03:10:08+00:00,20.169600,renewal
160,80,2025-02-15T13:34:15+00:00,75.970000,purchase
161,81,2025-03-16T06:03:45+00:00,30.780000,subscription
162,82,2025-02-04T22:31:51+00:00,214.770000,purchase
163,83,2025-01-22T09:23:33+00:00,34.510000,purchase
164,84,2025-03-19T09:56:32+00:00,59.040000,purchase
165,85,2025-02-20T16:20:34+00:00,185.640000,purchase
166,85,2025-02-24T17:20:34+00:00,148.512000,repeat_purchase
167,85,2025-03-12T10:20:34+00:00,98.389200,repeat_purchase
168,85,2025-03-15T11:20:34+00:00,183.783600,repeat_purchase
169,85,2025-03-21T14:20:34+00:00,232.050000,repeat_purchase
170,86,2025-03-30T19:47:45+00:00,47.280000,purchase
171,87,2025-02-22T13:24:45+00:00,173.270000,purchase
172,88,2025-01-16T05:07:48+00:00,208.450000,purchase
173,89,2025-02-15T20:28:22+00:00,132.260000,purchase
174,89,2025-02-23T21:28:22+00:00,150.776400,repeat_purchase
175,89,2025-03-05T06:28:22+00:00,181.196200,repeat_purchase
176,89,2025-03-20T00:28:22+00:00,85.969000,repeat_purchase
177,90,2025-02-15T15:19:05+00:00,45.480000,subscription
178,91,2025-03-26T05:07:36+00:00,157.210000,purchase
179,92,2025-02-15T09:17:07+00:00,114.360000,purchase
180,93,2025-02-24T12:54:49+00:00,47.690000,purchase
181,93,2025-03-17T06:54:49+00:00,36.244400,repeat_purchase
182,94,2025-01-24T01:00:26+00:00,26.210000,subscription
183,94,2025-02-10T22:00:26+00:00,33.548800,renewal
184,94,2025-02-22T00:00:26+00:00,27.520500,renewal
185,95,2025-01-23T07:17:20+00:00,42.640000,subscription
186,95,2025-02-09T08:17:20+00:00,46.904000,renewal
187,96,2025-03-30T10:27:45+00:00,177.710000,purchase
188,97,2025-03-17T19:10:46+00:00,97.420000,purchase
189,98,2025-03-22T06:15:40+00:00,168.530000,purchase
190,99,2025-01-06T17:50:48+00:00,39.250000,subscription
191,100,2025-01-16T00:50:43+00:00,43.220000,subscription
192,107,2025-03-16T21:25:48+00:00,46.750000,purchase
193,124,2025-02-16T03:30:05+00:00,107.980000,purchase
194,125,2025-02-05T05:04:52+00:00,65.200000,purchase
195,129,2025-01-29T23:23:20+00:00,53.610000,purchase
196,129,2025-02-08T21:23:20+00:00,64.868100,repeat_purchase
197,129,2025-02-21T17:23:20+00:00,35.382600,repeat_purchase
198,139,2025-02-18T07:36:01+00:00,36.520000,subscription
199,144,2025-03-02T20:32:38+00:00,144.180000,purchase
200,144,2025-03-20T20:32:38+00:00,82.182600,repeat_purchase
201,149,2025-01-26T06:21:05+00:00,81.870000,purchase
202,151,2025-03-23T12:31:42+00:00,179.950000,purchase
203,156,2025-03-25T07:01:00+00:00,197.100000,purchase
204,159,2025-02-25T04:41:41+00:00,66.080000,purchase
205,159,2025-03-13T12:41:41+00:00,81.939200,repeat_purchase
206,165,2025-02-22T07:26:24+00:00,136.950000,purchase
207,165,2025-03-08T20:26:24+00:00,78.061500,repeat_purchase
208,165,2025-03-25T05:26:24+00:00,93.126000,repeat_purchase
209,167,2025-03-06T00:55:39+00:00,82.570000,purchase
210,176,2025-02-03T02:42:10+00:00,108.710000,purchase
211,183,2025-03-10T07:18:51+00:00,48.350000,subscription
212,189,2025-02-08T06:24:56+00:00,105.500000,purchase
213,204,2025-03-29T17:47:30+00:00,86.090000,purchase
214,214,2025-02-26T17:30:02+00:00,47.890000,subscription
215,216,2025-02-21T01:06:41+00:00,16.160000,subscription
216,216,2025-02-24T05:06:41+00:00,12.281600,renewal
217,216,2025-03-04T11:06:41+00:00,20.523200,renewal
218,217,2025-02-10T12:39:58+00:00,74.690000,purchase
219,220,2025-03-05T02:18:19+00:00,88.880000,purchase
220,220,2025-03-21T20:18:19+00:00,57.772000,repeat_purchase
221,234,2025-02-02T21:42:28+00:00,145.060000,purchase
222,240,2025-02-06T09:25:41+00:00,15.010000,subscription
223,242,2025-02-24T12:29:22+00:00,24.550000,purchase
224,246,2025-03-02T19:59:30+00:00,62.640000,purchase
225,250,2025-01-08T04:02:42+00:00,86.170000,purchase
226,250,2025-01-27T15:02:42+00:00,52.563700,repeat_purchase
227,253,2025-01-29T05:42:08+00:00,22.440000,subscription
228,253,2025-02-19T01:42:08+00:00,31.191600,renewal
229,253,2025-03-08T15:42:08+00:00,29.396400,renewal
230,265,2025-01-21T20:21:15+00:00,217.100000,purchase
231,265,2025-01-30T22:21:15+00:00,180.193000,repeat_purchase
232,265,2025-02-18T12:21:15+00:00,115.063000,repeat_purchase
233,265,2025-02-22T12:21:15+00:00,245.323000,repeat_purchase
234,266,2025-01-23T10:44:27+00:00,39.760000,purchase
235,268,2025-03-23T17:47:56+00:00,58.780000,purchase
236,273,2025-03-19T09:53:38+00:00,120.560000,purchase
237,274,2025-02-04T19:54:53+00:00,36.170000,purchase
238,278,2025-03-04T04:01:46+00:00,27.860000,purchase
239,278,2025-03-22T00:01:46+00:00,38.168200,repeat_purchase
240,279,2025-03-09T18:01:21+00:00,160.580000,purchase
241,279,2025-03-14T02:01:21+00:00,114.011800,repeat_purchase
242,279,2025-03-30T08:01:21+00:00,191.090200,repeat_purchase
243,280,2025-01-15T01:27:46+00:00,13.570000,subscription
244,282,2025-02-10T15:37:22+00:00,168.310000,purchase
245,282,2025-02-14T01:37:22+00:00,193.556500,repeat_purchase
246,282,2025-02-22T13:37:22+00:00,188.507200,repeat_purchase
247,282,2025-02-27T18:37:22+00:00,158.211400,repeat_purchase
248,292,2025-01-22T17:21:40+00:00,58.900000,purchase
249,293,2025-02-18T00:27:42+00:00,141.450000,purchase
250,293,2025-02-24T06:27:42+00:00,144.279000,repeat_purchase
251,293,2025-03-01T08:27:42+00:00,148.522500,repeat_purchase
252,293,2025-03-07T08:27:42+00:00,134.377500,repeat_purchase
253,293,2025-03-18T11:27:42+00:00,157.009500,repeat_purchase
254,299,2025-03-11T19:26:24+00:00,82.100000,purchase
255,303,2025-02-15T06:17:39+00:00,47.060000,purchase
256,303,2025-02-27T14:17:39+00:00,40.001000,repeat_purchase
257,306,2025-01-25T10:55:25+00:00,45.180000,subscription
258,308,2025-03-09T16:23:26+00:00,67.990000,purchase
259,323,2025-02-18T10:26:17+00:00,74.400000,purchase
260,333,2025-02-16T13:33:00+00:00,132.330000,purchase
261,333,2025-03-08T14:33:00+00:00,71.458200,repeat_purchase
262,333,2025-03-21T07:33:00+00:00,161.442600,repeat_purchase
263,344,2025-03-21T18:15:31+00:00,21.970000,purchase
264,351,2025-02-02T17:21:48+00:00,43.880000,purchase
265,355,2025-03-15T00:05:31+00:00,42.050000,subscription
266,356,2025-01-27T00:23:59+00:00,154.320000,purchase
267,356,2025-02-05T14:23:59+00:00,179.011200,repeat_purchase
268,356,2025-02-19T14:23:59+00:00,194.443200,repeat_purchase
269,356,2025-03-10T12:23:59+00:00,188.270400,repeat_purchase
270,356,2025-03-23T13:23:59+00:00,205.245600,repeat_purchase
271,358,2025-03-01T00:17:49+00:00,28.090000,subscription
272,358,2025-03-13T17:17:49+00:00,29.213600,renewal
273,360,2025-01-27T18:56:18+00:00,43.880000,purchase
274,363,2025-03-31T02:06:50+00:00,178.640000,purchase
275,366,2025-03-06T17:45:38+00:00,207.760000,purchase
276,372,2025-02-14T03:44:37+00:00,14.640000,subscription
277,372,2025-02-23T16:44:37+00:00,9.516000,renewal
278,372,2025-03-04T17:44:37+00:00,13.468800,renewal
279,380,2025-03-24T23:10:48+00:00,48.460000,purchase
280,388,2025-01-23T15:59:38+00:00,71.100000,purchase
281,388,2025-02-05T11:59:38+00:00,56.880000,repeat_purchase
282,388,2025-02-10T14:59:38+00:00,97.407000,repeat_purchase
283,392,2025-03-17T22:29:27+00:00,76.200000,purchase
284,394,2025-02-07T19:49:45+00:00,125.620000,purchase
285,394,2025-02-19T14:49:45+00:00,130.644800,repeat_purchase
286,397,2025-02-21T23:32:54+00:00,32.720000,purchase
287,400,2025-03-08T11:52:22+00:00,94.110000,purchase
288,407,2025-02-05T12:16:02+00:00,13.740000,subscription
289,411,2025-03-11T20:36:06+00:00,186.650000,purchase
290,412,2025-02-02T00:39:51+00:00,117.510000,purchase
291,412,2025-02-10T10:39:51+00:00,71.681100,repeat_purchase
292,417,2025-03-18T15:42:21+00:00,149.440000,purchase
293,425,2025-03-18T08:09:05+00:00,76.970000,purchase
294,435,2025-03-10T19:30:52+00:00,90.200000,purchase
295,436,2025-02-26T07:53:46+00:00,177.820000,purchase
296,436,2025-03-15T00:53:46+00:00,158.259800,repeat_purchase
297,437,2025-03-20T07:58:31+00:00,174.310000,purchase
298,440,2025-02-23T15:18:51+00:00,87.810000,purchase
299,440,2025-03-11T08:18:51+00:00,112.396800,repeat_purchase
300,440,2025-03-27T01:18:51+00:00,107.128200,repeat_purchase
301,455,2025-03-27T17:22:38+00:00,28.380000,subscription
302,459,2025-03-16T06:53:40+00:00,23.290000,purchase
303,463,2025-03-23T16:47:24+00:00,207.560000,purchase
304,474,2025-03-30T16:24:38+00:00,89.420000,purchase
305,477,2025-01-18T18:46:19+00:00,45.400000,purchase
306,491,2025-01-24T21:20:32+00:00,171.520000,purchase
307,491,2025-01-30T07:20:32+00:00,176.665600,repeat_purchase
308,491,2025-02-13T02:20:32+00:00,174.950400,repeat_purchase
309,491,2025-02-27T05:20:32+00:00,238.412800,repeat_purchase
310,492,2025-02-08T05:41:53+00:00,127.870000,purchase
311,492,2025-02-25T02:41:53+00:00,115.083000,repeat_purchase
312,492,2025-03-11T09:41:53+00:00,69.049800,repeat_purchase
313,497,2025-03-19T20:58:35+00:00,199.600000,purchase
314,497,2025-03-28T14:58:35+00:00,235.528000,repeat_purchase
315,498,2025-02-27T10:28:18+00:00,202.040000,purchase
316,501,2025-02-06T19:02:25+00:00,124.540000,purchase
317,501,2025-02-27T17:02:25+00:00,160.656600,repeat_purchase
318,506,2025-03-10T05:49:09+00:00,135.770000,purchase
319,506,2025-03-17T20:49:09+00:00,108.616000,repeat_purchase
320,509,2025-03-24T12:49:18+00:00,47.790000,subscription
321,511,2025-02-04T04:18:58+00:00,45.040000,subscription
322,511,2025-02-15T12:18:58+00:00,35.581600,renewal
323,517,2025-02-15T20:56:50+00:00,49.600000,subscription
324,520,2025-02-22T19:24:21+00:00,144.500000,purchase
325,520,2025-03-15T06:24:21+00:00,190.740000,repeat_purchase
326,520,2025-03-27T17:24:21+00:00,135.830000,repeat_purchase
327,524,2025-02-13T06:25:18+00:00,21.060000,subscription
328,526,2025-02-09T23:19:21+00:00,57.140000,purchase
329,529,2025-03-13T03:53:49+00:00,147.830000,purchase
330,529,2025-03-27T04:53:49+00:00,131.568700,repeat_purchase
331,529,2025-03-30T14:53:49+00:00,125.655500,repeat_purchase
332,557,2025-02-19T05:30:56+00:00,45.480000,purchase
333,567,2025-03-28T06:47:07+00:00,209.030000,purchase
334,573,2025-03-30T09:14:35+00:00,70.770000,purchase
335,579,2025-01-25T13:01:36+00:00,161.120000,purchase
336,583,2025-03-04T13:38:41+00:00,95.640000,purchase
337,585,2025-03-27T09:18:46+00:00,34.010000,subscription
338,588,2025-02-12T11:23:50+00:00,69.500000,purchase
339,589,2025-01-16T19:58:05+00:00,215.090000,purchase
340,589,2025-01-21T10:58:05+00:00,131.204900,repeat_purchase
341,589,2025-01-31T23:58:05+00:00,122.601300,repeat_purchase
342,589,2025-02-06T16:58:05+00:00,146.261200,repeat_purchase
343,589,2025-02-21T07:58:05+00:00,277.466100,repeat_purchase
344,606,2025-03-11T12:50:38+00:00,88.740000,purchase
345,607,2025-02-03T02:49:32+00:00,37.690000,subscription
346,608,2025-03-29T04:49:27+00:00,133.900000,purchase
347,610,2025-01-16T15:51:49+00:00,41.080000,subscription
348,611,2025-01-30T13:57:27+00:00,48.510000,subscription
349,621,2025-02-10T09:54:43+00:00,207.820000,purchase
350,621,2025-02-19T17:54:43+00:00,241.071200,repeat_purchase
351,621,2025-02-25T23:54:43+00:00,103.910000,repeat_purchase
352,623,2025-02-27T09:27:55+00:00,16.040000,subscription
353,629,2025-02-14T16:01:30+00:00,29.830000,purchase
354,630,2025-03-03T21:05:55+00:00,149.760000,purchase
355,632,2025-02-02T10:10:25+00:00,24.800000,purchase
356,632,2025-02-11T00:10:25+00:00,13.144000,repeat_purchase
357,632,2025-02-21T22:10:25+00:00,25.296000,repeat_purchase
358,633,2025-02-14T04:25:41+00:00,27.930000,subscription
359,633,2025-02-26T23:25:41+00:00,34.633200,renewal
360,635,2025-01-12T02:47:56+00:00,142.270000,purchase
361,636,2025-02-07T12:50:52+00:00,94.070000,purchase
362,640,2025-03-17T22:35:46+00:00,54.040000,purchase
363,644,2025-01-21T10:24:28+00:00,17.460000,subscription
364,645,2025-03-18T07:51:07+00:00,146.050000,purchase
365,649,2025-03-29T00:39:16+00:00,111.190000,purchase
366,660,2025-03-27T19:00:02+00:00,36.280000,subscription
367,662,2025-03-20T17:17:58+00:00,37.830000,purchase
368,668,2025-03-07T19:28:01+00:00,37.030000,subscription
369,671,2025-03-27T07:54:53+00:00,100.200000,purchase
370,672,2025-01-12T07:47:22+00:00,10.180000,subscription
371,672,2025-01-25T07:47:22+00:00,9.263800,renewal
372,673,2025-02-08T05:35:06+00:00,36.210000,subscription
373,675,2025-01-07T05:15:49+00:00,179.830000,purchase
374,675,2025-01-17T18:15:49+00:00,122.284400,repeat_purchase
375,677,2025-01-23T20:12:07+00:00,43.670000,subscription
376,678,2025-03-28T12:40:20+00:00,58.290000,purchase
377,688,2025-01-30T21:18:38+00:00,135.590000,purchase
378,688,2025-02-17T05:18:38+00:00,123.386900,repeat_purchase
379,688,2025-02-27T23:18:38+00:00,139.657700,repeat_purchase
380,688,2025-03-04T02:18:38+00:00,93.557100,repeat_purchase
381,695,2025-03-22T03:52:26+00:00,145.240000,purchase
382,699,2025-01-29T09:06:21+00:00,150.710000,purchase
383,702,2025-02-23T21:08:08+00:00,161.670000,purchase
384,702,2025-03-11T15:08:08+00:00,87.301800,repeat_purchase
385,702,2025-03-25T19:08:08+00:00,153.586500,repeat_purchase
386,705,2025-03-16T15:22:43+00:00,111.850000,purchase
387,710,2025-03-10T20:37:24+00:00,98.330000,purchase
388,713,2025-01-24T15:36:58+00:00,104.290000,purchase
389,713,2025-02-11T23:36:58+00:00,69.874300,repeat_purchase
390,713,2025-02-23T00:36:58+00:00,92.818100,repeat_purchase
391,727,2025-02-12T15:59:55+00:00,212.290000,purchase
392,727,2025-02-28T14:59:55+00:00,182.569400,repeat_purchase
393,727,2025-03-16T00:59:55+00:00,235.641900,repeat_purchase
394,736,2025-03-30T22:15:04+00:00,204.040000,purchase
395,741,2025-01-09T08:31:30+00:00,45.110000,purchase
396,758,2025-03-25T11:07:55+00:00,118.620000,purchase
397,758,2025-03-29T18:07:55+00:00,128.109600,repeat_purchase
398,760,2025-03-09T10:27:17+00:00,44.600000,purchase
399,760,2025-03-27T10:27:17+00:00,28.098000,repeat_purchase
400,761,2025-03-10T04:16:04+00:00,34.750000,subscription
401,764,2025-03-30T01:30:47+00:00,78.210000,purchase
402,778,2025-03-17T18:41:19+00:00,41.850000,subscription
403,780,2025-03-30T13:48:24+00:00,186.010000,purchase
404,781,2025-03-28T22:01:08+00:00,165.350000,purchase
405,785,2025-03-04T20:12:29+00:00,196.290000,purchase
406,785,2025-03-09T16:12:29+00:00,133.477200,repeat_purchase
407,785,2025-03-28T19:12:29+00:00,245.362500,repeat_purchase
408,788,2025-01-24T11:49:50+00:00,44.570000,subscription
409,788,2025-02-03T03:49:50+00:00,28.970500,renewal
410,788,2025-02-08T10:49:50+00:00,57.941000,renewal
411,790,2025-02-22T12:21:02+00:00,76.740000,purchase
412,795,2025-03-26T15:47:53+00:00,96.890000,purchase
413,812,2025-02-20T06:39:48+00:00,203.230000,purchase
414,812,2025-03-03T21:39:48+00:00,148.357900,repeat_purchase
415,824,2025-03-04T07:06:12+00:00,174.470000,purchase
416,824,2025-03-07T17:06:12+00:00,232.045100,repeat_purchase
417,824,2025-03-13T07:06:12+00:00,190.172300,repeat_purchase
418,824,2025-03-19T05:06:12+00:00,176.214700,repeat_purchase
419,828,2025-03-05T02:13:06+00:00,74.050000,purchase
420,828,2025-03-12T00:13:06+00:00,93.303000,repeat_purchase
421,828,2025-03-17T17:13:06+00:00,60.721000,repeat_purchase
422,829,2025-03-18T18:20:45+00:00,155.390000,purchase
423,829,2025-03-26T06:20:45+00:00,163.159500,repeat_purchase
424,835,2025-03-25T02:54:53+00:00,49.450000,subscription
425,841,2025-02-13T05:01:32+00:00,162.880000,purchase
426,845,2025-03-14T05:03:01+00:00,163.770000,purchase
427,845,2025-03-17T12:03:01+00:00,175.233900,repeat_purchase
428,851,2025-01-31T00:48:47+00:00,36.810000,subscription
429,857,2025-03-21T08:28:56+00:00,179.770000,purchase
430,866,2025-02-27T15:00:43+00:00,204.880000,purchase
431,866,2025-03-04T00:00:43+00:00,135.220800,repeat_purchase
432,866,2025-03-22T18:00:43+00:00,200.782400,repeat_purchase
433,869,2025-02-04T05:56:47+00:00,156.150000,purchase
434,869,2025-02-10T17:56:47+00:00,195.187500,repeat_purchase
435,870,2025-02-01T05:41:05+00:00,27.370000,subscription
436,883,2025-03-25T02:04:50+00:00,184.600000,purchase
437,883,2025-03-29T13:04:50+00:00,204.906000,repeat_purchase
438,890,2025-03-29T13:06:58+00:00,57.430000,purchase
439,892,2025-01-15T05:45:52+00:00,32.780000,subscription
440,901,2025-03-13T13:27:37+00:00,47.030000,subscription
441,901,2025-03-27T20:27:37+00:00,25.396200,renewal
442,902,2025-03-28T23:48:36+00:00,40.550000,subscription
443,910,2025-01-26T10:37:20+00:00,158.780000,purchase
444,910,2025-02-12T11:37:20+00:00,104.794800,repeat_purchase
445,912,2025-03-29T16:07:56+00:00,65.610000,purchase
446,914,2025-03-18T03:11:08+00:00,173.040000,purchase
447,914,2025-03-28T12:11:08+00:00,98.632800,repeat_purchase
448,916,2025-01-22T11:13:27+00:00,20.130000,subscription
449,916,2025-01-30T16:13:27+00:00,20.733900,renewal
450,916,2025-02-15T19:13:27+00:00,20.935200,renewal
451,919,2025-01-30T11:36:27+00:00,54.770000,purchase
452,923,2025-02-21T09:22:09+00:00,199.300000,purchase
453,928,2025-01-21T12:15:18+00:00,40.850000,subscription
454,941,2025-02-19T22:35:14+00:00,154.740000,purchase
455,945,2025-01-26T11:05:42+00:00,38.190000,purchase
456,952,2025-01-28T16:23:33+00:00,41.650000,subscription
457,955,2025-02-14T10:52:24+00:00,166.100000,purchase
458,955,2025-03-05T09:52:24+00:00,186.032000,repeat_purchase
459,956,2025-03-24T04:17:24+00:00,43.310000,subscription
460,968,2025-03-22T08:04:38+00:00,107.970000,purchase
461,968,2025-03-26T13:04:38+00:00,140.361000,repeat_purchase
462,975,2025-03-26T21:25:29+00:00,30.080000,subscription
463,978,2025-03-23T17:01:18+00:00,24.610000,purchase
464,980,2025-02-15T13:30:21+00:00,78.650000,purchase
465,986,2025-03-24T09:23:15+00:00,146.030000,purchase
466,1001,2025-03-27T10:25:56+00:00,184.480000,purchase
467,1003,2025-02-24T23:03:02+00:00,167.370000,purchase
468,1003,2025-03-04T19:03:02+00:00,224.275800,repeat_purchase
469,1003,2025-03-14T22:03:02+00:00,165.696300,repeat_purchase
470,1003,2025-03-29T22:03:02+00:00,202.517700,repeat_purchase
471,1012,2025-01-23T08:06:24+00:00,156.600000,purchase
472,1012,2025-02-04T03:06:24+00:00,175.392000,repeat_purchase
473,1012,2025-02-17T06:06:24+00:00,84.564000,repeat_purchase
474,1015,2025-03-15T15:25:02+00:00,38.880000,purchase
475,1019,2025-01-30T04:34:35+00:00,153.780000,purchase
476,1019,2025-02-11T12:34:35+00:00,161.469000,repeat_purchase
477,1019,2025-02-18T15:34:35+00:00,202.989600,repeat_purchase
478,1019,2025-03-06T11:34:35+00:00,90.730200,repeat_purchase
479,1019,2025-03-19T21:34:35+00:00,79.965600,repeat_purchase
480,1020,2025-03-16T06:02:47+00:00,80.370000,purchase
481,1021,2025-02-18T23:35:35+00:00,25.390000,subscription
482,1021,2025-02-24T22:35:35+00:00,15.995700,renewal
483,1031,2025-03-13T10:49:21+00:00,89.110000,purchase
484,1031,2025-03-18T18:49:21+00:00,75.743500,repeat_purchase
485,1032,2025-02-10T04:25:05+00:00,99.780000,purchase
486,1045,2025-02-26T07:57:22+00:00,10.200000,subscription
487,1045,2025-03-17T08:57:22+00:00,13.158000,renewal
488,1055,2025-01-28T05:30:17+00:00,134.070000,purchase
489,1055,2025-02-12T06:30:17+00:00,126.025800,repeat_purchase
490,1055,2025-02-21T08:30:17+00:00,93.849000,repeat_purchase
491,1055,2025-03-02T13:30:17+00:00,83.123400,repeat_purchase
492,1055,2025-03-09T15:30:17+00:00,163.565400,repeat_purchase
493,1058,2025-03-16T22:00:05+00:00,185.890000,purchase
494,1058,2025-03-31T14:00:05+00:00,249.092600,repeat_purchase
495,1061,2025-03-08T04:36:04+00:00,50.960000,purchase
496,1061,2025-03-12T19:36:04+00:00,51.979200,repeat_purchase
497,1067,2025-01-19T03:24:30+00:00,173.530000,purchase
498,1067,2025-02-05T10:24:30+00:00,140.559300,repeat_purchase
499,1067,2025-02-09T15:24:30+00:00,215.177200,repeat_purchase
500,1067,2025-02-17T04:24:30+00:00,236.000800,repeat_purchase
501,1072,2025-03-12T16:06:27+00:00,200.480000,purchase
502,1072,2025-03-28T22:06:27+00:00,186.446400,repeat_purchase
503,1075,2025-03-16T13:52:51+00:00,87.730000,purchase
504,1077,2025-02-18T13:21:06+00:00,184.060000,purchase
505,1077,2025-03-08T01:21:06+00:00,112.276600,repeat_purchase
506,1077,2025-03-21T07:21:06+00:00,237.437400,repeat_purchase
507,1078,2025-02-16T01:15:51+00:00,207.070000,purchase
508,1078,2025-02-24T10:15:51+00:00,155.302500,repeat_purchase
509,1079,2025-02-23T02:15:31+00:00,23.370000,subscription
510,1079,2025-02-27T20:15:31+00:00,24.772200,renewal
511,1079,2025-03-14T13:15:31+00:00,12.619800,renewal
512,1086,2025-03-17T08:31:16+00:00,12.970000,subscription
513,1092,2025-03-29T04:19:08+00:00,102.580000,purchase
514,1101,2025-02-06T15:01:59+00:00,189.360000,purchase
515,1101,2025-02-17T19:01:59+00:00,242.380800,repeat_purchase
516,1101,2025-02-21T16:01:59+00:00,251.848800,repeat_purchase
517,1101,2025-03-14T06:01:59+00:00,111.722400,repeat_purchase
518,1101,2025-03-18T08:01:59+00:00,189.360000,repeat_purchase
519,1106,2025-03-11T17:55:40+00:00,28.160000,subscription
520,1111,2025-03-21T12:19:58+00:00,153.710000,purchase
521,1111,2025-03-28T02:19:58+00:00,141.413200,repeat_purchase
522,1119,2025-01-25T23:38:36+00:00,178.150000,purchase
523,1119,2025-02-12T00:38:36+00:00,163.898000,repeat_purchase
524,1119,2025-02-20T12:38:36+00:00,167.461000,repeat_purchase
525,1119,2025-03-02T00:38:36+00:00,169.242500,repeat_purchase
526,1129,2025-03-21T14:03:41+00:00,45.410000,subscription
527,1149,2025-02-11T19:50:29+00:00,219.820000,purchase
528,1149,2025-03-01T09:50:29+00:00,257.189400,repeat_purchase
529,1164,2025-03-28T02:00:36+00:00,127.270000,purchase
530,1165,2025-02-27T06:59:50+00:00,64.940000,purchase
531,1168,2025-03-25T02:51:29+00:00,119.750000,purchase
532,1184,2025-02-11T01:00:41+00:00,26.150000,subscription
533,1185,2025-02-09T03:45:42+00:00,137.170000,purchase
534,1185,2025-02-24T18:45:42+00:00,120.709600,repeat_purchase
535,1185,2025-03-17T00:45:42+00:00,171.462500,repeat_purchase
536,1185,2025-03-21T03:45:42+00:00,124.824700,repeat_purchase
537,1186,2025-03-01T18:03:21+00:00,87.310000,purchase
538,1188,2025-03-10T19:58:45+00:00,209.360000,purchase
539,1188,2025-03-30T23:58:45+00:00,106.773600,repeat_purchase
540,1198,2025-01-14T14:40:36+00:00,156.010000,purchase
541,1198,2025-01-29T14:40:36+00:00,177.851400,repeat_purchase
542,1198,2025-02-11T22:40:36+00:00,117.007500,repeat_purchase
543,1198,2025-03-02T16:40:36+00:00,102.966600,repeat_purchase
544,1198,2025-03-22T09:40:36+00:00,184.091800,repeat_purchase
545,1199,2025-01-30T14:18:45+00:00,200.400000,purchase
546,1199,2025-02-12T07:18:45+00:00,266.532000,repeat_purchase
547,1199,2025-02-28T18:18:45+00:00,102.204000,repeat_purchase
548,1205,2025-01-25T09:22:21+00:00,112.680000,purchase
549,1205,2025-02-05T13:22:21+00:00,120.567600,repeat_purchase
550,1205,2025-02-15T20:22:21+00:00,153.244800,repeat_purchase
551,1214,2025-03-27T07:45:34+00:00,25.170000,subscription
552,1221,2025-01-05T10:00:03+00:00,37.230000,subscription
553,1221,2025-01-12T03:00:03+00:00,34.251600,renewal
554,1224,2025-03-17T09:54:47+00:00,36.760000,purchase
555,1231,2025-01-22T03:27:06+00:00,167.200000,purchase
556,1231,2025-02-10T14:27:06+00:00,93.632000,repeat_purchase
557,1235,2025-03-13T07:48:07+00:00,42.810000,purchase
558,1237,2025-03-20T10:06:17+00:00,108.760000,purchase
559,1237,2025-03-25T04:06:17+00:00,149.001200,repeat_purchase
560,1239,2025-03-27T18:56:20+00:00,113.720000,purchase
561,1245,2025-03-28T08:18:05+00:00,42.820000,subscription
562,1253,2025-03-26T23:50:01+00:00,219.500000,purchase
563,1259,2025-02-15T17:19:21+00:00,133.270000,purchase
564,1262,2025-02-02T00:06:15+00:00,71.170000,purchase
565,1267,2025-01-25T20:43:38+00:00,159.280000,purchase
566,1267,2025-02-14T04:43:38+00:00,111.496000,repeat_purchase
567,1267,2025-03-02T06:43:38+00:00,122.645600,repeat_purchase
568,1268,2025-01-19T01:47:19+00:00,89.070000,purchase
569,1268,2025-02-03T12:47:19+00:00,94.414200,repeat_purchase
570,1276,2025-02-17T11:30:17+00:00,29.890000,subscription
571,1276,2025-02-27T08:30:17+00:00,17.934000,renewal
572,1280,2025-01-17T05:00:07+00:00,219.310000,purchase
573,1280,2025-01-26T04:00:07+00:00,166.675600,repeat_purchase
574,1280,2025-02-10T10:00:07+00:00,271.944400,repeat_purchase
575,1280,2025-03-02T16:00:07+00:00,146.937700,repeat_purchase
576,1282,2025-01-25T18:08:04+00:00,65.660000,purchase
577,1282,2025-01-30T17:08:04+00:00,82.731600,repeat_purchase
578,1282,2025-02-16T08:08:04+00:00,53.841200,repeat_purchase
579,1285,2025-03-23T21:57:56+00:00,17.670000,subscription
580,1288,2025-02-25T10:46:20+00:00,91.700000,purchase
581,1290,2025-02-10T10:43:32+00:00,39.440000,subscription
582,1294,2025-02-05T16:55:00+00:00,89.630000,purchase
583,1295,2025-01-26T17:21:12+00:00,13.120000,subscription
584,1305,2025-03-02T01:04:56+00:00,52.310000,purchase
585,1305,2025-03-20T22:04:56+00:00,59.110300,repeat_purchase
586,1306,2025-01-21T10:41:52+00:00,88.090000,purchase
587,1309,2025-02-16T09:02:06+00:00,31.650000,subscription
588,1311,2025-01-20T15:19:36+00:00,206.670000,purchase
589,1311,2025-01-31T21:19:36+00:00,177.736200,repeat_purchase
590,1311,2025-02-08T21:19:36+00:00,196.336500,repeat_purchase
591,1317,2025-02-11T12:40:41+00:00,122.460000,purchase
592,1317,2025-02-19T13:40:41+00:00,168.994800,repeat_purchase
593,1317,2025-02-24T03:40:41+00:00,68.577600,repeat_purchase
594,1322,2025-01-24T05:50:04+00:00,28.300000,purchase
595,1337,2025-03-21T05:57:15+00:00,88.410000,purchase
596,1339,2025-03-18T03:25:19+00:00,155.560000,purchase
597,1339,2025-03-24T02:25:19+00:00,102.669600,repeat_purchase
598,1345,2025-02-25T00:28:07+00:00,30.050000,subscription
599,1347,2025-02-22T11:00:26+00:00,83.620000,purchase
600,1349,2025-03-19T18:07:11+00:00,28.810000,purchase
601,1353,2025-01-18T20:20:32+00:00,143.120000,purchase
602,1353,2025-02-04T07:20:32+00:00,176.037600,repeat_purchase
603,1353,2025-02-15T07:20:32+00:00,101.615200,repeat_purchase
604,1355,2025-03-24T22:23:48+00:00,144.380000,purchase
605,1357,2025-01-17T15:46:23+00:00,54.180000,purchase
606,1359,2025-02-22T21:43:59+00:00,129.040000,purchase
607,1359,2025-03-03T08:43:59+00:00,132.911200,repeat_purchase
608,1359,2025-03-23T00:43:59+00:00,118.716800,repeat_purchase
609,1364,2025-03-25T21:25:12+00:00,101.820000,purchase
610,1366,2025-02-04T12:40:55+00:00,34.220000,purchase
611,1368,2025-03-04T09:08:02+00:00,203.630000,purchase
612,1368,2025-03-18T03:08:02+00:00,240.283400,repeat_purchase
613,1368,2025-03-23T12:08:02+00:00,197.521100,repeat_purchase
614,1371,2025-03-20T11:14:32+00:00,25.450000,subscription
615,1378,2025-01-18T09:00:55+00:00,17.010000,subscription
616,1383,2025-02-01T11:24:53+00:00,110.780000,purchase
617,1384,2025-01-23T20:04:34+00:00,48.450000,subscription
618,1384,2025-02-09T15:04:34+00:00,42.636000,renewal
619,1388,2025-01-06T23:24:03+00:00,197.520000,purchase
620,1388,2025-01-22T07:24:03+00:00,185.668800,repeat_purchase
621,1388,2025-01-31T05:24:03+00:00,171.842400,repeat_purchase
622,1389,2025-03-07T22:41:27+00:00,76.650000,purchase
623,1391,2025-03-03T23:45:06+00:00,138.870000,purchase
624,1391,2025-03-10T10:45:06+00:00,112.484700,repeat_purchase
625,1391,2025-03-22T15:45:06+00:00,169.421400,repeat_purchase
626,1405,2025-03-15T19:31:42+00:00,63.770000,purchase
627,1418,2025-02-11T05:42:54+00:00,161.510000,purchase
628,1418,2025-02-16T15:42:54+00:00,146.974100,repeat_purchase
629,1418,2025-02-20T00:42:54+00:00,125.977800,repeat_purchase
630,1429,2025-03-30T04:41:16+00:00,167.960000,purchase
631,1442,2025-03-12T15:57:33+00:00,137.550000,purchase
632,1442,2025-03-18T23:57:33+00:00,81.154500,repeat_purchase
633,1442,2025-03-26T02:57:33+00:00,184.317000,repeat_purchase
634,1448,2025-02-19T17:46:33+00:00,64.610000,purchase
635,1457,2025-01-23T11:08:35+00:00,137.940000,purchase
636,1457,2025-02-04T12:08:35+00:00,115.869600,repeat_purchase
637,1464,2025-02-03T01:31:32+00:00,156.910000,purchase
638,1469,2025-02-20T09:36:30+00:00,41.800000,purchase
639,1476,2025-03-28T19:34:09+00:00,67.070000,purchase
640,1478,2025-03-19T15:19:29+00:00,10.500000,subscription
641,1480,2025-01-28T04:37:49+00:00,40.900000,subscription
642,1480,2025-02-07T18:37:49+00:00,26.994000,renewal
643,1481,2025-02-26T13:35:51+00:00,188.350000,purchase
644,1481,2025-03-01T14:35:51+00:00,184.583000,repeat_purchase
645,1481,2025-03-18T03:35:51+00:00,231.670500,repeat_purchase
646,1484,2025-01-18T06:10:05+00:00,32.490000,subscription
647,1487,2025-03-22T08:40:20+00:00,151.530000,purchase
648,1490,2025-03-19T18:51:23+00:00,203.150000,purchase
649,1490,2025-03-31T11:51:23+00:00,160.488500,repeat_purchase
650,1491,2025-03-17T08:21:47+00:00,176.730000,purchase
651,1495,2025-03-28T21:19:36+00:00,35.860000,subscription
652,1509,2025-03-27T17:15:00+00:00,33.620000,purchase
653,1512,2025-03-26T20:10:27+00:00,203.270000,purchase
654,1512,2025-03-31T14:10:27+00:00,245.956700,repeat_purchase
655,1515,2025-02-13T07:28:41+00:00,77.090000,purchase
656,1515,2025-02-25T18:28:41+00:00,65.526500,repeat_purchase
657,1518,2025-02-17T08:18:54+00:00,119.610000,purchase
658,1521,2025-03-12T06:15:19+00:00,181.950000,purchase
659,1522,2025-03-25T15:53:27+00:00,172.820000,purchase
660,1522,2025-03-31T13:53:27+00:00,181.461000,repeat_purchase
661,1523,2025-01-28T04:19:41+00:00,109.440000,purchase
662,1523,2025-02-03T00:19:41+00:00,89.740800,repeat_purchase
663,1523,2025-02-23T17:19:41+00:00,91.929600,repeat_purchase
664,1526,2025-03-23T00:52:00+00:00,189.650000,purchase
665,1526,2025-03-30T05:52:00+00:00,235.166000,repeat_purchase
666,1529,2025-02-09T03:44:47+00:00,26.480000,subscription
667,1529,2025-02-15T18:44:47+00:00,25.950400,renewal
668,1531,2025-03-26T13:00:41+00:00,39.330000,purchase
669,1540,2025-03-22T03:21:37+00:00,195.330000,purchase
670,1542,2025-01-11T00:42:09+00:00,133.010000,purchase
671,1542,2025-01-30T12:42:09+00:00,168.922700,repeat_purchase
672,1542,2025-02-03T05:42:09+00:00,117.048800,repeat_purchase
673,1542,2025-02-19T10:42:09+00:00,180.893600,repeat_purchase
674,1542,2025-02-23T15:42:09+00:00,105.077900,repeat_purchase
675,1547,2025-03-13T00:49:58+00:00,107.030000,purchase
676,1547,2025-03-25T10:49:58+00:00,139.139000,repeat_purchase
677,1552,2025-02-02T19:20:57+00:00,24.240000,purchase
678,1553,2025-03-29T21:32:16+00:00,122.860000,purchase
679,1556,2025-02-15T13:35:30+00:00,50.040000,purchase
680,1560,2025-02-17T21:54:26+00:00,129.230000,purchase
681,1560,2025-02-21T01:54:26+00:00,152.491400,repeat_purchase
682,1560,2025-02-26T13:54:26+00:00,142.153000,repeat_purchase
683,1560,2025-03-17T22:54:26+00:00,156.368300,repeat_purchase
684,1568,2025-01-22T15:13:05+00:00,102.050000,purchase
685,1568,2025-02-12T10:13:05+00:00,53.066000,repeat_purchase
686,1568,2025-03-01T20:13:05+00:00,83.681000,repeat_purchase
687,1568,2025-03-08T18:13:05+00:00,139.808500,repeat_purchase
688,1569,2025-03-16T23:54:31+00:00,194.200000,purchase
689,1569,2025-03-26T20:54:31+00:00,250.518000,repeat_purchase
690,1572,2025-02-25T01:16:20+00:00,205.840000,purchase
691,1572,2025-03-07T22:16:20+00:00,146.146400,repeat_purchase
692,1572,2025-03-18T08:16:20+00:00,259.358400,repeat_purchase
693,1572,2025-03-25T06:16:20+00:00,162.613600,repeat_purchase
694,1581,2025-03-21T13:26:24+00:00,78.790000,purchase
695,1592,2025-03-30T15:55:45+00:00,204.600000,purchase
696,1593,2025-01-16T21:31:53+00:00,195.630000,purchase
697,1593,2025-01-23T07:31:53+00:00,256.275300,repeat_purchase
698,1593,2025-02-06T17:31:53+00:00,269.969400,repeat_purchase
699,1600,2025-03-22T16:58:29+00:00,118.500000,purchase
700,1602,2025-03-29T09:22:41+00:00,105.900000,purchase
701,1607,2025-03-25T01:44:15+00:00,11.360000,subscription
702,1618,2025-03-23T11:47:20+00:00,29.480000,subscription
703,1619,2025-01-29T08:08:11+00:00,208.050000,purchase
704,1626,2025-01-27T01:17:13+00:00,128.770000,purchase
705,1626,2025-02-09T03:17:13+00:00,135.208500,repeat_purchase
706,1626,2025-02-23T04:17:13+00:00,65.672700,repeat_purchase
707,1628,2025-03-04T01:15:22+00:00,205.650000,purchase
708,1630,2025-03-28T03:29:30+00:00,115.280000,purchase
709,1638,2025-03-13T12:27:30+00:00,52.780000,purchase
710,1643,2025-03-21T11:24:47+00:00,121.970000,purchase
711,1653,2025-02-21T09:23:49+00:00,30.270000,subscription
712,1664,2025-02-17T15:15:43+00:00,23.170000,subscription
713,1665,2025-02-10T02:20:06+00:00,37.490000,subscription
714,1665,2025-02-14T09:20:06+00:00,30.741800,renewal
715,1665,2025-03-01T17:20:06+00:00,38.989600,renewal
716,1667,2025-03-27T12:34:31+00:00,14.180000,subscription
717,1671,2025-02-07T18:13:06+00:00,122.490000,purchase
718,1673,2025-01-27T00:25:46+00:00,46.760000,purchase
719,1673,2025-01-31T03:25:46+00:00,57.982400,repeat_purchase
720,1674,2025-02-10T08:14:17+00:00,107.120000,purchase
721,1674,2025-03-01T20:14:17+00:00,103.906400,repeat_purchase
722,1678,2025-02-02T05:36:52+00:00,29.520000,purchase
723,1678,2025-02-17T14:36:52+00:00,23.025600,repeat_purchase
724,1688,2025-01-12T14:22:10+00:00,96.970000,purchase
725,1691,2025-01-15T18:50:52+00:00,59.700000,purchase
726,1694,2025-02-18T19:14:14+00:00,89.290000,purchase
727,1694,2025-03-03T10:14:14+00:00,100.004800,repeat_purchase
728,1702,2025-03-29T23:05:30+00:00,185.450000,purchase
729,1704,2025-01-08T23:16:21+00:00,33.820000,purchase
730,1709,2025-03-01T07:08:31+00:00,190.990000,purchase
731,1709,2025-03-11T18:08:31+00:00,200.539500,repeat_purchase
732,1709,2025-03-17T00:08:31+00:00,261.656300,repeat_purchase
733,1714,2025-03-09T05:32:06+00:00,136.660000,purchase
734,1714,2025-03-20T19:32:06+00:00,76.529600,repeat_purchase
735,1723,2025-02-19T12:04:59+00:00,185.870000,purchase
736,1723,2025-03-05T14:04:59+00:00,178.435200,repeat_purchase
737,1723,2025-03-17T04:04:59+00:00,130.109000,repeat_purchase
738,1733,2025-01-24T15:00:33+00:00,15.780000,subscription
739,1733,2025-02-11T10:00:33+00:00,16.253400,renewal
740,1735,2025-01-11T17:37:46+00:00,106.030000,purchase
741,1735,2025-01-26T11:37:46+00:00,102.849100,repeat_purchase
742,1735,2025-02-04T10:37:46+00:00,57.256200,repeat_purchase
743,1736,2025-02-04T18:08:27+00:00,68.260000,purchase
744,1739,2025-01-24T14:54:08+00:00,113.940000,purchase
745,1739,2025-02-08T13:54:08+00:00,134.449200,repeat_purchase
746,1739,2025-02-21T12:54:08+00:00,96.849000,repeat_purchase
747,1739,2025-02-26T08:54:08+00:00,99.127800,repeat_purchase
748,1739,2025-03-12T08:54:08+00:00,154.958400,repeat_purchase
749,1753,2025-03-12T20:40:42+00:00,206.020000,purchase
750,1753,2025-03-20T12:40:42+00:00,148.334400,repeat_purchase
751,1759,2025-01-13T02:09:48+00:00,148.200000,purchase
752,1759,2025-01-29T18:09:48+00:00,160.056000,repeat_purchase
753,1759,2025-02-15T01:09:48+00:00,117.078000,repeat_purchase
754,1772,2025-03-29T23:32:45+00:00,167.560000,purchase
755,1773,2025-02-08T00:04:39+00:00,160.210000,purchase
756,1773,2025-02-22T19:04:39+00:00,108.942800,repeat_purchase
757,1773,2025-03-12T01:04:39+00:00,198.660400,repeat_purchase
758,1773,2025-03-17T04:04:39+00:00,214.681400,repeat_purchase
759,1774,2025-03-18T06:41:35+00:00,180.450000,purchase
760,1779,2025-02-05T11:13:31+00:00,211.580000,purchase
761,1785,2025-02-12T03:57:30+00:00,162.670000,purchase
762,1785,2025-02-17T07:57:30+00:00,82.961700,repeat_purchase
763,1786,2025-03-03T13:03:37+00:00,210.900000,purchase
764,1786,2025-03-18T03:03:37+00:00,276.279000,repeat_purchase
765,1786,2025-03-25T04:03:37+00:00,191.919000,repeat_purchase
766,1788,2025-02-15T07:36:53+00:00,170.160000,purchase
767,1792,2025-03-20T05:00:55+00:00,16.740000,subscription
768,1797,2025-02-10T04:06:04+00:00,86.810000,purchase
769,1800,2025-02-08T01:29:49+00:00,60.700000,purchase
770,1803,2025-01-27T01:50:42+00:00,138.310000,purchase
771,1803,2025-02-11T03:50:42+00:00,178.419900,repeat_purchase
772,1805,2025-03-17T08:19:02+00:00,21.760000,subscription
773,1818,2025-02-08T11:45:20+00:00,111.750000,purchase
774,1818,2025-02-17T20:45:20+00:00,149.745000,repeat_purchase
775,1818,2025-03-05T13:45:20+00:00,64.815000,repeat_purchase
776,1822,2025-02-09T14:24:05+00:00,203.240000,purchase
777,1822,2025-02-23T03:24:05+00:00,154.462400,repeat_purchase
778,1822,2025-03-01T12:24:05+00:00,140.235600,repeat_purchase
779,1822,2025-03-20T03:24:05+00:00,258.114800,repeat_purchase
780,1825,2025-03-03T11:31:36+00:00,90.040000,purchase
781,1825,2025-03-14T19:31:36+00:00,68.430400,repeat_purchase
782,1825,2025-03-26T17:31:36+00:00,54.024000,repeat_purchase
783,1831,2025-01-14T16:55:20+00:00,217.810000,purchase
784,1831,2025-01-22T16:55:20+00:00,115.439300,repeat_purchase
785,1831,2025-02-04T17:55:20+00:00,126.329800,repeat_purchase
786,1831,2025-02-08T01:55:20+00:00,237.412900,repeat_purchase
787,1836,2025-03-06T16:15:47+00:00,91.380000,purchase
788,1839,2025-03-12T18:10:39+00:00,183.260000,purchase
789,1839,2025-03-21T17:10:39+00:00,117.286400,repeat_purchase
790,1841,2025-03-29T10:44:30+00:00,35.780000,subscription
791,1847,2025-03-23T02:38:06+00:00,131.890000,purchase
792,1847,2025-03-30T03:38:06+00:00,100.236400,repeat_purchase
793,1857,2025-02-23T17:02:05+00:00,167.360000,purchase
794,1857,2025-03-12T20:02:05+00:00,125.520000,repeat_purchase
795,1857,2025-03-26T09:02:05+00:00,120.499200,repeat_purchase
796,1859,2025-01-24T07:00:13+00:00,108.050000,purchase
797,1859,2025-01-30T14:00:13+00:00,129.660000,repeat_purchase
798,1859,2025-02-15T18:00:13+00:00,117.774500,repeat_purchase
799,1860,2025-03-22T18:48:49+00:00,71.640000,purchase
800,1870,2025-03-27T12:29:24+00:00,161.100000,purchase
801,1878,2025-01-28T20:26:03+00:00,211.490000,purchase
802,1880,2025-02-28T06:35:13+00:00,126.580000,purchase
803,1880,2025-03-16T22:35:13+00:00,99.998200,repeat_purchase
804,1901,2025-03-09T09:09:22+00:00,121.520000,purchase
805,1907,2025-02-11T17:17:45+00:00,121.910000,purchase
806,1907,2025-03-01T02:17:45+00:00,119.471800,repeat_purchase
807,1907,2025-03-10T11:17:45+00:00,141.415600,repeat_purchase
808,1907,2025-03-23T01:17:45+00:00,106.061700,repeat_purchase
809,1912,2025-02-05T21:00:37+00:00,214.390000,purchase
810,1912,2025-02-16T04:00:37+00:00,109.338900,repeat_purchase
811,1912,2025-02-19T05:00:37+00:00,124.346200,repeat_purchase
812,1937,2025-02-01T08:36:54+00:00,39.800000,subscription
813,1937,2025-02-10T14:36:54+00:00,26.666000,renewal
814,1937,2025-02-23T05:36:54+00:00,35.820000,renewal
815,1938,2025-02-08T16:05:00+00:00,42.600000,subscription
816,1942,2025-02-09T19:44:57+00:00,215.570000,purchase
817,1951,2025-03-13T08:42:49+00:00,117.650000,purchase
818,1951,2025-03-23T09:42:49+00:00,76.472500,repeat_purchase
819,1954,2025-01-12T18:19:32+00:00,144.830000,purchase
820,1954,2025-01-31T23:19:32+00:00,157.864700,repeat_purchase
821,1954,2025-02-11T19:19:32+00:00,85.449700,repeat_purchase
822,1954,2025-02-27T00:19:32+00:00,126.002100,repeat_purchase
823,1955,2025-02-04T22:23:56+00:00,44.430000,subscription
824,1955,2025-02-18T12:23:56+00:00,60.424800,renewal
825,1955,2025-03-01T20:23:56+00:00,28.435200,renewal
826,1957,2025-01-18T14:18:39+00:00,123.340000,purchase
827,1957,2025-02-05T19:18:39+00:00,159.108600,repeat_purchase
828,1957,2025-02-14T10:18:39+00:00,136.907400,repeat_purchase
829,1957,2025-02-23T05:18:39+00:00,74.004000,repeat_purchase
830,1957,2025-03-13T08:18:39+00:00,151.708200,repeat_purchase
831,1958,2025-01-26T13:10:42+00:00,112.840000,purchase
832,1958,2025-02-01T21:10:42+00:00,56.420000,repeat_purchase
833,1958,2025-02-20T23:10:42+00:00,62.062000,repeat_purchase
834,1958,2025-03-09T13:10:42+00:00,108.326400,repeat_purchase
835,1958,2025-03-27T17:10:42+00:00,148.948800,repeat_purchase
836,1966,2025-03-03T01:18:21+00:00,112.250000,purchase
837,1966,2025-03-18T14:18:21+00:00,97.657500,repeat_purchase
838,1970,2025-03-28T18:14:52+00:00,26.720000,purchase
839,1977,2025-02-15T00:16:40+00:00,30.240000,subscription
840,1991,2025-02-21T17:53:44+00:00,35.160000,subscription
841,1994,2025-01-28T08:05:05+00:00,71.940000,purchase
842,1994,2025-02-09T00:05:05+00:00,76.975800,repeat_purchase
843,1994,2025-02-24T17:05:05+00:00,36.689400,repeat_purchase
844,1998,2025-03-27T01:30:56+00:00,207.280000,purchase
845,2000,2025-01-15T10:27:39+00:00,177.450000,purchase
846,2000,2025-01-26T16:27:39+00:00,207.616500,repeat_purchase
847,2000,2025-02-01T03:27:39+00:00,227.136000,repeat_purchase
848,2018,2025-02-12T00:41:13+00:00,121.540000,purchase
849,2018,2025-02-17T06:41:13+00:00,122.755400,repeat_purchase
850,2027,2025-03-29T23:15:46+00:00,38.690000,subscription
851,2028,2025-02-28T03:32:38+00:00,36.050000,purchase
852,2029,2025-02-17T23:46:44+00:00,37.400000,subscription
853,2029,2025-02-28T15:46:44+00:00,19.448000,renewal
854,2029,2025-03-08T05:46:44+00:00,39.270000,renewal
855,2042,2025-03-23T18:02:18+00:00,147.940000,purchase
856,2046,2025-03-22T05:45:00+00:00,91.130000,purchase
857,2054,2025-02-08T09:56:17+00:00,155.300000,purchase
858,2060,2025-03-26T16:55:22+00:00,169.350000,purchase
859,2072,2025-03-16T11:21:01+00:00,204.500000,purchase
860,2072,2025-03-25T05:21:01+00:00,173.825000,repeat_purchase
861,2074,2025-03-02T02:17:02+00:00,184.570000,purchase
862,2074,2025-03-15T14:17:02+00:00,118.124800,repeat_purchase
863,2074,2025-03-30T12:17:02+00:00,101.513500,repeat_purchase
864,2075,2025-03-27T09:40:33+00:00,159.310000,purchase
865,2075,2025-03-30T16:40:33+00:00,197.544400,repeat_purchase
866,2078,2025-01-16T13:28:33+00:00,13.560000,subscription
867,2080,2025-02-18T05:03:44+00:00,46.300000,purchase
868,2082,2025-03-13T15:42:59+00:00,179.060000,purchase
869,2082,2025-03-22T13:42:59+00:00,161.154000,repeat_purchase
870,2084,2025-03-28T04:03:29+00:00,12.790000,subscription
871,2086,2025-03-21T03:38:32+00:00,100.020000,purchase
872,2086,2025-03-28T20:38:32+00:00,86.017200,repeat_purchase
873,2095,2025-02-20T18:40:29+00:00,159.140000,purchase
874,2095,2025-03-12T05:40:29+00:00,112.989400,repeat_purchase
875,2095,2025-03-23T19:40:29+00:00,114.580800,repeat_purchase
876,2096,2025-03-18T23:48:29+00:00,132.310000,purchase
877,2098,2025-03-14T04:04:05+00:00,156.890000,purchase
878,2101,2025-03-14T06:16:54+00:00,21.780000,subscription
879,2107,2025-01-10T19:58:49+00:00,100.240000,purchase
880,2107,2025-01-25T13:58:49+00:00,82.196800,repeat_purchase
881,2107,2025-02-01T15:58:49+00:00,52.124800,repeat_purchase
882,2107,2025-02-12T03:58:49+00:00,82.196800,repeat_purchase
883,2107,2025-03-02T19:58:49+00:00,104.249600,repeat_purchase
884,2110,2025-03-07T03:37:44+00:00,74.740000,purchase
885,2115,2025-01-22T11:36:47+00:00,43.800000,subscription
886,2115,2025-02-05T16:36:47+00:00,26.718000,renewal
887,2115,2025-02-19T17:36:47+00:00,50.808000,renewal
888,2118,2025-02-28T08:19:40+00:00,32.820000,purchase
889,2124,2025-02-06T09:58:47+00:00,154.960000,purchase
890,2124,2025-02-09T22:58:47+00:00,79.029600,repeat_purchase
891,2126,2025-02-24T17:07:32+00:00,174.820000,purchase
892,2126,2025-03-13T22:07:32+00:00,152.093400,repeat_purchase
893,2129,2025-03-14T12:03:06+00:00,43.620000,subscription
894,2131,2025-01-19T08:02:19+00:00,217.730000,purchase
895,2131,2025-02-06T14:02:19+00:00,169.829400,repeat_purchase
896,2131,2025-02-12T01:02:19+00:00,200.311600,repeat_purchase
897,2131,2025-02-20T10:02:19+00:00,239.503000,repeat_purchase
898,2133,2025-02-02T13:30:49+00:00,75.580000,purchase
899,2142,2025-02-22T18:50:19+00:00,144.190000,purchase
900,2144,2025-01-16T13:20:39+00:00,198.430000,purchase
901,2144,2025-01-22T02:20:39+00:00,269.864800,repeat_purchase
902,2144,2025-02-11T11:20:39+00:00,253.990400,repeat_purchase
903,2144,2025-02-24T09:20:39+00:00,117.073700,repeat_purchase
904,2144,2025-03-11T23:20:39+00:00,214.304400,repeat_purchase
905,2145,2025-03-17T08:13:17+00:00,187.910000,purchase
906,2147,2025-02-13T21:39:29+00:00,17.540000,subscription
907,2158,2025-01-23T09:33:48+00:00,45.440000,subscription
908,2158,2025-02-03T10:33:48+00:00,39.078400,renewal
909,2158,2025-02-14T15:33:48+00:00,34.080000,renewal
910,2164,2025-02-26T15:08:14+00:00,64.070000,purchase
911,2164,2025-03-19T10:08:14+00:00,71.758400,repeat_purchase
912,2172,2025-03-11T19:59:55+00:00,92.970000,purchase
913,2172,2025-03-19T02:59:55+00:00,128.298600,repeat_purchase
914,2177,2025-02-22T22:32:28+00:00,191.120000,purchase
915,2178,2025-01-18T03:00:03+00:00,194.150000,purchase
916,2178,2025-02-04T01:00:03+00:00,262.102500,repeat_purchase
917,2178,2025-02-17T20:00:03+00:00,172.793500,repeat_purchase
918,2178,2025-02-28T07:00:03+00:00,130.080500,repeat_purchase
919,2180,2025-03-04T10:50:21+00:00,30.730000,subscription
920,2180,2025-03-11T16:50:21+00:00,39.641700,renewal
921,2185,2025-03-04T22:53:31+00:00,196.170000,purchase
922,2185,2025-03-08T17:53:31+00:00,160.859400,repeat_purchase
923,2188,2025-03-11T22:00:25+00:00,20.330000,purchase
924,2190,2025-03-10T19:31:31+00:00,115.020000,purchase
925,2191,2025-01-22T17:25:32+00:00,31.850000,purchase
926,2201,2025-01-26T15:33:10+00:00,111.610000,purchase
927,2201,2025-02-07T19:33:10+00:00,97.100700,repeat_purchase
928,2201,2025-02-23T08:33:10+00:00,55.805000,repeat_purchase
929,2205,2025-01-21T23:54:40+00:00,88.060000,purchase
930,2205,2025-02-11T14:54:40+00:00,84.537600,repeat_purchase
931,2205,2025-02-22T08:54:40+00:00,61.642000,repeat_purchase
932,2210,2025-01-20T03:03:23+00:00,169.770000,purchase
933,2210,2025-02-09T08:03:23+00:00,162.979200,repeat_purchase
934,2210,2025-02-22T02:03:23+00:00,207.119400,repeat_purchase
935,2211,2025-03-08T21:14:52+00:00,151.160000,purchase
936,2217,2025-03-30T04:07:18+00:00,23.510000,subscription
937,2233,2025-02-16T12:22:55+00:00,21.950000,subscription
938,2240,2025-01-18T18:14:42+00:00,162.620000,purchase
939,2240,2025-01-31T17:14:42+00:00,216.284600,repeat_purchase
940,2240,2025-02-08T10:14:42+00:00,112.207800,repeat_purchase
941,2240,2025-02-16T20:14:42+00:00,177.255800,repeat_purchase
942,2278,2025-03-21T22:44:42+00:00,33.610000,subscription
943,2283,2025-03-11T07:59:18+00:00,82.000000,purchase
944,2292,2025-01-28T17:41:32+00:00,26.490000,purchase
945,2298,2025-01-26T19:24:58+00:00,196.030000,purchase
946,2298,2025-01-30T13:24:58+00:00,245.037500,repeat_purchase
947,2298,2025-02-15T06:24:58+00:00,248.958100,repeat_purchase
948,2298,2025-02-28T15:24:58+00:00,98.015000,repeat_purchase
949,2299,2025-01-22T19:30:15+00:00,52.010000,purchase
950,2309,2025-02-02T21:46:14+00:00,108.520000,purchase
951,2309,2025-02-14T07:46:14+00:00,119.372000,repeat_purchase
952,2310,2025-03-19T18:34:28+00:00,115.610000,purchase
953,2315,2025-02-21T05:25:22+00:00,161.030000,purchase
954,2315,2025-03-11T11:25:22+00:00,169.081500,repeat_purchase
955,2318,2025-03-05T10:35:04+00:00,48.740000,purchase
956,2321,2025-03-26T17:43:22+00:00,60.880000,purchase
957,2325,2025-02-17T03:31:26+00:00,29.140000,purchase
958,2325,2025-03-01T12:31:26+00:00,39.921800,repeat_purchase
959,2325,2025-03-18T21:31:26+00:00,16.901200,repeat_purchase
960,2332,2025-01-25T13:41:25+00:00,73.610000,purchase
961,2334,2025-02-26T12:21:47+00:00,43.550000,subscription
962,2337,2025-02-22T20:29:07+00:00,142.800000,purchase
963,2337,2025-03-02T11:29:07+00:00,141.372000,repeat_purchase
964,2346,2025-03-24T22:43:35+00:00,151.880000,purchase
965,2346,2025-03-29T07:43:35+00:00,153.398800,repeat_purchase
966,2363,2025-03-12T01:25:35+00:00,71.540000,purchase
967,2375,2025-03-24T23:14:07+00:00,59.090000,purchase
968,2379,2025-02-01T09:39:11+00:00,33.140000,purchase
969,2379,2025-02-19T11:39:11+00:00,28.831800,repeat_purchase
970,2379,2025-03-03T15:39:11+00:00,31.151600,repeat_purchase
971,2387,2025-03-08T13:16:03+00:00,173.440000,purchase
972,2393,2025-03-25T02:27:10+00:00,36.110000,subscription
973,2400,2025-03-01T00:47:20+00:00,197.110000,purchase
974,2400,2025-03-09T13:47:20+00:00,234.560900,repeat_purchase
975,2400,2025-03-19T19:47:20+00:00,112.352700,repeat_purchase
976,2400,2025-03-22T20:47:20+00:00,256.243000,repeat_purchase
977,2401,2025-03-19T01:34:36+00:00,190.640000,purchase
978,2403,2025-02-08T18:13:52+00:00,116.880000,purchase
979,2403,2025-02-20T00:13:52+00:00,68.959200,repeat_purchase
980,2403,2025-03-01T10:13:52+00:00,143.762400,repeat_purchase
981,2403,2025-03-05T15:13:52+00:00,144.931200,repeat_purchase
982,2405,2025-03-10T22:22:36+00:00,185.340000,purchase
983,2408,2025-03-15T10:23:15+00:00,191.540000,purchase
984,2417,2025-01-20T10:47:35+00:00,205.760000,purchase
985,2417,2025-02-05T01:47:35+00:00,133.744000,repeat_purchase
986,2417,2025-02-12T19:47:35+00:00,213.990400,repeat_purchase
987,2417,2025-02-22T22:47:35+00:00,164.608000,repeat_purchase
988,2419,2025-01-17T02:13:54+00:00,107.810000,purchase
989,2419,2025-01-20T03:13:54+00:00,139.074900,repeat_purchase
990,2419,2025-02-02T02:13:54+00:00,148.777800,repeat_purchase
991,2420,2025-03-17T14:59:39+00:00,206.830000,purchase
992,2423,2025-01-26T03:19:32+00:00,122.720000,purchase
993,2426,2025-03-29T14:51:15+00:00,162.060000,purchase
994,2432,2025-01-21T10:04:50+00:00,146.370000,purchase
995,2432,2025-01-27T10:04:50+00:00,80.503500,repeat_purchase
996,2432,2025-02-14T19:04:50+00:00,159.543300,repeat_purchase
997,2432,2025-02-17T21:04:50+00:00,77.576100,repeat_purchase
998,2437,2025-01-26T18:51:57+00:00,132.660000,purchase
999,2446,2025-03-09T01:55:15+00:00,113.050000,purchase
1000,2446,2025-03-25T04:55:15+00:00,136.790500,repeat_purchase
1001,2453,2025-01-28T15:52:13+00:00,12.590000,subscription
1002,2453,2025-02-12T07:52:13+00:00,7.805800,renewal
1003,2456,2025-02-18T05:20:36+00:00,28.080000,purchase
1004,2456,2025-03-06T06:20:36+00:00,33.415200,repeat_purchase
1005,2459,2025-03-29T00:00:04+00:00,195.370000,purchase
1006,2475,2025-01-29T11:32:25+00:00,97.470000,purchase
1007,2478,2025-01-11T10:36:21+00:00,27.140000,purchase
1008,2486,2025-03-04T00:29:48+00:00,25.090000,subscription
1009,2488,2025-03-27T15:08:06+00:00,185.590000,purchase
1010,2491,2025-01-07T02:59:58+00:00,103.360000,purchase
1011,2491,2025-01-20T05:59:58+00:00,76.486400,repeat_purchase
1012,2491,2025-02-03T17:59:58+00:00,60.982400,repeat_purchase
1013,2491,2025-02-20T04:59:58+00:00,133.334400,repeat_purchase
1014,2491,2025-02-27T18:59:58+00:00,52.713600,repeat_purchase
1015,2493,2025-01-04T18:32:54+00:00,16.870000,subscription
1016,2498,2025-02-02T03:04:58+00:00,36.280000,subscription
1017,2500,2025-01-13T01:41:25+00:00,107.800000,purchase
1018,2502,2025-03-23T16:05:10+00:00,77.180000,purchase
1019,2516,2025-01-16T22:06:31+00:00,205.820000,purchase
1020,2516,2025-01-25T03:06:31+00:00,104.968200,repeat_purchase
1021,2516,2025-02-06T23:06:31+00:00,154.365000,repeat_purchase
1022,2519,2025-02-12T09:47:42+00:00,27.000000,subscription
1023,2519,2025-02-27T16:47:42+00:00,24.840000,renewal
1024,2519,2025-03-04T20:47:42+00:00,35.640000,renewal
1025,2520,2025-03-24T16:41:18+00:00,48.550000,subscription
1026,2521,2025-02-19T19:33:10+00:00,47.840000,purchase
1027,2523,2025-02-19T14:20:35+00:00,186.050000,purchase
1028,2523,2025-03-01T05:20:35+00:00,156.282000,repeat_purchase
1029,2523,2025-03-16T08:20:35+00:00,178.608000,repeat_purchase
1030,2523,2025-03-20T09:20:35+00:00,223.260000,repeat_purchase
1031,2523,2025-03-25T22:20:35+00:00,202.794500,repeat_purchase
1032,2526,2025-03-15T21:51:47+00:00,52.740000,purchase
1033,2528,2025-01-11T11:28:51+00:00,152.560000,purchase
1034,2528,2025-01-21T03:28:51+00:00,175.444000,repeat_purchase
1035,2528,2025-02-10T17:28:51+00:00,88.484800,repeat_purchase
1036,2529,2025-02-04T14:07:12+00:00,51.890000,purchase
1037,2533,2025-02-05T11:12:50+00:00,53.350000,purchase
1038,2533,2025-02-24T06:12:50+00:00,42.146500,repeat_purchase
1039,2533,2025-03-10T06:12:50+00:00,54.417000,repeat_purchase
1040,2544,2025-03-19T00:20:39+00:00,28.180000,subscription
1041,2554,2025-02-07T04:48:20+00:00,170.240000,purchase
1042,2554,2025-02-12T01:48:20+00:00,100.441600,repeat_purchase
1043,2556,2025-01-17T23:06:42+00:00,108.320000,purchase
1044,2556,2025-02-07T06:06:42+00:00,116.985600,repeat_purchase
1045,2556,2025-02-11T17:06:42+00:00,84.489600,repeat_purchase
1046,2556,2025-02-21T00:06:42+00:00,103.987200,repeat_purchase
1047,2556,2025-03-12T01:06:42+00:00,137.566400,repeat_purchase
1048,2565,2025-02-24T17:00:21+00:00,88.300000,purchase
1049,2567,2025-01-02T23:05:50+00:00,153.640000,purchase
1050,2567,2025-01-21T19:05:50+00:00,199.732000,repeat_purchase
1051,2567,2025-01-29T00:05:50+00:00,129.057600,repeat_purchase
1052,2567,2025-02-01T15:05:50+00:00,122.912000,repeat_purchase
1053,2582,2025-02-20T20:58:59+00:00,18.900000,subscription
1054,2587,2025-03-28T14:07:06+00:00,108.330000,purchase
1055,2589,2025-03-29T13:17:05+00:00,22.700000,subscription
1056,2591,2025-02-07T14:04:52+00:00,69.820000,purchase
1057,2591,2025-02-27T04:04:52+00:00,69.820000,repeat_purchase
1058,2591,2025-03-18T22:04:52+00:00,90.067800,repeat_purchase
1059,2592,2025-03-29T06:45:52+00:00,42.930000,purchase
1060,2593,2025-02-06T17:32:42+00:00,37.200000,purchase
1061,2594,2025-02-09T17:43:10+00:00,140.110000,purchase
1062,2597,2025-02-05T15:38:33+00:00,104.530000,purchase
1063,2599,2025-01-20T19:32:12+00:00,165.070000,purchase
1064,2599,2025-01-25T01:32:12+00:00,90.788500,repeat_purchase
1065,2607,2025-01-13T21:33:10+00:00,139.430000,purchase
1066,2608,2025-01-18T09:56:15+00:00,189.080000,purchase
1067,2608,2025-02-06T08:56:15+00:00,181.516800,repeat_purchase
1068,2618,2025-02-18T22:46:14+00:00,133.290000,purchase
1069,2619,2025-01-17T19:02:58+00:00,51.540000,purchase
1070,2619,2025-02-01T08:02:58+00:00,42.262800,repeat_purchase
1071,2619,2025-02-13T11:02:58+00:00,53.601600,repeat_purchase
1072,2622,2025-01-23T09:04:16+00:00,42.040000,subscription
1073,2622,2025-02-06T08:04:16+00:00,37.415600,renewal
1074,2628,2025-02-25T07:00:18+00:00,86.620000,purchase
1075,2641,2025-02-04T18:56:58+00:00,217.880000,purchase
1076,2645,2025-03-26T21:38:26+00:00,206.350000,purchase
1077,2648,2025-02-15T07:51:44+00:00,84.180000,purchase
1078,2648,2025-02-18T10:51:44+00:00,88.389000,repeat_purchase
1079,2652,2025-03-08T22:15:49+00:00,213.260000,purchase
1080,2652,2025-03-12T05:15:49+00:00,166.342800,repeat_purchase
1081,2652,2025-03-22T19:15:49+00:00,125.823400,repeat_purchase
1082,2666,2025-01-19T04:42:36+00:00,63.400000,purchase
1083,2671,2025-02-23T06:24:28+00:00,79.700000,purchase
1084,2676,2025-03-24T05:28:35+00:00,206.460000,purchase
1085,2679,2025-01-26T08:54:59+00:00,94.240000,purchase
1086,2679,2025-02-14T21:54:59+00:00,61.256000,repeat_purchase
1087,2679,2025-02-27T18:54:59+00:00,110.260800,repeat_purchase
1088,2700,2025-02-23T10:07:53+00:00,88.400000,purchase
1089,2710,2025-02-01T10:06:52+00:00,27.430000,purchase
1090,2710,2025-02-12T02:06:52+00:00,13.989300,repeat_purchase
1091,2710,2025-02-26T19:06:52+00:00,34.013200,repeat_purchase
1092,2717,2025-03-28T20:24:29+00:00,160.820000,purchase
1093,2724,2025-03-22T13:55:58+00:00,78.570000,purchase
1094,2732,2025-03-20T08:46:56+00:00,19.010000,subscription
1095,2735,2025-02-07T20:27:45+00:00,182.970000,purchase
1096,2735,2025-02-20T05:27:45+00:00,232.371900,repeat_purchase
1097,2735,2025-03-09T01:27:45+00:00,95.144400,repeat_purchase
1098,2735,2025-03-22T10:27:45+00:00,161.013600,repeat_purchase
1099,2736,2025-01-16T07:36:24+00:00,209.030000,purchase
1100,2736,2025-01-29T21:36:24+00:00,282.190500,repeat_purchase
1101,2736,2025-02-08T19:36:24+00:00,142.140400,repeat_purchase
1102,2736,2025-02-24T04:36:24+00:00,290.551700,repeat_purchase
1103,2748,2025-03-25T20:47:07+00:00,49.360000,subscription
1104,2757,2025-02-23T19:47:44+00:00,200.900000,purchase
1105,2757,2025-03-02T01:47:44+00:00,172.774000,repeat_purchase
1106,2757,2025-03-05T11:47:44+00:00,114.513000,repeat_purchase
1107,2757,2025-03-24T00:47:44+00:00,180.810000,repeat_purchase
1108,2767,2025-01-08T06:43:54+00:00,95.520000,purchase
1109,2778,2025-03-28T02:59:39+00:00,105.790000,purchase
1110,2779,2025-03-15T03:20:08+00:00,123.270000,purchase
1111,2779,2025-03-28T23:20:08+00:00,107.244900,repeat_purchase
1112,2779,2025-03-31T23:20:08+00:00,166.414500,repeat_purchase
1113,2783,2025-03-24T07:11:12+00:00,67.570000,purchase
1114,2786,2025-03-29T12:06:38+00:00,207.290000,purchase
1115,2787,2025-02-01T03:43:45+00:00,75.160000,purchase
1116,2789,2025-03-29T00:15:47+00:00,46.980000,subscription
1117,2790,2025-03-23T04:15:18+00:00,138.210000,purchase
1118,2791,2025-03-14T16:25:17+00:00,83.220000,purchase
1119,2794,2025-02-04T06:25:45+00:00,37.070000,purchase
1120,2796,2025-02-02T21:00:58+00:00,211.220000,purchase
1121,2796,2025-02-11T20:00:58+00:00,209.107800,repeat_purchase
1122,2796,2025-02-21T06:00:58+00:00,223.893200,repeat_purchase
1123,2804,2025-02-02T05:50:48+00:00,41.720000,purchase
1124,2813,2025-03-08T15:37:30+00:00,182.640000,purchase
1125,2813,2025-03-17T03:37:30+00:00,105.931200,repeat_purchase
1126,2816,2025-02-15T04:43:44+00:00,185.170000,purchase
1127,2816,2025-02-25T05:43:44+00:00,238.869300,repeat_purchase
1128,2816,2025-03-17T02:43:44+00:00,214.797200,repeat_purchase
1129,2834,2025-01-13T07:22:06+00:00,20.680000,subscription
1130,2834,2025-02-02T08:22:06+00:00,23.988800,renewal
1131,2834,2025-02-16T21:22:06+00:00,17.371200,renewal
1132,2835,2025-01-30T10:57:37+00:00,45.800000,subscription
1133,2835,2025-02-06T04:57:37+00:00,38.472000,renewal
1134,2838,2025-03-18T16:28:15+00:00,73.710000,purchase
1135,2839,2025-03-05T10:45:01+00:00,22.690000,purchase
1136,2885,2025-03-27T12:15:42+00:00,188.430000,purchase
1137,2888,2025-03-16T19:36:35+00:00,78.530000,purchase
1138,2895,2025-01-20T07:54:20+00:00,58.440000,purchase
1139,2895,2025-02-02T01:54:20+00:00,42.076800,repeat_purchase
1140,2895,2025-02-17T21:54:20+00:00,72.465600,repeat_purchase
1141,2897,2025-03-21T12:22:24+00:00,217.530000,purchase
1142,2905,2025-01-23T13:32:33+00:00,144.010000,purchase
1143,2909,2025-03-26T18:13:10+00:00,112.520000,purchase
1144,2926,2025-03-05T11:10:46+00:00,86.870000,purchase
1145,2926,2025-03-10T22:10:46+00:00,105.112700,repeat_purchase
1146,2927,2025-01-18T02:09:45+00:00,217.710000,purchase
1147,2929,2025-03-02T00:59:40+00:00,88.920000,purchase
1148,2932,2025-02-26T06:15:54+00:00,24.650000,subscription
1149,2932,2025-03-18T06:15:54+00:00,27.854500,renewal
1150,2933,2025-02-06T05:16:01+00:00,173.590000,purchase
1151,2933,2025-02-11T14:16:01+00:00,173.590000,repeat_purchase
1152,2936,2025-02-20T03:16:37+00:00,117.800000,purchase
1153,2936,2025-03-02T17:16:37+00:00,163.742000,repeat_purchase
1154,2936,2025-03-15T01:16:37+00:00,131.936000,repeat_purchase
1155,2943,2025-03-24T00:32:28+00:00,205.930000,purchase
1156,2952,2025-02-22T07:05:16+00:00,184.780000,purchase
1157,2956,2025-01-21T02:34:42+00:00,48.450000,purchase
1158,2956,2025-01-31T11:34:42+00:00,67.345500,repeat_purchase
1159,2956,2025-02-12T06:34:42+00:00,57.655500,repeat_purchase
1160,2961,2025-02-10T21:00:35+00:00,164.770000,purchase
1161,2961,2025-02-16T21:00:35+00:00,107.100500,repeat_purchase
1162,2961,2025-02-23T10:00:35+00:00,146.645300,repeat_purchase
1163,2961,2025-03-04T00:00:35+00:00,135.111400,repeat_purchase
1164,2969,2025-03-30T05:37:17+00:00,111.310000,purchase
1165,2978,2025-03-05T10:43:07+00:00,92.930000,purchase
1166,2979,2025-02-12T11:59:35+00:00,30.240000,subscription
1167,2985,2025-01-23T05:51:12+00:00,175.860000,purchase
1168,2985,2025-02-02T03:51:12+00:00,212.790600,repeat_purchase
1169,2997,2025-02-18T15:44:36+00:00,37.220000,purchase
1170,3002,2025-01-13T20:56:03+00:00,74.090000,purchase
1171,3002,2025-01-27T08:56:03+00:00,94.835200,repeat_purchase
1172,3002,2025-02-05T17:56:03+00:00,86.685300,repeat_purchase
1173,3004,2025-02-15T02:28:47+00:00,102.050000,purchase
1174,3008,2025-02-01T16:24:19+00:00,35.090000,purchase
1175,3008,2025-02-06T06:24:19+00:00,27.370200,repeat_purchase
1176,3024,2025-01-26T16:10:45+00:00,10.430000,subscription
1177,3025,2025-02-06T20:03:06+00:00,195.630000,purchase
1178,3025,2025-02-16T17:03:06+00:00,256.275300,repeat_purchase
1179,3025,2025-02-27T03:03:06+00:00,140.853600,repeat_purchase
1180,3040,2025-03-25T14:27:12+00:00,57.620000,purchase
1181,3045,2025-03-15T23:26:33+00:00,172.940000,purchase
1182,3046,2025-02-15T06:26:32+00:00,93.790000,purchase
1183,3047,2025-02-16T07:34:42+00:00,94.380000,purchase
1184,3052,2025-03-21T11:57:44+00:00,83.940000,purchase
1185,3053,2025-02-09T04:55:58+00:00,194.130000,purchase
1186,3053,2025-02-28T21:55:58+00:00,265.958100,repeat_purchase
1187,3058,2025-01-30T08:18:38+00:00,67.330000,purchase
1188,3058,2025-02-12T10:18:38+00:00,65.983400,repeat_purchase
1189,3058,2025-02-27T07:18:38+00:00,38.378100,repeat_purchase
1190,3065,2025-01-22T21:20:09+00:00,47.060000,purchase
1191,3066,2025-03-06T16:18:43+00:00,118.370000,purchase
1192,3066,2025-03-25T13:18:43+00:00,142.044000,repeat_purchase
1193,3078,2025-03-07T13:35:44+00:00,187.690000,purchase
1194,3078,2025-03-25T06:35:44+00:00,219.597300,repeat_purchase
1195,3088,2025-02-10T16:32:46+00:00,146.820000,purchase
1196,3088,2025-02-16T01:32:46+00:00,151.224600,repeat_purchase
1197,3088,2025-03-03T07:32:46+00:00,80.751000,repeat_purchase
1198,3089,2025-02-06T19:33:38+00:00,164.520000,purchase
1199,3089,2025-02-10T17:33:38+00:00,169.455600,repeat_purchase
1200,3095,2025-02-19T01:07:26+00:00,148.620000,purchase
1201,3095,2025-03-11T23:07:26+00:00,111.465000,repeat_purchase
1202,3095,2025-03-23T19:07:26+00:00,161.995800,repeat_purchase
1203,3097,2025-01-20T08:29:21+00:00,77.680000,purchase
1204,3103,2025-03-23T05:08:35+00:00,118.470000,purchase
1205,3110,2025-03-23T02:53:44+00:00,151.950000,purchase
1206,3111,2025-02-01T17:33:27+00:00,182.120000,purchase
1207,3111,2025-02-07T11:33:27+00:00,103.808400,repeat_purchase
1208,3114,2025-02-22T01:21:32+00:00,129.620000,purchase
1209,3114,2025-02-26T14:21:32+00:00,106.288400,repeat_purchase
1210,3114,2025-03-18T18:21:32+00:00,86.845400,repeat_purchase
1211,3116,2025-02-19T08:12:40+00:00,187.850000,purchase
1212,3136,2025-03-28T05:20:03+00:00,125.900000,purchase
1213,3143,2025-03-22T07:49:34+00:00,60.430000,purchase
1214,3154,2025-03-04T16:56:35+00:00,160.070000,purchase
1215,3154,2025-03-10T21:56:35+00:00,208.091000,repeat_purchase
1216,3154,2025-03-18T06:56:35+00:00,220.896600,repeat_purchase
1217,3167,2025-03-05T07:13:17+00:00,114.290000,purchase
1218,3167,2025-03-17T16:13:17+00:00,75.431400,repeat_purchase
1219,3169,2025-03-16T01:03:58+00:00,63.160000,purchase
1220,3172,2025-03-10T15:19:35+00:00,137.060000,purchase
1221,3172,2025-03-23T20:19:35+00:00,142.542400,repeat_purchase
1222,3175,2025-03-31T05:58:36+00:00,112.430000,purchase
1223,3211,2025-02-12T08:56:29+00:00,125.250000,purchase
1224,3211,2025-02-21T07:56:29+00:00,151.552500,repeat_purchase
1225,3217,2025-01-09T04:39:41+00:00,44.000000,purchase
1226,3217,2025-01-28T04:39:41+00:00,44.000000,repeat_purchase
1227,3217,2025-02-11T06:39:41+00:00,28.160000,repeat_purchase
1228,3225,2025-03-12T16:58:55+00:00,45.160000,subscription
1229,3229,2025-03-24T16:07:29+00:00,70.490000,purchase
1230,3234,2025-01-13T04:36:29+00:00,75.520000,purchase
1231,3235,2025-02-22T07:06:25+00:00,30.920000,subscription
1232,3235,2025-02-28T18:06:25+00:00,25.663600,renewal
1233,3236,2025-03-06T02:48:32+00:00,131.900000,purchase
1234,3252,2025-03-30T16:36:40+00:00,149.270000,purchase
1235,3253,2025-03-03T14:54:17+00:00,27.580000,subscription
1236,3259,2025-03-29T19:16:46+00:00,115.030000,purchase
1237,3266,2025-03-19T05:56:26+00:00,21.570000,purchase
1238,3268,2025-03-28T11:44:42+00:00,45.340000,subscription
1239,3272,2025-03-10T03:26:53+00:00,124.000000,purchase
1240,3272,2025-03-30T04:26:53+00:00,97.960000,repeat_purchase
1241,3274,2025-01-11T14:37:45+00:00,156.300000,purchase
1242,3274,2025-01-25T16:37:45+00:00,145.359000,repeat_purchase
1243,3274,2025-02-09T02:37:45+00:00,189.123000,repeat_purchase
1244,3274,2025-02-17T04:37:45+00:00,110.973000,repeat_purchase
1245,3275,2025-01-17T18:44:22+00:00,151.620000,purchase
1246,3275,2025-01-30T23:44:22+00:00,186.492600,repeat_purchase
1247,3275,2025-02-17T09:44:22+00:00,113.715000,repeat_purchase
1248,3276,2025-01-21T16:43:54+00:00,130.080000,purchase
1249,3278,2025-02-23T15:50:36+00:00,81.990000,purchase
1250,3278,2025-03-12T16:50:36+00:00,89.369100,repeat_purchase
1251,3281,2025-03-16T12:46:22+00:00,89.690000,purchase
1252,3281,2025-03-26T04:46:22+00:00,74.442700,repeat_purchase
1253,3293,2025-01-14T16:46:49+00:00,47.510000,purchase
1254,3297,2025-02-28T23:56:53+00:00,183.770000,purchase
1255,3297,2025-03-10T09:56:53+00:00,135.989800,repeat_purchase
1256,3297,2025-03-28T06:56:53+00:00,156.204500,repeat_purchase
1257,3301,2025-03-09T22:24:28+00:00,38.290000,purchase
1258,3301,2025-03-20T01:24:28+00:00,48.245400,repeat_purchase
1259,3301,2025-03-30T03:24:28+00:00,40.204500,repeat_purchase
1260,3304,2025-03-14T12:03:52+00:00,165.460000,purchase
1261,3304,2025-03-31T20:03:52+00:00,170.423800,repeat_purchase
1262,3306,2025-03-23T06:37:31+00:00,72.650000,purchase
1263,3327,2025-03-02T08:16:35+00:00,43.810000,subscription
1264,3328,2025-01-18T10:22:00+00:00,187.650000,purchase
1265,3332,2025-03-16T01:22:10+00:00,45.210000,purchase
1266,3334,2025-01-20T23:13:26+00:00,20.590000,subscription
1267,3339,2025-01-19T12:46:56+00:00,71.190000,purchase
1268,3342,2025-01-07T18:40:12+00:00,156.840000,purchase
1269,3342,2025-01-21T12:40:12+00:00,159.976800,repeat_purchase
1270,3343,2025-02-02T15:33:51+00:00,99.940000,purchase
1271,3346,2025-01-17T19:10:57+00:00,168.710000,purchase
1272,3346,2025-02-01T09:10:57+00:00,205.826200,repeat_purchase
1273,3346,2025-02-09T15:10:57+00:00,222.697200,repeat_purchase
1274,3346,2025-02-25T13:10:57+00:00,113.035700,repeat_purchase
1275,3363,2025-01-10T20:55:12+00:00,176.290000,purchase
1276,3363,2025-01-29T14:55:12+00:00,137.506200,repeat_purchase
1277,3363,2025-02-19T13:55:12+00:00,171.001300,repeat_purchase
1278,3363,2025-03-05T21:55:12+00:00,126.928800,repeat_purchase
1279,3366,2025-03-10T22:33:46+00:00,131.400000,purchase
1280,3366,2025-03-29T07:33:46+00:00,68.328000,repeat_purchase
1281,3376,2025-03-09T05:18:48+00:00,123.950000,purchase
1282,3377,2025-02-22T02:04:42+00:00,157.650000,purchase
1283,3377,2025-03-01T12:04:42+00:00,107.202000,repeat_purchase
1284,3379,2025-02-23T11:25:01+00:00,39.240000,subscription
1285,3386,2025-02-20T01:17:04+00:00,21.670000,purchase
1286,3389,2025-03-24T08:15:10+00:00,93.050000,purchase
1287,3391,2025-01-18T05:45:20+00:00,29.070000,subscription
1288,3391,2025-02-04T12:45:20+00:00,15.407100,renewal
1289,3396,2025-03-04T19:31:39+00:00,126.310000,purchase
1290,3396,2025-03-21T15:31:39+00:00,111.152800,repeat_purchase
1291,3397,2025-01-26T05:49:22+00:00,28.390000,subscription
1292,3397,2025-02-08T16:49:22+00:00,22.995900,renewal
1293,3397,2025-02-17T10:49:22+00:00,33.216300,renewal
1294,3398,2025-03-27T22:42:40+00:00,180.580000,purchase
1295,3401,2025-03-28T04:09:31+00:00,216.900000,purchase
1296,3413,2025-03-25T00:03:25+00:00,18.010000,subscription
1297,3415,2025-02-07T08:14:39+00:00,135.320000,purchase
1298,3415,2025-02-16T21:14:39+00:00,171.856400,repeat_purchase
1299,3415,2025-02-28T13:14:39+00:00,96.077200,repeat_purchase
1300,3415,2025-03-08T20:14:39+00:00,117.728400,repeat_purchase
1301,3415,2025-03-15T18:14:39+00:00,136.673200,repeat_purchase
1302,3416,2025-02-19T17:38:19+00:00,48.290000,subscription
1303,3420,2025-02-08T14:37:05+00:00,79.320000,purchase
1304,3422,2025-02-05T06:39:12+00:00,31.660000,purchase
1305,3425,2025-03-12T10:23:32+00:00,93.720000,purchase
1306,3438,2025-02-03T04:34:00+00:00,173.420000,purchase
1307,3440,2025-03-09T15:57:55+00:00,179.860000,purchase
1308,3441,2025-02-08T09:11:57+00:00,38.460000,subscription
1309,3445,2025-02-15T06:56:32+00:00,167.970000,purchase
1310,3462,2025-03-19T01:28:30+00:00,45.540000,purchase
1311,3468,2025-02-18T01:50:30+00:00,37.040000,subscription
1312,3471,2025-02-22T23:12:16+00:00,48.340000,subscription
1313,3471,2025-03-11T04:12:16+00:00,43.989400,renewal
1314,3471,2025-03-23T15:12:16+00:00,59.941600,renewal
1315,3475,2025-03-20T03:43:27+00:00,61.920000,purchase
1316,3476,2025-01-15T01:45:47+00:00,64.190000,purchase
1317,3476,2025-01-23T20:45:47+00:00,60.980500,repeat_purchase
1318,3476,2025-02-07T20:45:47+00:00,63.548100,repeat_purchase
1319,3479,2025-01-16T21:54:19+00:00,40.000000,purchase
1320,3496,2025-01-21T09:52:04+00:00,17.850000,subscription
1321,3496,2025-02-08T08:52:04+00:00,13.209000,renewal
1322,3496,2025-02-27T21:52:04+00:00,9.817500,renewal
1323,3508,2025-02-27T01:02:51+00:00,116.060000,purchase
1324,3508,2025-03-19T11:02:51+00:00,75.439000,repeat_purchase
1325,3512,2025-02-04T22:16:04+00:00,138.930000,purchase
1326,3512,2025-02-17T09:16:04+00:00,191.723400,repeat_purchase
1327,3516,2025-03-21T01:23:39+00:00,47.990000,subscription
1328,3540,2025-01-11T03:27:41+00:00,169.000000,purchase
1329,3541,2025-03-29T21:06:36+00:00,12.930000,subscription
1330,3542,2025-02-22T00:52:07+00:00,161.490000,purchase
1331,3542,2025-03-04T04:52:07+00:00,182.483700,repeat_purchase
1332,3542,2025-03-21T11:52:07+00:00,172.794300,repeat_purchase
1333,3542,2025-03-27T14:52:07+00:00,151.800600,repeat_purchase
1334,3544,2025-02-21T10:44:08+00:00,193.980000,purchase
1335,3549,2025-01-25T02:54:40+00:00,106.960000,purchase
1336,3556,2025-03-17T08:47:42+00:00,141.900000,purchase
1337,3559,2025-02-05T23:06:05+00:00,156.130000,purchase
1338,3559,2025-02-14T03:06:05+00:00,160.813900,repeat_purchase
1339,3559,2025-03-03T02:06:05+00:00,87.432800,repeat_purchase
1340,3562,2025-02-05T22:51:41+00:00,18.250000,subscription
1341,3564,2025-01-12T17:46:08+00:00,64.410000,purchase
1342,3565,2025-01-12T01:40:50+00:00,77.180000,purchase
1343,3566,2025-03-05T06:34:24+00:00,193.470000,purchase
1344,3568,2025-03-06T07:58:33+00:00,109.680000,purchase
1345,3595,2025-01-23T00:42:14+00:00,154.640000,purchase
1346,3595,2025-01-29T19:42:14+00:00,108.248000,repeat_purchase
1347,3595,2025-02-08T05:42:14+00:00,105.155200,repeat_purchase
1348,3595,2025-02-13T22:42:14+00:00,97.423200,repeat_purchase
1349,3597,2025-02-09T09:21:19+00:00,218.700000,purchase
1350,3597,2025-02-17T18:21:19+00:00,234.009000,repeat_purchase
1351,3597,2025-03-02T19:21:19+00:00,170.586000,repeat_purchase
1352,3597,2025-03-12T10:21:19+00:00,190.269000,repeat_purchase
1353,3597,2025-03-31T13:21:19+00:00,223.074000,repeat_purchase
1354,3607,2025-02-23T16:41:23+00:00,127.480000,purchase
1355,3607,2025-03-16T00:41:23+00:00,84.136800,repeat_purchase
1356,3607,2025-03-26T19:41:23+00:00,159.350000,repeat_purchase
1357,3608,2025-01-24T20:32:37+00:00,177.480000,purchase
1358,3608,2025-02-09T17:32:37+00:00,97.614000,repeat_purchase
1359,3608,2025-02-22T20:32:37+00:00,220.075200,repeat_purchase
1360,3608,2025-02-27T04:32:37+00:00,97.614000,repeat_purchase
1361,3608,2025-03-05T19:32:37+00:00,134.884800,repeat_purchase
1362,3617,2025-03-27T19:19:31+00:00,76.590000,purchase
1363,3618,2025-03-29T08:05:52+00:00,164.590000,purchase
1364,3624,2025-03-23T00:18:09+00:00,99.720000,purchase
1365,3628,2025-03-14T12:56:23+00:00,153.950000,purchase
1366,3632,2025-03-14T20:28:00+00:00,139.990000,purchase
1367,3638,2025-01-30T03:51:56+00:00,153.210000,purchase
1368,3647,2025-03-29T20:35:18+00:00,36.130000,purchase
1369,3654,2025-02-24T04:19:39+00:00,85.100000,purchase
1370,3657,2025-02-16T07:34:18+00:00,137.460000,purchase
1371,3657,2025-02-20T06:34:18+00:00,169.075800,repeat_purchase
1372,3657,2025-02-28T23:34:18+00:00,86.599800,repeat_purchase
1373,3657,2025-03-11T15:34:18+00:00,105.844200,repeat_purchase
1374,3657,2025-03-25T08:34:18+00:00,72.853800,repeat_purchase
1375,3658,2025-03-28T02:20:28+00:00,19.690000,subscription
1376,3662,2025-02-08T16:47:58+00:00,41.440000,subscription
1377,3666,2025-02-21T21:45:59+00:00,10.280000,subscription
1378,3675,2025-01-31T20:45:43+00:00,85.960000,purchase
1379,3675,2025-02-11T17:45:43+00:00,89.398400,repeat_purchase
1380,3691,2025-01-10T12:54:55+00:00,25.450000,subscription
1381,3696,2025-02-23T14:38:50+00:00,152.910000,purchase
1382,3696,2025-03-02T20:38:50+00:00,200.312100,repeat_purchase
1383,3701,2025-01-15T09:33:47+00:00,45.120000,purchase
1384,3718,2025-03-30T19:40:01+00:00,130.520000,purchase
1385,3724,2025-02-10T04:00:21+00:00,179.290000,purchase
1386,3724,2025-03-02T23:00:21+00:00,222.319600,repeat_purchase
1387,3733,2025-03-28T09:41:13+00:00,200.280000,purchase
1388,3735,2025-03-03T18:43:07+00:00,171.350000,purchase
1389,3737,2025-03-26T02:57:44+00:00,54.200000,purchase
1390,3738,2025-02-23T15:23:52+00:00,175.630000,purchase
1391,3741,2025-02-08T15:07:13+00:00,83.550000,purchase
1392,3741,2025-02-12T19:07:13+00:00,91.905000,repeat_purchase
1393,3743,2025-01-24T18:40:50+00:00,185.590000,purchase
1394,3750,2025-02-07T17:57:43+00:00,174.300000,purchase
1395,3767,2025-02-17T09:06:19+00:00,85.730000,purchase
1396,3768,2025-02-07T15:50:20+00:00,210.470000,purchase
1397,3769,2025-02-26T00:20:44+00:00,175.530000,purchase
1398,3769,2025-03-14T05:20:44+00:00,207.125400,repeat_purchase
1399,3769,2025-03-23T15:20:44+00:00,166.753500,repeat_purchase
1400,3778,2025-01-05T14:51:03+00:00,196.300000,purchase
1401,3780,2025-03-05T00:40:22+00:00,96.240000,purchase
1402,3782,2025-02-10T01:23:28+00:00,89.810000,purchase
1403,3798,2025-01-12T07:26:13+00:00,46.250000,purchase
1404,3809,2025-03-23T15:38:44+00:00,95.450000,purchase
1405,3809,2025-03-30T04:38:44+00:00,111.676500,repeat_purchase
1406,3810,2025-03-03T21:57:02+00:00,54.390000,purchase
1407,3812,2025-03-26T22:44:50+00:00,46.930000,subscription
1408,3816,2025-03-30T10:57:45+00:00,29.690000,subscription
1409,3821,2025-01-28T00:59:43+00:00,140.930000,purchase
1410,3822,2025-03-12T02:43:48+00:00,21.370000,purchase
1411,3825,2025-03-30T22:01:21+00:00,180.060000,purchase
1412,3833,2025-03-04T20:36:02+00:00,120.750000,purchase
1413,3833,2025-03-12T06:36:02+00:00,158.182500,repeat_purchase
1414,3833,2025-03-22T10:36:02+00:00,74.865000,repeat_purchase
1415,3848,2025-03-19T14:23:57+00:00,24.470000,subscription
1416,3849,2025-03-01T22:28:04+00:00,25.520000,purchase
1417,3867,2025-01-26T16:51:59+00:00,89.900000,purchase
1418,3868,2025-03-03T12:31:06+00:00,215.020000,purchase
1419,3868,2025-03-11T02:31:06+00:00,191.367800,repeat_purchase
1420,3869,2025-03-30T08:31:39+00:00,74.060000,purchase
1421,3882,2025-03-13T10:24:44+00:00,44.420000,subscription
1422,3901,2025-03-21T02:52:51+00:00,66.120000,purchase
1423,3901,2025-03-24T22:52:51+00:00,49.590000,repeat_purchase
1424,3908,2025-02-07T01:16:34+00:00,129.260000,purchase
1425,3908,2025-02-21T01:16:34+00:00,173.208400,repeat_purchase
1426,3915,2025-03-11T22:38:06+00:00,216.200000,purchase
1427,3915,2025-03-26T18:38:06+00:00,220.524000,repeat_purchase
1428,3918,2025-02-11T02:24:07+00:00,25.460000,subscription
1429,3922,2025-01-13T20:08:01+00:00,27.690000,subscription
1430,3931,2025-02-28T06:10:06+00:00,42.350000,purchase
1431,3938,2025-03-30T10:20:13+00:00,59.040000,purchase
1432,3939,2025-03-11T21:13:47+00:00,43.110000,subscription
1433,3952,2025-01-24T06:09:21+00:00,201.920000,purchase
1434,3952,2025-01-31T18:09:21+00:00,157.497600,repeat_purchase
1435,3953,2025-02-01T18:59:36+00:00,94.360000,purchase
1436,3953,2025-02-16T18:59:36+00:00,68.882800,repeat_purchase
1437,3955,2025-02-21T13:33:21+00:00,39.100000,subscription
1438,3955,2025-03-10T13:33:21+00:00,30.498000,renewal
1439,3958,2025-01-14T06:21:51+00:00,88.680000,purchase
1440,3961,2025-02-01T07:08:00+00:00,20.400000,subscription
1441,3963,2025-03-07T14:31:29+00:00,123.130000,purchase
1442,3963,2025-03-26T13:31:29+00:00,129.286500,repeat_purchase
1443,3967,2025-03-28T22:30:50+00:00,74.150000,purchase
1444,3968,2025-03-04T23:50:00+00:00,47.320000,subscription
1445,3968,2025-03-19T19:50:00+00:00,38.329200,renewal
1446,3971,2025-03-10T20:58:38+00:00,154.670000,purchase
1447,3972,2025-03-22T17:37:14+00:00,45.420000,subscription
1448,3976,2025-02-01T17:48:24+00:00,24.070000,subscription
1449,3976,2025-02-08T15:48:24+00:00,32.253800,renewal
1450,3978,2025-03-06T18:50:15+00:00,155.210000,purchase
1451,3978,2025-03-14T12:50:15+00:00,178.491500,repeat_purchase
1452,3979,2025-01-27T20:33:24+00:00,170.600000,purchase
1453,3979,2025-02-11T10:33:24+00:00,238.840000,repeat_purchase
1454,3983,2025-01-30T23:12:17+00:00,205.810000,purchase
1455,3983,2025-02-19T07:12:17+00:00,102.905000,repeat_purchase
1456,3983,2025-03-04T07:12:17+00:00,211.984300,repeat_purchase
1457,3983,2025-03-17T05:12:17+00:00,246.972000,repeat_purchase
1458,3983,2025-03-29T03:12:17+00:00,123.486000,repeat_purchase
1459,3986,2025-01-26T22:54:56+00:00,167.270000,purchase
1460,3986,2025-02-02T15:54:56+00:00,140.506800,repeat_purchase
1461,3986,2025-02-20T02:54:56+00:00,234.178000,repeat_purchase
1462,3986,2025-02-26T13:54:56+00:00,195.705900,repeat_purchase
1463,3995,2025-03-02T19:05:59+00:00,151.780000,purchase
1464,3995,2025-03-17T11:05:59+00:00,189.725000,repeat_purchase
1465,4000,2025-02-07T19:20:53+00:00,55.790000,purchase
1466,4005,2025-01-23T20:41:39+00:00,79.710000,purchase
1467,4007,2025-02-04T22:03:11+00:00,166.910000,purchase
1468,4007,2025-02-08T00:03:11+00:00,113.498800,repeat_purchase
1469,4019,2025-01-26T16:12:53+00:00,53.640000,purchase
1470,4019,2025-02-06T18:12:53+00:00,50.421600,repeat_purchase
1471,4019,2025-02-13T09:12:53+00:00,45.594000,repeat_purchase
1472,4031,2025-02-24T06:33:56+00:00,22.970000,subscription
1473,4033,2025-02-23T14:21:03+00:00,41.230000,subscription
1474,4035,2025-01-13T20:09:33+00:00,57.670000,purchase
1475,4035,2025-01-22T20:09:33+00:00,74.971000,repeat_purchase
1476,4038,2025-01-19T06:33:59+00:00,207.980000,purchase
1477,4043,2025-01-31T16:27:20+00:00,188.860000,purchase
1478,4045,2025-02-21T00:51:41+00:00,122.680000,purchase
1479,4048,2025-03-28T19:20:34+00:00,103.220000,purchase
1480,4054,2025-03-23T12:46:55+00:00,28.560000,purchase
1481,4055,2025-03-26T00:37:34+00:00,80.450000,purchase
1482,4057,2025-03-30T12:59:02+00:00,88.610000,purchase
1483,4066,2025-03-23T08:30:21+00:00,58.520000,purchase
1484,4071,2025-02-20T10:04:16+00:00,188.250000,purchase
1485,4071,2025-03-01T07:04:16+00:00,169.425000,repeat_purchase
1486,4071,2025-03-19T16:04:16+00:00,205.192500,repeat_purchase
1487,4075,2025-03-22T12:18:37+00:00,92.110000,purchase
1488,4083,2025-03-07T19:59:25+00:00,70.430000,purchase
1489,4083,2025-03-26T22:59:25+00:00,92.967600,repeat_purchase
1490,4099,2025-02-12T07:47:11+00:00,58.210000,purchase
1491,4113,2025-02-15T16:22:02+00:00,27.220000,purchase
1492,4116,2025-03-30T19:57:59+00:00,77.650000,purchase
1493,4120,2025-03-20T03:59:42+00:00,107.620000,purchase
1494,4120,2025-03-24T17:59:42+00:00,68.876800,repeat_purchase
1495,4133,2025-02-05T00:11:24+00:00,21.440000,subscription
1496,4135,2025-03-28T14:38:36+00:00,168.250000,purchase
1497,4138,2025-01-06T10:10:24+00:00,50.670000,purchase
1498,4138,2025-01-18T11:10:24+00:00,65.364300,repeat_purchase
1499,4138,2025-01-28T19:10:24+00:00,59.790600,repeat_purchase
1500,4143,2025-02-07T21:58:47+00:00,151.250000,purchase
1501,4143,2025-02-27T12:58:47+00:00,133.100000,repeat_purchase
1502,4143,2025-03-06T18:58:47+00:00,134.612500,repeat_purchase
1503,4143,2025-03-17T20:58:47+00:00,110.412500,repeat_purchase
1504,4156,2025-01-30T05:08:47+00:00,214.430000,purchase
1505,4156,2025-02-06T18:08:47+00:00,160.822500,repeat_purchase
1506,4156,2025-02-19T20:08:47+00:00,270.181800,repeat_purchase
1507,4162,2025-03-21T08:20:19+00:00,89.350000,purchase
1508,4164,2025-02-24T07:10:00+00:00,145.190000,purchase
1509,4164,2025-03-05T17:10:00+00:00,84.210200,repeat_purchase
1510,4164,2025-03-17T16:10:00+00:00,190.198900,repeat_purchase
1511,4169,2025-01-26T17:27:10+00:00,117.840000,purchase
1512,4170,2025-02-17T21:24:43+00:00,26.180000,purchase
1513,4178,2025-01-25T14:51:05+00:00,162.480000,purchase
1514,4178,2025-02-15T08:51:05+00:00,209.599200,repeat_purchase
1515,4178,2025-03-05T20:51:05+00:00,81.240000,repeat_purchase
1516,4178,2025-03-16T02:51:05+00:00,204.724800,repeat_purchase
1517,4178,2025-03-24T12:51:05+00:00,212.848800,repeat_purchase
1518,4183,2025-03-25T05:48:51+00:00,212.480000,purchase
1519,4183,2025-03-31T02:48:51+00:00,242.227200,repeat_purchase
1520,4189,2025-03-14T10:58:58+00:00,122.480000,purchase
1521,4189,2025-03-21T09:58:58+00:00,84.511200,repeat_purchase
1522,4191,2025-02-26T03:08:35+00:00,11.310000,subscription
1523,4198,2025-02-16T14:49:40+00:00,210.430000,purchase
1524,4198,2025-03-03T06:49:40+00:00,166.239700,repeat_purchase
1525,4199,2025-01-15T05:49:12+00:00,199.430000,purchase
1526,4199,2025-01-28T02:49:12+00:00,247.293200,repeat_purchase
1527,4206,2025-02-09T03:07:16+00:00,13.050000,subscription
1528,4212,2025-02-25T19:43:50+00:00,26.480000,purchase
1529,4212,2025-03-15T16:43:50+00:00,17.212000,repeat_purchase
1530,4213,2025-01-11T22:34:40+00:00,147.700000,purchase
1531,4213,2025-01-26T06:34:40+00:00,160.993000,repeat_purchase
1532,4218,2025-03-07T11:55:40+00:00,27.320000,subscription
1533,4219,2025-01-22T05:18:13+00:00,40.480000,purchase
1534,4219,2025-02-02T12:18:13+00:00,47.361600,repeat_purchase
1535,4219,2025-02-17T11:18:13+00:00,30.764800,repeat_purchase
1536,4221,2025-02-26T10:54:43+00:00,12.010000,subscription
1537,4221,2025-03-02T12:54:43+00:00,8.046700,renewal
1538,4221,2025-03-06T21:54:43+00:00,8.166800,renewal
1539,4223,2025-01-21T05:50:41+00:00,155.140000,purchase
1540,4238,2025-03-29T13:55:17+00:00,23.500000,purchase
1541,4256,2025-01-20T21:51:06+00:00,83.960000,purchase
1542,4256,2025-02-05T03:51:06+00:00,62.970000,repeat_purchase
1543,4266,2025-02-12T22:42:46+00:00,62.900000,purchase
1544,4267,2025-03-19T11:24:12+00:00,180.760000,purchase
1545,4278,2025-02-05T12:18:20+00:00,138.250000,purchase
1546,4286,2025-02-18T20:28:37+00:00,143.390000,purchase
1547,4286,2025-03-10T00:28:37+00:00,114.712000,repeat_purchase
1548,4286,2025-03-25T08:28:37+00:00,96.071300,repeat_purchase
1549,4288,2025-03-28T11:42:29+00:00,185.110000,purchase
1550,4290,2025-02-21T04:17:48+00:00,11.640000,subscription
1551,4291,2025-03-24T08:20:58+00:00,207.300000,purchase
1552,4293,2025-02-19T17:21:00+00:00,174.390000,purchase
1553,4296,2025-03-09T03:53:43+00:00,18.140000,subscription
1554,4296,2025-03-21T15:53:43+00:00,9.614200,renewal
1555,4300,2025-03-05T13:56:27+00:00,15.940000,subscription
1556,4303,2025-03-01T06:40:10+00:00,169.310000,purchase
1557,4303,2025-03-12T21:40:10+00:00,91.427400,repeat_purchase
1558,4304,2025-01-21T12:22:20+00:00,92.700000,purchase
1559,4307,2025-03-29T19:28:50+00:00,12.370000,subscription
1560,4315,2025-01-18T03:23:59+00:00,57.770000,purchase
1561,4315,2025-02-02T03:23:59+00:00,79.144900,repeat_purchase
1562,4315,2025-02-21T06:23:59+00:00,28.885000,repeat_purchase
1563,4318,2025-03-27T11:45:04+00:00,208.120000,purchase
1564,4324,2025-03-15T20:27:56+00:00,174.830000,purchase
1565,4324,2025-03-21T07:27:56+00:00,146.857200,repeat_purchase
1566,4324,2025-03-27T15:27:56+00:00,115.387800,repeat_purchase
1567,4325,2025-02-03T17:08:42+00:00,91.500000,purchase
1568,4328,2025-03-22T21:08:38+00:00,102.620000,purchase
1569,4335,2025-01-20T09:01:38+00:00,37.290000,subscription
1570,4342,2025-02-22T22:41:06+00:00,79.060000,purchase
1571,4345,2025-03-03T00:57:39+00:00,141.400000,purchase
1572,4345,2025-03-16T11:57:39+00:00,197.960000,repeat_purchase
1573,4345,2025-03-19T22:57:39+00:00,164.024000,repeat_purchase
1574,4346,2025-03-05T04:51:13+00:00,11.690000,subscription
1575,4350,2025-03-24T09:39:02+00:00,10.290000,subscription
1576,4350,2025-03-28T22:39:02+00:00,6.894300,renewal
1577,4361,2025-01-26T14:00:46+00:00,100.090000,purchase
1578,4361,2025-02-15T05:00:46+00:00,108.097200,repeat_purchase
1579,4363,2025-01-22T03:45:39+00:00,126.250000,purchase
1580,4363,2025-01-28T09:45:39+00:00,68.175000,repeat_purchase
1581,4363,2025-02-06T09:45:39+00:00,172.962500,repeat_purchase
1582,4366,2025-02-02T09:41:08+00:00,47.740000,purchase
1583,4373,2025-03-07T17:24:32+00:00,27.510000,purchase
1584,4375,2025-03-27T09:33:38+00:00,174.180000,purchase
1585,4377,2025-01-14T18:16:46+00:00,73.650000,purchase
1586,4377,2025-01-24T08:16:46+00:00,93.535500,repeat_purchase
1587,4377,2025-01-28T08:16:46+00:00,78.805500,repeat_purchase
1588,4392,2025-01-05T19:01:49+00:00,80.840000,purchase
1589,4395,2025-03-03T04:24:29+00:00,33.380000,purchase
1590,4395,2025-03-13T07:24:29+00:00,32.378600,repeat_purchase
1591,4406,2025-02-25T12:09:34+00:00,85.650000,purchase
1592,4406,2025-03-10T06:09:34+00:00,91.645500,repeat_purchase
1593,4406,2025-03-16T08:09:34+00:00,84.793500,repeat_purchase
1594,4407,2025-02-17T00:53:43+00:00,25.070000,purchase
1595,4410,2025-03-27T10:27:14+00:00,208.380000,purchase
1596,4411,2025-01-31T09:22:20+00:00,20.050000,subscription
1597,4411,2025-02-12T21:22:20+00:00,17.243000,renewal
1598,4414,2025-03-26T15:18:02+00:00,102.940000,purchase
1599,4415,2025-02-12T22:05:01+00:00,60.020000,purchase
1600,4418,2025-03-30T12:51:52+00:00,172.130000,purchase
1601,4424,2025-02-16T08:47:25+00:00,24.950000,subscription
1602,4425,2025-02-06T22:55:22+00:00,189.240000,purchase
1603,4425,2025-02-21T01:55:22+00:00,138.145200,repeat_purchase
1604,4425,2025-03-11T01:55:22+00:00,175.993200,repeat_purchase
1605,4425,2025-03-22T14:55:22+00:00,123.006000,repeat_purchase
1606,4430,2025-03-07T04:57:59+00:00,55.260000,purchase
1607,4432,2025-03-26T23:10:57+00:00,87.940000,purchase
1608,4434,2025-03-20T04:42:45+00:00,132.300000,purchase
1609,4437,2025-03-26T01:41:57+00:00,40.200000,subscription
1610,4437,2025-03-30T04:41:57+00:00,52.662000,renewal
1611,4445,2025-03-09T02:53:23+00:00,15.530000,subscription
1612,4446,2025-01-29T06:14:18+00:00,219.740000,purchase
1613,4450,2025-01-15T04:42:06+00:00,169.200000,purchase
1614,4450,2025-02-01T14:42:06+00:00,197.964000,repeat_purchase
1615,4450,2025-02-17T00:42:06+00:00,121.824000,repeat_purchase
1616,4452,2025-01-07T02:31:58+00:00,70.830000,purchase
1617,4452,2025-01-25T13:31:58+00:00,70.121700,repeat_purchase
1618,4452,2025-02-01T09:31:58+00:00,47.456100,repeat_purchase
1619,4460,2025-03-29T13:21:22+00:00,121.470000,purchase
1620,4467,2025-01-20T19:21:44+00:00,20.920000,subscription
1621,4467,2025-01-26T16:21:44+00:00,11.087600,renewal
1622,4472,2025-02-07T09:46:44+00:00,105.160000,purchase
1623,4472,2025-02-24T10:46:44+00:00,93.592400,repeat_purchase
1624,4483,2025-03-07T16:02:26+00:00,10.730000,subscription
1625,4486,2025-03-23T19:00:17+00:00,49.030000,purchase
1626,4491,2025-01-10T12:51:48+00:00,134.110000,purchase
1627,4491,2025-01-19T21:51:48+00:00,118.016800,repeat_purchase
1628,4491,2025-02-02T14:51:48+00:00,159.590900,repeat_purchase
1629,4495,2025-01-15T02:08:44+00:00,131.530000,purchase
1630,4495,2025-01-18T06:08:44+00:00,72.341500,repeat_purchase
1631,4495,2025-01-30T18:08:44+00:00,76.287400,repeat_purchase
1632,4495,2025-02-10T02:08:44+00:00,170.989000,repeat_purchase
1633,4496,2025-01-20T16:19:37+00:00,143.250000,purchase
1634,4496,2025-01-27T06:19:37+00:00,114.600000,repeat_purchase
1635,4496,2025-02-07T17:19:37+00:00,84.517500,repeat_purchase
1636,4496,2025-02-26T03:19:37+00:00,95.977500,repeat_purchase
1637,4496,2025-03-15T22:19:37+00:00,127.492500,repeat_purchase
1638,4497,2025-02-25T10:17:22+00:00,40.010000,purchase
1639,4502,2025-03-09T14:24:25+00:00,29.900000,purchase
1640,4502,2025-03-22T23:24:25+00:00,36.478000,repeat_purchase
1641,4505,2025-03-14T13:06:31+00:00,44.810000,subscription
1642,4506,2025-02-27T20:45:15+00:00,114.930000,purchase
1643,4506,2025-03-11T05:45:15+00:00,137.916000,repeat_purchase
1644,4506,2025-03-19T06:45:15+00:00,93.093300,repeat_purchase
1645,4507,2025-02-27T20:42:14+00:00,29.590000,subscription
1646,4514,2025-01-12T03:45:05+00:00,119.080000,purchase
1647,4514,2025-01-22T20:45:05+00:00,70.257200,repeat_purchase
1648,4529,2025-02-27T15:53:08+00:00,28.390000,subscription
1649,4541,2025-01-20T23:35:50+00:00,215.680000,purchase
1650,4541,2025-02-10T10:35:50+00:00,265.286400,repeat_purchase
1651,4541,2025-02-22T04:35:50+00:00,166.073600,repeat_purchase
1652,4541,2025-03-12T21:35:50+00:00,120.780800,repeat_purchase
1653,4541,2025-03-18T05:35:50+00:00,291.168000,repeat_purchase
1654,4550,2025-02-19T21:49:06+00:00,157.430000,purchase
1655,4550,2025-02-26T06:49:06+00:00,201.510400,repeat_purchase
1656,4550,2025-03-11T19:49:06+00:00,212.530500,repeat_purchase
1657,4550,2025-03-22T04:49:06+00:00,97.606600,repeat_purchase
1658,4557,2025-03-15T02:30:22+00:00,17.060000,subscription
1659,4562,2025-03-22T04:32:16+00:00,207.730000,purchase
1660,4569,2025-02-08T12:38:46+00:00,158.480000,purchase
1661,4569,2025-02-11T15:38:46+00:00,106.181600,repeat_purchase
1662,4569,2025-02-23T22:38:46+00:00,218.702400,repeat_purchase
1663,4573,2025-03-23T23:25:54+00:00,69.750000,purchase
1664,4573,2025-03-31T23:25:54+00:00,79.515000,repeat_purchase
1665,4579,2025-02-15T20:17:43+00:00,206.040000,purchase
1666,4579,2025-02-21T16:17:43+00:00,276.093600,repeat_purchase
1667,4579,2025-03-07T20:17:43+00:00,117.442800,repeat_purchase
1668,4579,2025-03-17T13:17:43+00:00,274.033200,repeat_purchase
1669,4586,2025-03-29T13:40:40+00:00,205.540000,purchase
1670,4589,2025-02-26T03:53:35+00:00,29.050000,subscription
1671,4591,2025-03-16T09:18:55+00:00,68.890000,purchase
1672,4596,2025-02-18T09:43:07+00:00,26.900000,subscription
1673,4602,2025-01-06T22:47:53+00:00,163.100000,purchase
1674,4602,2025-01-18T07:47:53+00:00,141.897000,repeat_purchase
1675,4602,2025-01-25T02:47:53+00:00,215.292000,repeat_purchase
1676,4618,2025-03-28T12:33:59+00:00,57.550000,purchase
1677,4625,2025-02-28T03:13:48+00:00,154.060000,purchase
1678,4625,2025-03-16T17:13:48+00:00,135.572800,repeat_purchase
1679,4625,2025-03-25T21:13:48+00:00,103.220200,repeat_purchase
1680,4627,2025-01-22T00:00:11+00:00,46.210000,purchase
1681,4627,2025-02-11T03:00:11+00:00,25.877600,repeat_purchase
1682,4627,2025-02-27T13:00:11+00:00,42.513200,repeat_purchase
1683,4630,2025-01-15T23:55:09+00:00,130.990000,purchase
1684,4632,2025-02-16T02:17:15+00:00,16.930000,subscription
1685,4641,2025-02-04T03:31:39+00:00,161.320000,purchase
1686,4648,2025-02-15T00:41:31+00:00,24.660000,purchase
1687,4657,2025-03-15T02:18:58+00:00,136.120000,purchase
1688,4666,2025-01-19T18:37:35+00:00,40.040000,purchase
1689,4674,2025-01-21T12:39:40+00:00,18.580000,subscription
1690,4679,2025-02-22T18:49:17+00:00,81.860000,purchase
1691,4688,2025-02-15T06:36:25+00:00,174.000000,purchase
1692,4688,2025-02-24T18:36:25+00:00,125.280000,repeat_purchase
1693,4688,2025-03-01T00:36:25+00:00,128.760000,repeat_purchase
1694,4691,2025-02-10T15:27:57+00:00,58.290000,purchase
1695,4692,2025-01-08T07:10:25+00:00,200.740000,purchase
1696,4692,2025-01-15T14:10:25+00:00,252.932400,repeat_purchase
1697,4692,2025-01-24T19:10:25+00:00,212.784400,repeat_purchase
1698,4692,2025-02-02T19:10:25+00:00,110.407000,repeat_purchase
1699,4698,2025-02-25T05:40:50+00:00,203.560000,purchase
1700,4698,2025-03-05T14:40:50+00:00,136.385200,repeat_purchase
1701,4700,2025-01-13T15:02:05+00:00,187.300000,purchase
1702,4700,2025-01-27T11:02:05+00:00,239.744000,repeat_purchase
1703,4700,2025-02-16T21:02:05+00:00,134.856000,repeat_purchase
1704,4702,2025-02-24T01:24:20+00:00,162.740000,purchase
1705,4708,2025-02-04T14:29:11+00:00,32.230000,purchase
1706,4708,2025-02-14T12:29:11+00:00,39.642900,repeat_purchase
1707,4708,2025-03-05T01:29:11+00:00,33.841500,repeat_purchase
1708,4713,2025-03-29T00:52:51+00:00,31.250000,purchase
1709,4714,2025-03-27T11:38:28+00:00,22.340000,subscription
1710,4729,2025-03-28T20:10:02+00:00,160.820000,purchase
1711,4732,2025-02-02T21:27:57+00:00,82.480000,purchase
1712,4737,2025-03-03T09:31:18+00:00,174.790000,purchase
1713,4737,2025-03-08T13:31:18+00:00,138.084100,repeat_purchase
1714,4737,2025-03-23T04:31:18+00:00,108.369800,repeat_purchase
1715,4737,2025-03-28T04:31:18+00:00,90.890800,repeat_purchase
1716,4737,2025-03-31T14:31:18+00:00,143.327800,repeat_purchase
1717,4738,2025-03-26T17:29:35+00:00,92.080000,purchase
1718,4749,2025-01-13T00:51:56+00:00,86.010000,purchase
1719,4763,2025-03-21T16:57:32+00:00,216.030000,purchase
1720,4763,2025-03-25T18:57:32+00:00,302.442000,repeat_purchase
1721,4780,2025-03-11T12:15:47+00:00,32.450000,subscription
1722,4786,2025-01-25T06:43:45+00:00,34.100000,subscription
1723,4795,2025-03-30T02:54:50+00:00,99.400000,purchase
1724,4798,2025-03-19T05:33:30+00:00,199.920000,purchase
1725,4799,2025-03-20T04:13:29+00:00,32.720000,purchase
1726,4806,2025-02-18T09:25:37+00:00,65.700000,purchase
1727,4806,2025-03-03T17:25:37+00:00,34.164000,repeat_purchase
1728,4811,2025-01-22T17:47:32+00:00,166.290000,purchase
1729,4826,2025-03-15T13:46:19+00:00,41.090000,subscription
1730,4832,2025-01-27T07:21:55+00:00,179.920000,purchase
1731,4832,2025-02-16T07:21:55+00:00,89.960000,repeat_purchase
1732,4833,2025-02-09T07:20:16+00:00,167.010000,purchase
1733,4840,2025-03-26T23:31:37+00:00,104.750000,purchase
1734,4843,2025-01-19T09:09:31+00:00,71.020000,purchase
1735,4843,2025-01-27T18:09:31+00:00,88.775000,repeat_purchase
1736,4843,2025-02-09T11:09:31+00:00,88.775000,repeat_purchase
1737,4856,2025-02-15T11:19:29+00:00,21.860000,purchase
1738,4856,2025-03-07T09:19:29+00:00,14.427600,repeat_purchase
1739,4860,2025-01-29T20:34:36+00:00,30.180000,purchase
1740,4866,2025-03-09T09:22:50+00:00,113.540000,purchase
1741,4866,2025-03-24T03:22:50+00:00,89.696600,repeat_purchase
1742,4867,2025-02-12T11:03:32+00:00,138.240000,purchase
1743,4874,2025-02-06T02:54:41+00:00,163.710000,purchase
1744,4879,2025-03-29T19:24:51+00:00,121.390000,purchase
1745,4885,2025-03-06T10:57:31+00:00,30.040000,purchase
1746,4888,2025-03-28T02:48:03+00:00,154.700000,purchase
1747,4889,2025-03-06T14:25:10+00:00,180.620000,purchase
1748,4889,2025-03-25T13:25:10+00:00,153.527000,repeat_purchase
1749,4889,2025-03-29T15:25:10+00:00,130.046400,repeat_purchase
1750,4899,2025-02-04T09:29:22+00:00,132.050000,purchase
1751,4917,2025-02-28T03:54:08+00:00,40.480000,purchase
1752,4921,2025-03-20T20:39:41+00:00,25.130000,subscription
1753,4930,2025-03-12T10:52:13+00:00,72.250000,purchase
1754,4933,2025-02-24T14:26:11+00:00,28.540000,subscription
1755,4933,2025-03-16T01:26:11+00:00,38.529000,renewal
1756,4933,2025-03-22T07:26:11+00:00,35.389600,renewal
1757,4935,2025-02-20T21:36:25+00:00,75.950000,purchase
1758,4938,2025-03-16T18:32:35+00:00,185.220000,purchase
1759,4938,2025-03-21T21:32:35+00:00,172.254600,repeat_purchase
1760,4940,2025-03-27T12:48:16+00:00,209.400000,purchase
1761,4941,2025-01-19T07:26:33+00:00,47.830000,subscription
1762,4941,2025-01-28T13:26:33+00:00,31.089500,renewal
1763,4941,2025-02-17T00:26:33+00:00,57.396000,renewal
1764,4944,2025-02-27T16:04:01+00:00,119.560000,purchase
1765,4944,2025-03-07T12:04:01+00:00,88.474400,repeat_purchase
1766,4944,2025-03-23T18:04:01+00:00,93.256800,repeat_purchase
1767,4946,2025-03-20T16:33:42+00:00,65.500000,purchase
1768,4947,2025-02-02T10:50:39+00:00,39.830000,subscription
1769,4949,2025-01-15T11:41:20+00:00,14.630000,subscription
1770,4949,2025-01-25T04:41:20+00:00,17.556000,renewal
1771,4949,2025-01-29T18:41:20+00:00,13.167000,renewal
1772,4957,2025-03-27T08:18:25+00:00,78.030000,purchase
1773,4958,2025-01-21T20:13:16+00:00,14.760000,subscription
1774,4958,2025-01-30T02:13:16+00:00,20.368800,renewal
1775,4958,2025-02-05T10:13:16+00:00,10.627200,renewal
1776,4963,2025-01-28T12:43:04+00:00,25.130000,subscription
1777,4992,2025-02-06T01:24:14+00:00,219.670000,purchase
1778,4992,2025-02-09T11:24:14+00:00,226.260100,repeat_purchase
1779,4992,2025-02-13T02:24:14+00:00,120.818500,repeat_purchase
1780,4997,2025-03-17T22:00:57+00:00,19.250000,subscription
