user_id,signup_date,country,device_type,created_at
1,2025-03-07,IN,android,2024-12-31T00:00:00+00:00
2,2025-01-13,IN,android,2024-12-31T00:00:00+00:00
3,2025-01-06,US,android,2024-12-31T00:00:00+00:00
4,2025-03-14,IN,android,2024-12-31T00:00:00+00:00
5,2025-03-22,US,android,2024-12-31T00:00:00+00:00
6,2025-01-18,IN,android,2024-12-31T00:00:00+00:00
7,2025-02-07,GB,android,2024-12-31T00:00:00+00:00
8,2025-02-09,CA,android,2024-12-31T00:00:00+00:00
9,2025-01-22,GB,ios,2024-12-31T00:00:00+00:00
10,2025-03-27,IN,android,2024-12-31T00:00:00+00:00
11,2025-02-08,US,ios,2024-12-31T00:00:00+00:00
12,2025-03-10,US,android,2024-12-31T00:00:00+00:00
13,2025-02-17,IN,android,2024-12-31T00:00:00+00:00
14,2025-03-19,GB,android,2024-12-31T00:00:00+00:00
15,2025-01-10,CA,android,2024-12-31T00:00:00+00:00
16,2025-03-08,IN,android,2024-12-31T00:00:00+00:00
17,2025-03-16,IN,android,2024-12-31T00:00:00+00:00
18,2025-02-07,US,android,2024-12-31T00:00:00+00:00
19,2025-01-08,GB,android,2024-12-31T00:00:00+00:00
20,2025-01-09,US,ios,2024-12-31T00:00:00+00:00
21,2025-03-28,US,android,2024-12-31T00:00:00+00:00
22,2025-01-29,IN,android,2024-12-31T00:00:00+00:00
23,2025-03-15,US,android,2024-12-31T00:00:00+00:00
24,2025-03-05,US,android,2024-12-31T00:00:00+00:00
25,2025-03-18,CA,android,2024-12-31T00:00:00+00:00
26,2025-02-19,CA,ios,2024-12-31T00:00:00+00:00
27,2025-02-02,AU,android,2024-12-31T00:00:00+00:00
28,2025-02-19,GB,android,2024-12-31T00:00:00+00:00
29,2025-02-18,CA,android,2024-12-31T00:00:00+00:00
30,2025-01-24,GB,android,2024-12-31T00:00:00+00:00
31,2025-03-10,US,android,2024-12-31T00:00:00+00:00
32,2025-01-09,IN,android,2024-12-31T00:00:00+00:00
33,2025-01-10,CA,ios,2024-12-31T00:00:00+00:00
34,2025-01-10,IN,android,2024-12-31T00:00:00+00:00
35,2025-03-29,GB,ios,2024-12-31T00:00:00+00:00
36,2025-01-22,IN,android,2024-12-31T00:00:00+00:00
37,2025-03-28,IN,ios,2024-12-31T00:00:00+00:00
38,2025-03-22,US,android,2024-12-31T00:00:00+00:00
39,2025-01-21,IN,ios,2024-12-31T00:00:00+00:00
40,2025-02-26,GB,ios,2024-12-31T00:00:00+00:00
41,2025-03-17,US,ios,2024-12-31T00:00:00+00:00
42,2025-01-08,IN,ios,2024-12-31T00:00:00+00:00
43,2025-02-16,US,android,2024-12-31T00:00:00+00:00
44,2025-01-21,US,android,2024-12-31T00:00:00+00:00
45,2025-03-17,US,ios,2024-12-31T00:00:00+00:00
46,2025-02-24,IN,android,2024-12-31T00:00:00+00:00
47,2025-03-01,IN,ios,2024-12-31T00:00:00+00:00
48,2025-02-27,US,android,2024-12-31T00:00:00+00:00
49,2025-03-01,IN,ios,2024-12-31T00:00:00+00:00
50,2025-01-27,US,ios,2024-12-31T00:00:00+00:00
51,2025-01-10,AU,android,2024-12-31T00:00:00+00:00
52,2025-01-23,CA,ios,2024-12-31T00:00:00+00:00
53,2025-02-08,GB,android,2024-12-31T00:00:00+00:00
54,2025-03-22,IN,android,2024-12-31T00:00:00+00:00
55,2025-03-29,GB,android,2024-12-31T00:00:00+00:00
56,2025-01-31,IN,android,2024-12-31T00:00:00+00:00
57,2025-01-28,IN,android,2024-12-31T00:00:00+00:00
58,2025-01-30,US,android,2024-12-31T00:00:00+00:00
59,2025-03-16,US,android,2024-12-31T00:00:00+00:00
60,2025-03-29,IN,android,2024-12-31T00:00:00+00:00
61,2025-02-25,IN,ios,2024-12-31T00:00:00+00:00
62,2025-03-21,US,android,2024-12-31T00:00:00+00:00
63,2025-02-06,AU,ios,2024-12-31T00:00:00+00:00
64,2025-01-26,CA,android,2024-12-31T00:00:00+00:00
65,2025-03-15,GB,ios,2024-12-31T00:00:00+00:00
66,2025-03-23,IN,android,2024-12-31T00:00:00+00:00
67,2025-02-18,IN,ios,2024-12-31T00:00:00+00:00
68,2025-03-28,IN,android,2024-12-31T00:00:00+00:00
69,2025-01-10,IN,ios,2024-12-31T00:00:00+00:00
70,2025-02-24,CA,android,2024-12-31T00:00:00+00:00
71,2025-03-01,IN,ios,2024-12-31T00:00:00+00:00
72,2025-02-02,IN,ios,2024-12-31T00:00:00+00:00
73,2025-01-22,IN,ios,2024-12-31T00:00:00+00:00
74,2025-02-24,IN,android,2024-12-31T00:00:00+00:00
75,2025-03-09,GB,android,2024-12-31T00:00:00+00:00
76,2025-02-02,US,android,2024-12-31T00:00:00+00:00
77,2025-01-21,US,ios,2024-12-31T00:00:00+00:00
78,2025-03-03,GB,android,2024-12-31T00:00:00+00:00
79,2025-01-23,US,android,2024-12-31T00:00:00+00:00
80,2025-02-15,GB,ios,2024-12-31T00:00:00+00:00
81,2025-03-16,US,android,2024-12-31T00:00:00+00:00
82,2025-02-04,US,android,2024-12-31T00:00:00+00:00
83,2025-01-22,AU,android,2024-12-31T00:00:00+00:00
84,2025-03-19,IN,android,2024-12-31T00:00:00+00:00
85,2025-02-20,CA,ios,2024-12-31T00:00:00+00:00
86,2025-03-30,IN,ios,2024-12-31T00:00:00+00:00
87,2025-02-22,CA,android,2024-12-31T00:00:00+00:00
88,2025-01-16,US,ios,2024-12-31T00:00:00+00:00
89,2025-02-15,IN,ios,2024-12-31T00:00:00+00:00
90,2025-02-15,US,ios,2024-12-31T00:00:00+00:00
91,2025-03-26,US,android,2024-12-31T00:00:00+00:00
92,2025-02-15,IN,android,2024-12-31T00:00:00+00:00
93,2025-02-24,IN,android,2024-12-31T00:00:00+00:00
94,2025-01-24,US,android,2024-12-31T00:00:00+00:00
95,2025-01-23,AU,android,2024-12-31T00:00:00+00:00
96,2025-03-30,IN,android,2024-12-31T00:00:00+00:00
97,2025-03-17,US,ios,2024-12-31T00:00:00+00:00
98,2025-03-22,IN,android,2024-12-31T00:00:00+00:00
99,2025-01-06,GB,ios,2024-12-31T00:00:00+00:00
100,2025-01-16,US,android,2024-12-31T00:00:00+00:00
101,,IN,android,2024-12-31T00:00:00+00:00
102,,GB,android,2024-12-31T00:00:00+00:00
103,,US,ios,2024-12-31T00:00:00+00:00
104,,GB,android,2024-12-31T00:00:00+00:00
105,,GB,android,2024-12-31T00:00:00+00:00
106,,US,android,2024-12-31T00:00:00+00:00
107,2025-03-16,US,ios,2024-12-31T00:00:00+00:00
108,,AU,android,2024-12-31T00:00:00+00:00
109,,IN,ios,2024-12-31T00:00:00+00:00
110,,IN,ios,2024-12-31T00:00:00+00:00
111,,GB,android,2024-12-31T00:00:00+00:00
112,,IN,android,2024-12-31T00:00:00+00:00
113,,IN,android,2024-12-31T00:00:00+00:00
114,,IN,android,2024-12-31T00:00:00+00:00
115,,GB,android,2024-12-31T00:00:00+00:00
116,,GB,android,2024-12-31T00:00:00+00:00
117,,US,android,2024-12-31T00:00:00+00:00
118,,IN,android,2024-12-31T00:00:00+00:00
119,,GB,android,2024-12-31T00:00:00+00:00
120,,IN,android,2024-12-31T00:00:00+00:00
121,,IN,android,2024-12-31T00:00:00+00:00
122,,IN,android,2024-12-31T00:00:00+00:00
123,,AU,android,2024-12-31T00:00:00+00:00
124,2025-02-16,IN,ios,2024-12-31T00:00:00+00:00
125,2025-02-05,IN,ios,2024-12-31T00:00:00+00:00
126,,US,ios,2024-12-31T00:00:00+00:00
127,,IN,android,2024-12-31T00:00:00+00:00
128,,US,android,2024-12-31T00:00:00+00:00
129,2025-01-29,IN,android,2024-12-31T00:00:00+00:00
130,,IN,android,2024-12-31T00:00:00+00:00
131,,IN,android,2024-12-31T00:00:00+00:00
132,,GB,ios,2024-12-31T00:00:00+00:00
133,,US,ios,2024-12-31T00:00:00+00:00
134,,IN,android,2024-12-31T00:00:00+00:00
135,,US,ios,2024-12-31T00:00:00+00:00
136,,US,android,2024-12-31T00:00:00+00:00
137,,IN,android,2024-12-31T00:00:00+00:00
138,,GB,ios,2024-12-31T00:00:00+00:00
139,2025-02-18,GB,android,2024-12-31T00:00:00+00:00
140,,IN,android,2024-12-31T00:00:00+00:00
141,,GB,android,2024-12-31T00:00:00+00:00
142,,IN,android,2024-12-31T00:00:00+00:00
143,,US,android,2024-12-31T00:00:00+00:00
144,2025-03-02,US,android,2024-12-31T00:00:00+00:00
145,,US,android,2024-12-31T00:00:00+00:00
146,,US,android,2024-12-31T00:00:00+00:00
147,,US,android,2024-12-31T00:00:00+00:00
148,,IN,android,2024-12-31T00:00:00+00:00
149,2025-01-26,IN,ios,2024-12-31T00:00:00+00:00
150,,IN,android,2024-12-31T00:00:00+00:00
151,2025-03-23,US,android,2024-12-31T00:00:00+00:00
152,,US,android,2024-12-31T00:00:00+00:00
153,,IN,android,2024-12-31T00:00:00+00:00
154,,AU,android,2024-12-31T00:00:00+00:00
155,,US,android,2024-12-31T00:00:00+00:00
156,2025-03-25,US,android,2024-12-31T00:00:00+00:00
157,,IN,android,2024-12-31T00:00:00+00:00
158,,IN,ios,2024-12-31T00:00:00+00:00
159,2025-02-25,GB,ios,2024-12-31T00:00:00+00:00
160,,IN,android,2024-12-31T00:00:00+00:00
161,,CA,android,2024-12-31T00:00:00+00:00
162,,IN,ios,2024-12-31T00:00:00+00:00
163,,US,android,2024-12-31T00:00:00+00:00
164,,GB,ios,2024-12-31T00:00:00+00:00
165,2025-02-22,US,android,2024-12-31T00:00:00+00:00
166,,CA,android,2024-12-31T00:00:00+00:00
167,2025-03-06,IN,android,2024-12-31T00:00:00+00:00
168,,IN,android,2024-12-31T00:00:00+00:00
169,,IN,android,2024-12-31T00:00:00+00:00
170,,US,android,2024-12-31T00:00:00+00:00
171,,IN,android,2024-12-31T00:00:00+00:00
172,,CA,android,2024-12-31T00:00:00+00:00
173,,IN,android,2024-12-31T00:00:00+00:00
174,,IN,android,2024-12-31T00:00:00+00:00
175,,US,android,2024-12-31T00:00:00+00:00
176,2025-02-03,IN,android,2024-12-31T00:00:00+00:00
177,,IN,android,2024-12-31T00:00:00+00:00
178,,US,android,2024-12-31T00:00:00+00:00
179,,IN,android,2024-12-31T00:00:00+00:00
180,,IN,ios,2024-12-31T00:00:00+00:00
181,,CA,ios,2024-12-31T00:00:00+00:00
182,,US,android,2024-12-31T00:00:00+00:00
183,2025-03-10,US,ios,2024-12-31T00:00:00+00:00
184,,IN,android,2024-12-31T00:00:00+00:00
185,,GB,android,2024-12-31T00:00:00+00:00
186,,US,ios,2024-12-31T00:00:00+00:00
187,,AU,android,2024-12-31T00:00:00+00:00
188,,AU,android,2024-12-31T00:00:00+00:00
189,2025-02-08,AU,ios,2024-12-31T00:00:00+00:00
190,,IN,android,2024-12-31T00:00:00+00:00
191,,US,ios,2024-12-31T00:00:00+00:00
192,,IN,ios,2024-12-31T00:00:00+00:00
193,,US,android,2024-12-31T00:00:00+00:00
194,,IN,ios,2024-12-31T00:00:00+00:00
195,,CA,android,2024-12-31T00:00:00+00:00
196,,IN,ios,2024-12-31T00:00:00+00:00
197,,US,ios,2024-12-31T00:00:00+00:00
198,,IN,ios,2024-12-31T00:00:00+00:00
199,,US,ios,2024-12-31T00:00:00+00:00
200,,AU,ios,2024-12-31T00:00:00+00:00
201,,US,android,2024-12-31T00:00:00+00:00
202,,AU,ios,2024-12-31T00:00:00+00:00
203,,IN,android,2024-12-31T00:00:00+00:00
204,2025-03-29,GB,android,2024-12-31T00:00:00+00:00
205,,IN,android,2024-12-31T00:00:00+00:00
206,,GB,android,2024-12-31T00:00:00+00:00
207,,IN,android,2024-12-31T00:00:00+00:00
208,,US,android,2024-12-31T00:00:00+00:00
209,,GB,ios,2024-12-31T00:00:00+00:00
210,,IN,android,2024-12-31T00:00:00+00:00
211,,GB,android,2024-12-31T00:00:00+00:00
212,,IN,android,2024-12-31T00:00:00+00:00
213,,AU,android,2024-12-31T00:00:00+00:00
214,2025-02-26,GB,android,2024-12-31T00:00:00+00:00
215,,GB,android,2024-12-31T00:00:00+00:00
216,2025-02-21,IN,ios,2024-12-31T00:00:00+00:00
217,2025-02-10,IN,android,2024-12-31T00:00:00+00:00
218,,IN,android,2024-12-31T00:00:00+00:00
219,,IN,ios,2024-12-31T00:00:00+00:00
220,2025-03-05,IN,android,2024-12-31T00:00:00+00:00
221,,AU,android,2024-12-31T00:00:00+00:00
222,,IN,android,2024-12-31T00:00:00+00:00
223,,IN,ios,2024-12-31T00:00:00+00:00
224,,AU,ios,2024-12-31T00:00:00+00:00
225,,US,android,2024-12-31T00:00:00+00:00
226,,GB,android,2024-12-31T00:00:00+00:00
227,,US,android,2024-12-31T00:00:00+00:00
228,,GB,android,2024-12-31T00:00:00+00:00
229,,IN,android,2024-12-31T00:00:00+00:00
230,,IN,ios,2024-12-31T00:00:00+00:00
231,,US,android,2024-12-31T00:00:00+00:00
232,,IN,android,2024-12-31T00:00:00+00:00
233,,US,android,2024-12-31T00:00:00+00:00
234,2025-02-02,IN,android,2024-12-31T00:00:00+00:00
235,,IN,android,2024-12-31T00:00:00+00:00
236,,US,android,2024-12-31T00:00:00+00:00
237,,IN,ios,2024-12-31T00:00:00+00:00
238,,CA,android,2024-12-31T00:00:00+00:00
239,,IN,android,2024-12-31T00:00:00+00:00
240,2025-02-06,US,android,2024-12-31T00:00:00+00:00
241,,IN,android,2024-12-31T00:00:00+00:00
242,2025-02-24,GB,android,2024-12-31T00:00:00+00:00
243,,US,android,2024-12-31T00:00:00+00:00
244,,IN,android,2024-12-31T00:00:00+00:00
245,,IN,ios,2024-12-31T00:00:00+00:00
246,2025-03-02,IN,ios,2024-12-31T00:00:00+00:00
247,,IN,ios,2024-12-31T00:00:00+00:00
248,,IN,android,2024-12-31T00:00:00+00:00
249,,IN,android,2024-12-31T00:00:00+00:00
250,2025-01-08,IN,ios,2024-12-31T00:00:00+00:00
251,,IN,android,2024-12-31T00:00:00+00:00
252,,CA,android,2024-12-31T00:00:00+00:00
253,2025-01-29,IN,android,2024-12-31T00:00:00+00:00
254,,US,android,2024-12-31T00:00:00+00:00
255,,US,android,2024-12-31T00:00:00+00:00
256,,US,android,2024-12-31T00:00:00+00:00
257,,IN,android,2024-12-31T00:00:00+00:00
258,,CA,android,2024-12-31T00:00:00+00:00
259,,IN,android,2024-12-31T00:00:00+00:00
260,,IN,android,2024-12-31T00:00:00+00:00
261,,IN,android,2024-12-31T00:00:00+00:00
262,,IN,android,2024-12-31T00:00:00+00:00
263,,IN,android,2024-12-31T00:00:00+00:00
264,,GB,ios,2024-12-31T00:00:00+00:00
265,2025-01-21,IN,android,2024-12-31T00:00:00+00:00
266,2025-01-23,GB,android,2024-12-31T00:00:00+00:00
267,,AU,android,2024-12-31T00:00:00+00:00
268,2025-03-23,IN,ios,2024-12-31T00:00:00+00:00
269,,AU,android,2024-12-31T00:00:00+00:00
270,,AU,ios,2024-12-31T00:00:00+00:00
271,,IN,android,2024-12-31T00:00:00+00:00
272,,CA,android,2024-12-31T00:00:00+00:00
273,2025-03-19,IN,android,2024-12-31T00:00:00+00:00
274,2025-02-04,IN,android,2024-12-31T00:00:00+00:00
275,,IN,android,2024-12-31T00:00:00+00:00
276,,IN,android,2024-12-31T00:00:00+00:00
277,,GB,android,2024-12-31T00:00:00+00:00
278,2025-03-04,IN,ios,2024-12-31T00:00:00+00:00
279,2025-03-09,GB,android,2024-12-31T00:00:00+00:00
280,2025-01-15,US,android,2024-12-31T00:00:00+00:00
281,,US,ios,2024-12-31T00:00:00+00:00
282,2025-02-10,IN,android,2024-12-31T00:00:00+00:00
283,,IN,android,2024-12-31T00:00:00+00:00
284,,CA,android,2024-12-31T00:00:00+00:00
285,,IN,android,2024-12-31T00:00:00+00:00
286,,GB,android,2024-12-31T00:00:00+00:00
287,,GB,android,2024-12-31T00:00:00+00:00
288,,IN,ios,2024-12-31T00:00:00+00:00
289,,GB,ios,2024-12-31T00:00:00+00:00
290,,US,android,2024-12-31T00:00:00+00:00
291,,CA,android,2024-12-31T00:00:00+00:00
292,2025-01-22,GB,ios,2024-12-31T00:00:00+00:00
293,2025-02-18,US,android,2024-12-31T00:00:00+00:00
294,,GB,android,2024-12-31T00:00:00+00:00
295,,IN,android,2024-12-31T00:00:00+00:00
296,,IN,android,2024-12-31T00:00:00+00:00
297,,US,android,2024-12-31T00:00:00+00:00
298,,IN,ios,2024-12-31T00:00:00+00:00
299,2025-03-11,GB,android,2024-12-31T00:00:00+00:00
300,,GB,android,2024-12-31T00:00:00+00:00
301,,US,ios,2024-12-31T00:00:00+00:00
302,,IN,android,2024-12-31T00:00:00+00:00
303,2025-02-15,IN,android,2024-12-31T00:00:00+00:00
304,,IN,android,2024-12-31T00:00:00+00:00
305,,US,ios,2024-12-31T00:00:00+00:00
306,2025-01-25,US,ios,2024-12-31T00:00:00+00:00
307,,US,ios,2024-12-31T00:00:00+00:00
308,2025-03-09,CA,ios,2024-12-31T00:00:00+00:00
309,,US,android,2024-12-31T00:00:00+00:00
310,,IN,android,2024-12-31T00:00:00+00:00
311,,IN,ios,2024-12-31T00:00:00+00:00
312,,US,ios,2024-12-31T00:00:00+00:00
313,,US,android,2024-12-31T00:00:00+00:00
314,,US,android,2024-12-31T00:00:00+00:00
315,,GB,android,2024-12-31T00:00:00+00:00
316,,IN,ios,2024-12-31T00:00:00+00:00
317,,IN,android,2024-12-31T00:00:00+00:00
318,,US,android,2024-12-31T00:00:00+00:00
319,,IN,ios,2024-12-31T00:00:00+00:00
320,,IN,android,2024-12-31T00:00:00+00:00
321,,US,android,2024-12-31T00:00:00+00:00
322,,IN,ios,2024-12-31T00:00:00+00:00
323,2025-02-18,IN,android,2024-12-31T00:00:00+00:00
324,,IN,ios,2024-12-31T00:00:00+00:00
325,,GB,android,2024-12-31T00:00:00+00:00
326,,IN,android,2024-12-31T00:00:00+00:00
327,,CA,android,2024-12-31T00:00:00+00:00
328,,AU,ios,2024-12-31T00:00:00+00:00
329,,US,ios,2024-12-31T00:00:00+00:00
330,,US,ios,2024-12-31T00:00:00+00:00
331,,IN,android,2024-12-31T00:00:00+00:00
332,,US,ios,2024-12-31T00:00:00+00:00
333,2025-02-16,GB,android,2024-12-31T00:00:00+00:00
334,,IN,android,2024-12-31T00:00:00+00:00
335,,IN,ios,2024-12-31T00:00:00+00:00
336,,IN,ios,2024-12-31T00:00:00+00:00
337,,IN,android,2024-12-31T00:00:00+00:00
338,,GB,ios,2024-12-31T00:00:00+00:00
339,,IN,ios,2024-12-31T00:00:00+00:00
340,,GB,android,2024-12-31T00:00:00+00:00
341,,US,android,2024-12-31T00:00:00+00:00
342,,AU,android,2024-12-31T00:00:00+00:00
343,,US,android,2024-12-31T00:00:00+00:00
344,2025-03-21,US,android,2024-12-31T00:00:00+00:00
345,,IN,android,2024-12-31T00:00:00+00:00
346,,IN,android,2024-12-31T00:00:00+00:00
347,,IN,ios,2024-12-31T00:00:00+00:00
348,,IN,android,2024-12-31T00:00:00+00:00
349,,AU,android,2024-12-31T00:00:00+00:00
350,,US,android,2024-12-31T00:00:00+00:00
351,2025-02-02,AU,ios,2024-12-31T00:00:00+00:00
352,,IN,android,2024-12-31T00:00:00+00:00
353,,US,android,2024-12-31T00:00:00+00:00
354,,IN,android,2024-12-31T00:00:00+00:00
355,2025-03-15,US,ios,2024-12-31T00:00:00+00:00
356,2025-01-27,AU,android,2024-12-31T00:00:00+00:00
357,,IN,android,2024-12-31T00:00:00+00:00
358,2025-03-01,IN,android,2024-12-31T00:00:00+00:00
359,,IN,android,2024-12-31T00:00:00+00:00
360,2025-01-27,US,android,2024-12-31T00:00:00+00:00
361,,CA,android,2024-12-31T00:00:00+00:00
362,,CA,android,2024-12-31T00:00:00+00:00
363,2025-03-31,AU,android,2024-12-31T00:00:00+00:00
364,,CA,android,2024-12-31T00:00:00+00:00
365,,IN,ios,2024-12-31T00:00:00+00:00
366,2025-03-06,CA,android,2024-12-31T00:00:00+00:00
367,,US,ios,2024-12-31T00:00:00+00:00
368,,US,android,2024-12-31T00:00:00+00:00
369,,US,android,2024-12-31T00:00:00+00:00
370,,US,ios,2024-12-31T00:00:00+00:00
371,,GB,ios,2024-12-31T00:00:00+00:00
372,2025-02-14,IN,android,2024-12-31T00:00:00+00:00
373,,IN,android,2024-12-31T00:00:00+00:00
374,,IN,android,2024-12-31T00:00:00+00:00
375,,IN,ios,2024-12-31T00:00:00+00:00
376,,GB,android,2024-12-31T00:00:00+00:00
377,,GB,android,2024-12-31T00:00:00+00:00
378,,CA,android,2024-12-31T00:00:00+00:00
379,,IN,android,2024-12-31T00:00:00+00:00
380,2025-03-24,IN,android,2024-12-31T00:00:00+00:00
381,,IN,android,2024-12-31T00:00:00+00:00
382,,IN,android,2024-12-31T00:00:00+00:00
383,,IN,android,2024-12-31T00:00:00+00:00
384,,IN,android,2024-12-31T00:00:00+00:00
385,,IN,ios,2024-12-31T00:00:00+00:00
386,,IN,ios,2024-12-31T00:00:00+00:00
387,,US,ios,2024-12-31T00:00:00+00:00
388,2025-01-23,US,ios,2024-12-31T00:00:00+00:00
389,,IN,android,2024-12-31T00:00:00+00:00
390,,IN,android,2024-12-31T00:00:00+00:00
391,,IN,android,2024-12-31T00:00:00+00:00
392,2025-03-17,IN,android,2024-12-31T00:00:00+00:00
393,,IN,ios,2024-12-31T00:00:00+00:00
394,2025-02-07,GB,ios,2024-12-31T00:00:00+00:00
395,,IN,android,2024-12-31T00:00:00+00:00
396,,US,android,2024-12-31T00:00:00+00:00
397,2025-02-21,GB,android,2024-12-31T00:00:00+00:00
398,,IN,android,2024-12-31T00:00:00+00:00
399,,GB,ios,2024-12-31T00:00:00+00:00
400,2025-03-08,US,android,2024-12-31T00:00:00+00:00
401,,CA,ios,2024-12-31T00:00:00+00:00
402,,IN,android,2024-12-31T00:00:00+00:00
403,,IN,ios,2024-12-31T00:00:00+00:00
404,,IN,ios,2024-12-31T00:00:00+00:00
405,,AU,android,2024-12-31T00:00:00+00:00
406,,GB,android,2024-12-31T00:00:00+00:00
407,2025-02-05,IN,android,2024-12-31T00:00:00+00:00
408,,CA,android,2024-12-31T00:00:00+00:00
409,,CA,android,2024-12-31T00:00:00+00:00
410,,GB,android,2024-12-31T00:00:00+00:00
411,2025-03-11,IN,android,2024-12-31T00:00:00+00:00
412,2025-02-02,US,android,2024-12-31T00:00:00+00:00
413,,AU,android,2024-12-31T00:00:00+00:00
414,,IN,ios,2024-12-31T00:00:00+00:00
415,,AU,ios,2024-12-31T00:00:00+00:00
416,,AU,android,2024-12-31T00:00:00+00:00
417,2025-03-18,IN,android,2024-12-31T00:00:00+00:00
418,,US,android,2024-12-31T00:00:00+00:00
419,,IN,android,2024-12-31T00:00:00+00:00
420,,US,android,2024-12-31T00:00:00+00:00
421,,IN,android,2024-12-31T00:00:00+00:00
422,,IN,android,2024-12-31T00:00:00+00:00
423,,US,android,2024-12-31T00:00:00+00:00
424,,US,ios,2024-12-31T00:00:00+00:00
425,2025-03-18,IN,android,2024-12-31T00:00:00+00:00
426,,US,android,2024-12-31T00:00:00+00:00
427,,CA,ios,2024-12-31T00:00:00+00:00
428,,US,android,2024-12-31T00:00:00+00:00
429,,US,android,2024-12-31T00:00:00+00:00
430,,US,ios,2024-12-31T00:00:00+00:00
431,,IN,android,2024-12-31T00:00:00+00:00
432,,IN,ios,2024-12-31T00:00:00+00:00
433,,GB,android,2024-12-31T00:00:00+00:00
434,,IN,ios,2024-12-31T00:00:00+00:00
435,2025-03-10,IN,android,2024-12-31T00:00:00+00:00
436,2025-02-26,AU,android,2024-12-31T00:00:00+00:00
437,2025-03-20,GB,android,2024-12-31T00:00:00+00:00
438,,IN,ios,2024-12-31T00:00:00+00:00
439,,IN,ios,2024-12-31T00:00:00+00:00
440,2025-02-23,IN,android,2024-12-31T00:00:00+00:00
441,,IN,android,2024-12-31T00:00:00+00:00
442,,CA,android,2024-12-31T00:00:00+00:00
443,,CA,ios,2024-12-31T00:00:00+00:00
444,,IN,android,2024-12-31T00:00:00+00:00
445,,IN,android,2024-12-31T00:00:00+00:00
446,,GB,android,2024-12-31T00:00:00+00:00
447,,IN,ios,2024-12-31T00:00:00+00:00
448,,IN,android,2024-12-31T00:00:00+00:00
449,,AU,android,2024-12-31T00:00:00+00:00
450,,IN,android,2024-12-31T00:00:00+00:00
451,,IN,ios,2024-12-31T00:00:00+00:00
452,,IN,ios,2024-12-31T00:00:00+00:00
453,,AU,android,2024-12-31T00:00:00+00:00
454,,GB,android,2024-12-31T00:00:00+00:00
455,2025-03-27,US,android,2024-12-31T00:00:00+00:00
456,,IN,ios,2024-12-31T00:00:00+00:00
457,,CA,ios,2024-12-31T00:00:00+00:00
458,,GB,ios,2024-12-31T00:00:00+00:00
459,2025-03-16,GB,android,2024-12-31T00:00:00+00:00
460,,US,android,2024-12-31T00:00:00+00:00
461,,AU,android,2024-12-31T00:00:00+00:00
462,,GB,android,2024-12-31T00:00:00+00:00
463,2025-03-23,IN,ios,2024-12-31T00:00:00+00:00
464,,AU,android,2024-12-31T00:00:00+00:00
465,,IN,ios,2024-12-31T00:00:00+00:00
466,,GB,android,2024-12-31T00:00:00+00:00
467,,IN,android,2024-12-31T00:00:00+00:00
468,,US,android,2024-12-31T00:00:00+00:00
469,,IN,android,2024-12-31T00:00:00+00:00
470,,IN,android,2024-12-31T00:00:00+00:00
471,,IN,android,2024-12-31T00:00:00+00:00
472,,US,ios,2024-12-31T00:00:00+00:00
473,,US,android,2024-12-31T00:00:00+00:00
474,2025-03-30,US,android,2024-12-31T00:00:00+00:00
475,,US,ios,2024-12-31T00:00:00+00:00
476,,IN,android,2024-12-31T00:00:00+00:00
477,2025-01-18,IN,android,2024-12-31T00:00:00+00:00
478,,IN,android,2024-12-31T00:00:00+00:00
479,,US,android,2024-12-31T00:00:00+00:00
480,,US,ios,2024-12-31T00:00:00+00:00
481,,AU,android,2024-12-31T00:00:00+00:00
482,,GB,android,2024-12-31T00:00:00+00:00
483,,IN,android,2024-12-31T00:00:00+00:00
484,,US,ios,2024-12-31T00:00:00+00:00
485,,IN,ios,2024-12-31T00:00:00+00:00
486,,GB,android,2024-12-31T00:00:00+00:00
487,,IN,ios,2024-12-31T00:00:00+00:00
488,,IN,ios,2024-12-31T00:00:00+00:00
489,,US,ios,2024-12-31T00:00:00+00:00
490,,IN,android,2024-12-31T00:00:00+00:00
491,2025-01-24,IN,android,2024-12-31T00:00:00+00:00
492,2025-02-08,AU,android,2024-12-31T00:00:00+00:00
493,,CA,ios,2024-12-31T00:00:00+00:00
494,,IN,ios,2024-12-31T00:00:00+00:00
495,,US,android,2024-12-31T00:00:00+00:00
496,,IN,ios,2024-12-31T00:00:00+00:00
497,2025-03-19,US,ios,2024-12-31T00:00:00+00:00
498,2025-02-27,CA,ios,2024-12-31T00:00:00+00:00
499,,CA,ios,2024-12-31T00:00:00+00:00
500,,US,android,2024-12-31T00:00:00+00:00
501,2025-02-06,US,android,2024-12-31T00:00:00+00:00
502,,IN,ios,2024-12-31T00:00:00+00:00
503,,IN,android,2024-12-31T00:00:00+00:00
504,,CA,android,2024-12-31T00:00:00+00:00
505,,IN,android,2024-12-31T00:00:00+00:00
506,2025-03-10,GB,ios,2024-12-31T00:00:00+00:00
507,,IN,android,2024-12-31T00:00:00+00:00
508,,IN,android,2024-12-31T00:00:00+00:00
509,2025-03-24,US,android,2024-12-31T00:00:00+00:00
510,,IN,android,2024-12-31T00:00:00+00:00
511,2025-02-04,US,android,2024-12-31T00:00:00+00:00
512,,US,android,2024-12-31T00:00:00+00:00
513,,CA,android,2024-12-31T00:00:00+00:00
514,,IN,android,2024-12-31T00:00:00+00:00
515,,IN,android,2024-12-31T00:00:00+00:00
516,,US,ios,2024-12-31T00:00:00+00:00
517,2025-02-15,IN,android,2024-12-31T00:00:00+00:00
518,,GB,ios,2024-12-31T00:00:00+00:00
519,,US,android,2024-12-31T00:00:00+00:00
520,2025-02-22,IN,ios,2024-12-31T00:00:00+00:00
521,,GB,ios,2024-12-31T00:00:00+00:00
522,,IN,android,2024-12-31T00:00:00+00:00
523,,GB,android,2024-12-31T00:00:00+00:00
524,2025-02-13,US,android,2024-12-31T00:00:00+00:00
525,,AU,android,2024-12-31T00:00:00+00:00
526,2025-02-09,IN,android,2024-12-31T00:00:00+00:00
527,,CA,android,2024-12-31T00:00:00+00:00
528,,IN,ios,2024-12-31T00:00:00+00:00
529,2025-03-13,US,ios,2024-12-31T00:00:00+00:00
530,,GB,ios,2024-12-31T00:00:00+00:00
531,,IN,android,2024-12-31T00:00:00+00:00
532,,US,android,2024-12-31T00:00:00+00:00
533,,IN,android,2024-12-31T00:00:00+00:00
534,,IN,android,2024-12-31T00:00:00+00:00
535,,IN,ios,2024-12-31T00:00:00+00:00
536,,IN,android,2024-12-31T00:00:00+00:00
537,,US,android,2024-12-31T00:00:00+00:00
538,,AU,ios,2024-12-31T00:00:00+00:00
539,,IN,android,2024-12-31T00:00:00+00:00
540,,GB,ios,2024-12-31T00:00:00+00:00
541,,AU,ios,2024-12-31T00:00:00+00:00
542,,IN,ios,2024-12-31T00:00:00+00:00
543,,AU,android,2024-12-31T00:00:00+00:00
544,,IN,android,2024-12-31T00:00:00+00:00
545,,AU,android,2024-12-31T00:00:00+00:00
546,,CA,android,2024-12-31T00:00:00+00:00
547,,US,android,2024-12-31T00:00:00+00:00
548,,IN,android,2024-12-31T00:00:00+00:00
549,,CA,android,2024-12-31T00:00:00+00:00
550,,IN,ios,2024-12-31T00:00:00+00:00
551,,IN,android,2024-12-31T00:00:00+00:00
552,,US,android,2024-12-31T00:00:00+00:00
553,,GB,android,2024-12-31T00:00:00+00:00
554,,IN,ios,2024-12-31T00:00:00+00:00
555,,IN,ios,2024-12-31T00:00:00+00:00
556,,GB,android,2024-12-31T00:00:00+00:00
557,2025-02-19,IN,android,2024-12-31T00:00:00+00:00
558,,IN,android,2024-12-31T00:00:00+00:00
559,,CA,android,2024-12-31T00:00:00+00:00
560,,GB,android,2024-12-31T00:00:00+00:00
561,,IN,ios,2024-12-31T00:00:00+00:00
562,,US,android,2024-12-31T00:00:00+00:00
563,,CA,android,2024-12-31T00:00:00+00:00
564,,US,ios,2024-12-31T00:00:00+00:00
565,,IN,android,2024-12-31T00:00:00+00:00
566,,GB,ios,2024-12-31T00:00:00+00:00
567,2025-03-28,GB,android,2024-12-31T00:00:00+00:00
568,,IN,android,2024-12-31T00:00:00+00:00
569,,IN,ios,2024-12-31T00:00:00+00:00
570,,AU,android,2024-12-31T00:00:00+00:00
571,,GB,ios,2024-12-31T00:00:00+00:00
572,,IN,android,2024-12-31T00:00:00+00:00
573,2025-03-30,IN,ios,2024-12-31T00:00:00+00:00
574,,GB,ios,2024-12-31T00:00:00+00:00
575,,IN,android,2024-12-31T00:00:00+00:00
576,,IN,ios,2024-12-31T00:00:00+00:00
577,,CA,ios,2024-12-31T00:00:00+00:00
578,,GB,android,2024-12-31T00:00:00+00:00
579,2025-01-25,IN,ios,2024-12-31T00:00:00+00:00
580,,IN,ios,2024-12-31T00:00:00+00:00
581,,US,android,2024-12-31T00:00:00+00:00
582,,GB,android,2024-12-31T00:00:00+00:00
583,2025-03-04,IN,ios,2024-12-31T00:00:00+00:00
584,,IN,android,2024-12-31T00:00:00+00:00
585,2025-03-27,IN,android,2024-12-31T00:00:00+00:00
586,,IN,ios,2024-12-31T00:00:00+00:00
587,,IN,android,2024-12-31T00:00:00+00:00
588,2025-02-12,GB,ios,2024-12-31T00:00:00+00:00
589,2025-01-16,AU,ios,2024-12-31T00:00:00+00:00
590,,IN,android,2024-12-31T00:00:00+00:00
591,,GB,android,2024-12-31T00:00:00+00:00
592,,IN,android,2024-12-31T00:00:00+00:00
593,,AU,ios,2024-12-31T00:00:00+00:00
594,,GB,android,2024-12-31T00:00:00+00:00
595,,IN,android,2024-12-31T00:00:00+00:00
596,,GB,ios,2024-12-31T00:00:00+00:00
597,,IN,android,2024-12-31T00:00:00+00:00
598,,IN,android,2024-12-31T00:00:00+00:00
599,,IN,android,2024-12-31T00:00:00+00:00
600,,GB,android,2024-12-31T00:00:00+00:00
601,,IN,android,2024-12-31T00:00:00+00:00
602,,IN,android,2024-12-31T00:00:00+00:00
603,,GB,android,2024-12-31T00:00:00+00:00
604,,IN,ios,2024-12-31T00:00:00+00:00
605,,GB,android,2024-12-31T00:00:00+00:00
606,2025-03-11,US,android,2024-12-31T00:00:00+00:00
607,2025-02-03,US,ios,2024-12-31T00:00:00+00:00
608,2025-03-29,IN,ios,2024-12-31T00:00:00+00:00
609,,AU,ios,2024-12-31T00:00:00+00:00
610,2025-01-16,IN,ios,2024-12-31T00:00:00+00:00
611,2025-01-30,IN,android,2024-12-31T00:00:00+00:00
612,,US,ios,2024-12-31T00:00:00+00:00
613,,GB,android,2024-12-31T00:00:00+00:00
614,,GB,ios,2024-12-31T00:00:00+00:00
615,,CA,ios,2024-12-31T00:00:00+00:00
616,,US,android,2024-12-31T00:00:00+00:00
617,,US,android,2024-12-31T00:00:00+00:00
618,,US,android,2024-12-31T00:00:00+00:00
619,,IN,ios,2024-12-31T00:00:00+00:00
620,,AU,android,2024-12-31T00:00:00+00:00
621,2025-02-10,IN,android,2024-12-31T00:00:00+00:00
622,,CA,android,2024-12-31T00:00:00+00:00
623,2025-02-27,US,android,2024-12-31T00:00:00+00:00
624,,CA,android,2024-12-31T00:00:00+00:00
625,,IN,android,2024-12-31T00:00:00+00:00
626,,US,android,2024-12-31T00:00:00+00:00
627,,US,android,2024-12-31T00:00:00+00:00
628,,IN,ios,2024-12-31T00:00:00+00:00
629,2025-02-14,IN,android,2024-12-31T00:00:00+00:00
630,2025-03-03,US,android,2024-12-31T00:00:00+00:00
631,,US,android,2024-12-31T00:00:00+00:00
632,2025-02-02,IN,ios,2024-12-31T00:00:00+00:00
633,2025-02-14,CA,android,2024-12-31T00:00:00+00:00
634,,GB,android,2024-12-31T00:00:00+00:00
635,2025-01-12,US,android,2024-12-31T00:00:00+00:00
636,2025-02-07,IN,ios,2024-12-31T00:00:00+00:00
637,,US,ios,2024-12-31T00:00:00+00:00
638,,GB,ios,2024-12-31T00:00:00+00:00
639,,US,ios,2024-12-31T00:00:00+00:00
640,2025-03-17,CA,android,2024-12-31T00:00:00+00:00
641,,GB,android,2024-12-31T00:00:00+00:00
642,,CA,android,2024-12-31T00:00:00+00:00
643,,IN,android,2024-12-31T00:00:00+00:00
644,2025-01-21,GB,android,2024-12-31T00:00:00+00:00
645,2025-03-18,IN,ios,2024-12-31T00:00:00+00:00
646,,IN,android,2024-12-31T00:00:00+00:00
647,,US,android,2024-12-31T00:00:00+00:00
648,,US,android,2024-12-31T00:00:00+00:00
649,2025-03-29,IN,ios,2024-12-31T00:00:00+00:00
650,,GB,android,2024-12-31T00:00:00+00:00
651,,IN,android,2024-12-31T00:00:00+00:00
652,,US,ios,2024-12-31T00:00:00+00:00
653,,IN,ios,2024-12-31T00:00:00+00:00
654,,GB,ios,2024-12-31T00:00:00+00:00
655,,US,android,2024-12-31T00:00:00+00:00
656,,IN,android,2024-12-31T00:00:00+00:00
657,,AU,android,2024-12-31T00:00:00+00:00
658,,CA,ios,2024-12-31T00:00:00+00:00
659,,IN,ios,2024-12-31T00:00:00+00:00
660,2025-03-27,GB,android,2024-12-31T00:00:00+00:00
661,,IN,ios,2024-12-31T00:00:00+00:00
662,2025-03-20,GB,android,2024-12-31T00:00:00+00:00
663,,IN,android,2024-12-31T00:00:00+00:00
664,,US,android,2024-12-31T00:00:00+00:00
665,,IN,android,2024-12-31T00:00:00+00:00
666,,IN,ios,2024-12-31T00:00:00+00:00
667,,GB,android,2024-12-31T00:00:00+00:00
668,2025-03-07,AU,android,2024-12-31T00:00:00+00:00
669,,US,android,2024-12-31T00:00:00+00:00
670,,US,ios,2024-12-31T00:00:00+00:00
671,2025-03-27,AU,ios,2024-12-31T00:00:00+00:00
672,2025-01-12,US,ios,2024-12-31T00:00:00+00:00
673,2025-02-08,CA,ios,2024-12-31T00:00:00+00:00
674,,IN,ios,2024-12-31T00:00:00+00:00
675,2025-01-07,IN,ios,2024-12-31T00:00:00+00:00
676,,IN,android,2024-12-31T00:00:00+00:00
677,2025-01-23,IN,android,2024-12-31T00:00:00+00:00
678,2025-03-28,IN,android,2024-12-31T00:00:00+00:00
679,,US,android,2024-12-31T00:00:00+00:00
680,,US,ios,2024-12-31T00:00:00+00:00
681,,IN,android,2024-12-31T00:00:00+00:00
682,,IN,ios,2024-12-31T00:00:00+00:00
683,,AU,android,2024-12-31T00:00:00+00:00
684,,IN,android,2024-12-31T00:00:00+00:00
685,,IN,ios,2024-12-31T00:00:00+00:00
686,,US,android,2024-12-31T00:00:00+00:00
687,,IN,android,2024-12-31T00:00:00+00:00
688,2025-01-30,US,android,2024-12-31T00:00:00+00:00
689,,IN,ios,2024-12-31T00:00:00+00:00
690,,GB,android,2024-12-31T00:00:00+00:00
691,,IN,android,2024-12-31T00:00:00+00:00
692,,US,android,2024-12-31T00:00:00+00:00
693,,GB,ios,2024-12-31T00:00:00+00:00
694,,US,android,2024-12-31T00:00:00+00:00
695,2025-03-22,IN,android,2024-12-31T00:00:00+00:00
696,,GB,android,2024-12-31T00:00:00+00:00
697,,IN,android,2024-12-31T00:00:00+00:00
698,,IN,ios,2024-12-31T00:00:00+00:00
699,2025-01-29,IN,android,2024-12-31T00:00:00+00:00
700,,US,android,2024-12-31T00:00:00+00:00
701,,US,android,2024-12-31T00:00:00+00:00
702,2025-02-23,GB,ios,2024-12-31T00:00:00+00:00
703,,IN,android,2024-12-31T00:00:00+00:00
704,,IN,android,2024-12-31T00:00:00+00:00
705,2025-03-16,AU,android,2024-12-31T00:00:00+00:00
706,,IN,ios,2024-12-31T00:00:00+00:00
707,,US,android,2024-12-31T00:00:00+00:00
708,,AU,android,2024-12-31T00:00:00+00:00
709,,GB,ios,2024-12-31T00:00:00+00:00
710,2025-03-10,US,ios,2024-12-31T00:00:00+00:00
711,,GB,android,2024-12-31T00:00:00+00:00
712,,IN,ios,2024-12-31T00:00:00+00:00
713,2025-01-24,GB,android,2024-12-31T00:00:00+00:00
714,,IN,android,2024-12-31T00:00:00+00:00
715,,GB,android,2024-12-31T00:00:00+00:00
716,,US,android,2024-12-31T00:00:00+00:00
717,,AU,android,2024-12-31T00:00:00+00:00
718,,GB,ios,2024-12-31T00:00:00+00:00
719,,US,android,2024-12-31T00:00:00+00:00
720,,IN,ios,2024-12-31T00:00:00+00:00
721,,IN,android,2024-12-31T00:00:00+00:00
722,,US,android,2024-12-31T00:00:00+00:00
723,,IN,ios,2024-12-31T00:00:00+00:00
724,,GB,android,2024-12-31T00:00:00+00:00
725,,GB,android,2024-12-31T00:00:00+00:00
726,,IN,android,2024-12-31T00:00:00+00:00
727,2025-02-12,US,android,2024-12-31T00:00:00+00:00
728,,US,ios,2024-12-31T00:00:00+00:00
729,,IN,ios,2024-12-31T00:00:00+00:00
730,,US,android,2024-12-31T00:00:00+00:00
731,,GB,android,2024-12-31T00:00:00+00:00
732,,IN,android,2024-12-31T00:00:00+00:00
733,,AU,android,2024-12-31T00:00:00+00:00
734,,IN,android,2024-12-31T00:00:00+00:00
735,,IN,ios,2024-12-31T00:00:00+00:00
736,2025-03-30,GB,android,2024-12-31T00:00:00+00:00
737,,IN,ios,2024-12-31T00:00:00+00:00
738,,CA,android,2024-12-31T00:00:00+00:00
739,,IN,android,2024-12-31T00:00:00+00:00
740,,IN,ios,2024-12-31T00:00:00+00:00
741,2025-01-09,IN,ios,2024-12-31T00:00:00+00:00
742,,IN,ios,2024-12-31T00:00:00+00:00
743,,IN,android,2024-12-31T00:00:00+00:00
744,,IN,ios,2024-12-31T00:00:00+00:00
745,,US,android,2024-12-31T00:00:00+00:00
746,,IN,android,2024-12-31T00:00:00+00:00
747,,IN,ios,2024-12-31T00:00:00+00:00
748,,IN,ios,2024-12-31T00:00:00+00:00
749,,CA,ios,2024-12-31T00:00:00+00:00
750,,IN,android,2024-12-31T00:00:00+00:00
751,,AU,android,2024-12-31T00:00:00+00:00
752,,US,ios,2024-12-31T00:00:00+00:00
753,,US,android,2024-12-31T00:00:00+00:00
754,,AU,android,2024-12-31T00:00:00+00:00
755,,IN,android,2024-12-31T00:00:00+00:00
756,,IN,ios,2024-12-31T00:00:00+00:00
757,,IN,android,2024-12-31T00:00:00+00:00
758,2025-03-25,IN,ios,2024-12-31T00:00:00+00:00
759,,US,ios,2024-12-31T00:00:00+00:00
760,2025-03-09,CA,android,2024-12-31T00:00:00+00:00
761,2025-03-10,IN,android,2024-12-31T00:00:00+00:00
762,,IN,android,2024-12-31T00:00:00+00:00
763,,US,ios,2024-12-31T00:00:00+00:00
764,2025-03-30,IN,android,2024-12-31T00:00:00+00:00
765,,GB,android,2024-12-31T00:00:00+00:00
766,,IN,android,2024-12-31T00:00:00+00:00
767,,CA,android,2024-12-31T00:00:00+00:00
768,,AU,android,2024-12-31T00:00:00+00:00
769,,GB,android,2024-12-31T00:00:00+00:00
770,,IN,android,2024-12-31T00:00:00+00:00
771,,AU,android,2024-12-31T00:00:00+00:00
772,,US,android,2024-12-31T00:00:00+00:00
773,,IN,android,2024-12-31T00:00:00+00:00
774,,IN,android,2024-12-31T00:00:00+00:00
775,,GB,ios,2024-12-31T00:00:00+00:00
776,,US,android,2024-12-31T00:00:00+00:00
777,,US,android,2024-12-31T00:00:00+00:00
778,2025-03-17,IN,android,2024-12-31T00:00:00+00:00
779,,AU,android,2024-12-31T00:00:00+00:00
780,2025-03-30,IN,ios,2024-12-31T00:00:00+00:00
781,2025-03-28,US,ios,2024-12-31T00:00:00+00:00
782,,IN,ios,2024-12-31T00:00:00+00:00
783,,IN,android,2024-12-31T00:00:00+00:00
784,,US,ios,2024-12-31T00:00:00+00:00
785,2025-03-04,US,ios,2024-12-31T00:00:00+00:00
786,,US,android,2024-12-31T00:00:00+00:00
787,,US,android,2024-12-31T00:00:00+00:00
788,2025-01-24,AU,android,2024-12-31T00:00:00+00:00
789,,IN,android,2024-12-31T00:00:00+00:00
790,2025-02-22,IN,ios,2024-12-31T00:00:00+00:00
791,,US,android,2024-12-31T00:00:00+00:00
792,,IN,android,2024-12-31T00:00:00+00:00
793,,CA,android,2024-12-31T00:00:00+00:00
794,,GB,android,2024-12-31T00:00:00+00:00
795,2025-03-26,US,android,2024-12-31T00:00:00+00:00
796,,GB,ios,2024-12-31T00:00:00+00:00
797,,GB,ios,2024-12-31T00:00:00+00:00
798,,GB,android,2024-12-31T00:00:00+00:00
799,,GB,ios,2024-12-31T00:00:00+00:00
800,,IN,android,2024-12-31T00:00:00+00:00
801,,US,android,2024-12-31T00:00:00+00:00
802,,US,android,2024-12-31T00:00:00+00:00
803,,IN,android,2024-12-31T00:00:00+00:00
804,,US,android,2024-12-31T00:00:00+00:00
805,,IN,android,2024-12-31T00:00:00+00:00
806,,US,android,2024-12-31T00:00:00+00:00
807,,IN,ios,2024-12-31T00:00:00+00:00
808,,IN,ios,2024-12-31T00:00:00+00:00
809,,IN,android,2024-12-31T00:00:00+00:00
810,,AU,ios,2024-12-31T00:00:00+00:00
811,,IN,android,2024-12-31T00:00:00+00:00
812,2025-02-20,GB,ios,2024-12-31T00:00:00+00:00
813,,CA,android,2024-12-31T00:00:00+00:00
814,,US,android,2024-12-31T00:00:00+00:00
815,,US,ios,2024-12-31T00:00:00+00:00
816,,US,ios,2024-12-31T00:00:00+00:00
817,,IN,android,2024-12-31T00:00:00+00:00
818,,US,android,2024-12-31T00:00:00+00:00
819,,IN,ios,2024-12-31T00:00:00+00:00
820,,IN,android,2024-12-31T00:00:00+00:00
821,,AU,ios,2024-12-31T00:00:00+00:00
822,,CA,android,2024-12-31T00:00:00+00:00
823,,GB,android,2024-12-31T00:00:00+00:00
824,2025-03-04,IN,android,2024-12-31T00:00:00+00:00
825,,US,android,2024-12-31T00:00:00+00:00
826,,IN,android,2024-12-31T00:00:00+00:00
827,,US,android,2024-12-31T00:00:00+00:00
828,2025-03-05,US,android,2024-12-31T00:00:00+00:00
829,2025-03-18,IN,android,2024-12-31T00:00:00+00:00
830,,GB,ios,2024-12-31T00:00:00+00:00
831,,IN,ios,2024-12-31T00:00:00+00:00
832,,IN,android,2024-12-31T00:00:00+00:00
833,,GB,android,2024-12-31T00:00:00+00:00
834,,US,android,2024-12-31T00:00:00+00:00
835,2025-03-25,IN,android,2024-12-31T00:00:00+00:00
836,,IN,android,2024-12-31T00:00:00+00:00
837,,US,android,2024-12-31T00:00:00+00:00
838,,IN,android,2024-12-31T00:00:00+00:00
839,,US,android,2024-12-31T00:00:00+00:00
840,,IN,android,2024-12-31T00:00:00+00:00
841,2025-02-13,IN,android,2024-12-31T00:00:00+00:00
842,,IN,android,2024-12-31T00:00:00+00:00
843,,AU,android,2024-12-31T00:00:00+00:00
844,,US,ios,2024-12-31T00:00:00+00:00
845,2025-03-14,IN,android,2024-12-31T00:00:00+00:00
846,,GB,android,2024-12-31T00:00:00+00:00
847,,IN,ios,2024-12-31T00:00:00+00:00
848,,IN,android,2024-12-31T00:00:00+00:00
849,,CA,android,2024-12-31T00:00:00+00:00
850,,AU,android,2024-12-31T00:00:00+00:00
851,2025-01-31,US,android,2024-12-31T00:00:00+00:00
852,,IN,android,2024-12-31T00:00:00+00:00
853,,IN,android,2024-12-31T00:00:00+00:00
854,,GB,ios,2024-12-31T00:00:00+00:00
855,,US,android,2024-12-31T00:00:00+00:00
856,,GB,android,2024-12-31T00:00:00+00:00
857,2025-03-21,IN,android,2024-12-31T00:00:00+00:00
858,,GB,android,2024-12-31T00:00:00+00:00
859,,GB,ios,2024-12-31T00:00:00+00:00
860,,US,android,2024-12-31T00:00:00+00:00
861,,IN,android,2024-12-31T00:00:00+00:00
862,,GB,android,2024-12-31T00:00:00+00:00
863,,IN,ios,2024-12-31T00:00:00+00:00
864,,GB,android,2024-12-31T00:00:00+00:00
865,,IN,ios,2024-12-31T00:00:00+00:00
866,2025-02-27,IN,ios,2024-12-31T00:00:00+00:00
867,,IN,android,2024-12-31T00:00:00+00:00
868,,IN,ios,2024-12-31T00:00:00+00:00
869,2025-02-04,IN,ios,2024-12-31T00:00:00+00:00
870,2025-02-01,US,ios,2024-12-31T00:00:00+00:00
871,,AU,android,2024-12-31T00:00:00+00:00
872,,US,android,2024-12-31T00:00:00+00:00
873,,CA,android,2024-12-31T00:00:00+00:00
874,,IN,ios,2024-12-31T00:00:00+00:00
875,,IN,android,2024-12-31T00:00:00+00:00
876,,IN,ios,2024-12-31T00:00:00+00:00
877,,IN,ios,2024-12-31T00:00:00+00:00
878,,GB,ios,2024-12-31T00:00:00+00:00
879,,GB,ios,2024-12-31T00:00:00+00:00
880,,US,android,2024-12-31T00:00:00+00:00
881,,GB,android,2024-12-31T00:00:00+00:00
882,,IN,android,2024-12-31T00:00:00+00:00
883,2025-03-25,CA,android,2024-12-31T00:00:00+00:00
884,,GB,android,2024-12-31T00:00:00+00:00
885,,IN,android,2024-12-31T00:00:00+00:00
886,,IN,ios,2024-12-31T00:00:00+00:00
887,,US,android,2024-12-31T00:00:00+00:00
888,,IN,android,2024-12-31T00:00:00+00:00
889,,GB,android,2024-12-31T00:00:00+00:00
890,2025-03-29,IN,android,2024-12-31T00:00:00+00:00
891,,US,android,2024-12-31T00:00:00+00:00
892,2025-01-15,IN,ios,2024-12-31T00:00:00+00:00
893,,US,android,2024-12-31T00:00:00+00:00
894,,GB,ios,2024-12-31T00:00:00+00:00
895,,GB,ios,2024-12-31T00:00:00+00:00
896,,IN,android,2024-12-31T00:00:00+00:00
897,,US,ios,2024-12-31T00:00:00+00:00
898,,GB,android,2024-12-31T00:00:00+00:00
899,,CA,android,2024-12-31T00:00:00+00:00
900,,US,android,2024-12-31T00:00:00+00:00
901,2025-03-13,US,ios,2024-12-31T00:00:00+00:00
902,2025-03-28,GB,android,2024-12-31T00:00:00+00:00
903,,GB,ios,2024-12-31T00:00:00+00:00
904,,AU,android,2024-12-31T00:00:00+00:00
905,,IN,ios,2024-12-31T00:00:00+00:00
906,,CA,android,2024-12-31T00:00:00+00:00
907,,US,ios,2024-12-31T00:00:00+00:00
908,,IN,android,2024-12-31T00:00:00+00:00
909,,IN,android,2024-12-31T00:00:00+00:00
910,2025-01-26,IN,ios,2024-12-31T00:00:00+00:00
911,,US,android,2024-12-31T00:00:00+00:00
912,2025-03-29,CA,android,2024-12-31T00:00:00+00:00
913,,CA,android,2024-12-31T00:00:00+00:00
914,2025-03-18,IN,android,2024-12-31T00:00:00+00:00
915,,US,android,2024-12-31T00:00:00+00:00
916,2025-01-22,AU,ios,2024-12-31T00:00:00+00:00
917,,IN,android,2024-12-31T00:00:00+00:00
918,,GB,android,2024-12-31T00:00:00+00:00
919,2025-01-30,GB,android,2024-12-31T00:00:00+00:00
920,,IN,android,2024-12-31T00:00:00+00:00
921,,IN,android,2024-12-31T00:00:00+00:00
922,,IN,android,2024-12-31T00:00:00+00:00
923,2025-02-21,IN,android,2024-12-31T00:00:00+00:00
924,,US,ios,2024-12-31T00:00:00+00:00
925,,CA,android,2024-12-31T00:00:00+00:00
926,,IN,android,2024-12-31T00:00:00+00:00
927,,IN,android,2024-12-31T00:00:00+00:00
928,2025-01-21,IN,ios,2024-12-31T00:00:00+00:00
929,,US,android,2024-12-31T00:00:00+00:00
930,,IN,ios,2024-12-31T00:00:00+00:00
931,,IN,ios,2024-12-31T00:00:00+00:00
932,,IN,android,2024-12-31T00:00:00+00:00
933,,IN,ios,2024-12-31T00:00:00+00:00
934,,US,ios,2024-12-31T00:00:00+00:00
935,,IN,android,2024-12-31T00:00:00+00:00
936,,IN,ios,2024-12-31T00:00:00+00:00
937,,IN,android,2024-12-31T00:00:00+00:00
938,,IN,android,2024-12-31T00:00:00+00:00
939,,AU,ios,2024-12-31T00:00:00+00:00
940,,US,android,2024-12-31T00:00:00+00:00
941,2025-02-19,CA,android,2024-12-31T00:00:00+00:00
942,,AU,ios,2024-12-31T00:00:00+00:00
943,,US,android,2024-12-31T00:00:00+00:00
944,,US,ios,2024-12-31T00:00:00+00:00
945,2025-01-26,US,android,2024-12-31T00:00:00+00:00
946,,AU,android,2024-12-31T00:00:00+00:00
947,,CA,android,2024-12-31T00:00:00+00:00
948,,IN,android,2024-12-31T00:00:00+00:00
949,,US,android,2024-12-31T00:00:00+00:00
950,,US,android,2024-12-31T00:00:00+00:00
951,,US,android,2024-12-31T00:00:00+00:00
952,2025-01-28,IN,android,2024-12-31T00:00:00+00:00
953,,IN,android,2024-12-31T00:00:00+00:00
954,,CA,android,2024-12-31T00:00:00+00:00
955,2025-02-14,IN,android,2024-12-31T00:00:00+00:00
956,2025-03-24,US,ios,2024-12-31T00:00:00+00:00
957,,US,android,2024-12-31T00:00:00+00:00
958,,US,android,2024-12-31T00:00:00+00:00
959,,GB,ios,2024-12-31T00:00:00+00:00
960,,GB,android,2024-12-31T00:00:00+00:00
961,,US,ios,2024-12-31T00:00:00+00:00
962,,IN,ios,2024-12-31T00:00:00+00:00
963,,IN,android,2024-12-31T00:00:00+00:00
964,,CA,android,2024-12-31T00:00:00+00:00
965,,GB,android,2024-12-31T00:00:00+00:00
966,,US,android,2024-12-31T00:00:00+00:00
967,,IN,android,2024-12-31T00:00:00+00:00
968,2025-03-22,CA,ios,2024-12-31T00:00:00+00:00
969,,IN,android,2024-12-31T00:00:00+00:00
970,,IN,android,2024-12-31T00:00:00+00:00
971,,IN,android,2024-12-31T00:00:00+00:00
972,,CA,android,2024-12-31T00:00:00+00:00
973,,IN,android,2024-12-31T00:00:00+00:00
974,,US,android,2024-12-31T00:00:00+00:00
975,2025-03-26,IN,android,2024-12-31T00:00:00+00:00
976,,IN,ios,2024-12-31T00:00:00+00:00
977,,IN,android,2024-12-31T00:00:00+00:00
978,2025-03-23,GB,android,2024-12-31T00:00:00+00:00
979,,IN,android,2024-12-31T00:00:00+00:00
980,2025-02-15,GB,android,2024-12-31T00:00:00+00:00
981,,IN,android,2024-12-31T00:00:00+00:00
982,,IN,ios,2024-12-31T00:00:00+00:00
983,,GB,android,2024-12-31T00:00:00+00:00
984,,GB,android,2024-12-31T00:00:00+00:00
985,,US,android,2024-12-31T00:00:00+00:00
986,2025-03-24,CA,android,2024-12-31T00:00:00+00:00
987,,US,ios,2024-12-31T00:00:00+00:00
988,,IN,android,2024-12-31T00:00:00+00:00
989,,US,android,2024-12-31T00:00:00+00:00
990,,IN,android,2024-12-31T00:00:00+00:00
991,,US,android,2024-12-31T00:00:00+00:00
992,,CA,android,2024-12-31T00:00:00+00:00
993,,IN,android,2024-12-31T00:00:00+00:00
994,,GB,android,2024-12-31T00:00:00+00:00
995,,US,android,2024-12-31T00:00:00+00:00
996,,US,ios,2024-12-31T00:00:00+00:00
997,,IN,android,2024-12-31T00:00:00+00:00
998,,US,android,2024-12-31T00:00:00+00:00
999,,GB,android,2024-12-31T00:00:00+00:00
1000,,CA,android,2024-12-31T00:00:00+00:00
1001,2025-03-27,IN,android,2024-12-31T00:00:00+00:00
1002,,US,ios,2024-12-31T00:00:00+00:00
1003,2025-02-24,GB,android,2024-12-31T00:00:00+00:00
1004,,GB,ios,2024-12-31T00:00:00+00:00
1005,,US,ios,2024-12-31T00:00:00+00:00
1006,,US,android,2024-12-31T00:00:00+00:00
1007,,IN,ios,2024-12-31T00:00:00+00:00
1008,,US,android,2024-12-31T00:00:00+00:00
1009,,IN,android,2024-12-31T00:00:00+00:00
1010,,IN,ios,2024-12-31T00:00:00+00:00
1011,,IN,android,2024-12-31T00:00:00+00:00
1012,2025-01-23,IN,android,2024-12-31T00:00:00+00:00
1013,,IN,ios,2024-12-31T00:00:00+00:00
1014,,IN,android,2024-12-31T00:00:00+00:00
1015,2025-03-15,US,android,2024-12-31T00:00:00+00:00
1016,,IN,ios,2024-12-31T00:00:00+00:00
1017,,GB,ios,2024-12-31T00:00:00+00:00
1018,,US,ios,2024-12-31T00:00:00+00:00
1019,2025-01-30,IN,android,2024-12-31T00:00:00+00:00
1020,2025-03-16,US,android,2024-12-31T00:00:00+00:00
1021,2025-02-18,GB,android,2024-12-31T00:00:00+00:00
1022,,IN,ios,2024-12-31T00:00:00+00:00
1023,,GB,android,2024-12-31T00:00:00+00:00
1024,,IN,android,2024-12-31T00:00:00+00:00
1025,,GB,android,2024-12-31T00:00:00+00:00
1026,,US,android,2024-12-31T00:00:00+00:00
1027,,GB,android,2024-12-31T00:00:00+00:00
1028,,GB,android,2024-12-31T00:00:00+00:00
1029,,GB,android,2024-12-31T00:00:00+00:00
1030,,IN,android,2024-12-31T00:00:00+00:00
1031,2025-03-13,US,android,2024-12-31T00:00:00+00:00
1032,2025-02-10,IN,android,2024-12-31T00:00:00+00:00
1033,,CA,ios,2024-12-31T00:00:00+00:00
1034,,IN,ios,2024-12-31T00:00:00+00:00
1035,,IN,android,2024-12-31T00:00:00+00:00
1036,,IN,android,2024-12-31T00:00:00+00:00
1037,,IN,android,2024-12-31T00:00:00+00:00
1038,,IN,android,2024-12-31T00:00:00+00:00
1039,,GB,android,2024-12-31T00:00:00+00:00
1040,,IN,android,2024-12-31T00:00:00+00:00
1041,,IN,android,2024-12-31T00:00:00+00:00
1042,,AU,android,2024-12-31T00:00:00+00:00
1043,,IN,android,2024-12-31T00:00:00+00:00
1044,,GB,android,2024-12-31T00:00:00+00:00
1045,2025-02-26,US,android,2024-12-31T00:00:00+00:00
1046,,IN,android,2024-12-31T00:00:00+00:00
1047,,AU,ios,2024-12-31T00:00:00+00:00
1048,,US,android,2024-12-31T00:00:00+00:00
1049,,US,android,2024-12-31T00:00:00+00:00
1050,,US,android,2024-12-31T00:00:00+00:00
1051,,GB,android,2024-12-31T00:00:00+00:00
1052,,US,android,2024-12-31T00:00:00+00:00
1053,,US,android,2024-12-31T00:00:00+00:00
1054,,IN,android,2024-12-31T00:00:00+00:00
1055,2025-01-28,IN,android,2024-12-31T00:00:00+00:00
1056,,US,ios,2024-12-31T00:00:00+00:00
1057,,GB,android,2024-12-31T00:00:00+00:00
1058,2025-03-16,CA,android,2024-12-31T00:00:00+00:00
1059,,GB,ios,2024-12-31T00:00:00+00:00
1060,,GB,android,2024-12-31T00:00:00+00:00
1061,2025-03-08,GB,android,2024-12-31T00:00:00+00:00
1062,,US,ios,2024-12-31T00:00:00+00:00
1063,,US,android,2024-12-31T00:00:00+00:00
1064,,IN,android,2024-12-31T00:00:00+00:00
1065,,CA,android,2024-12-31T00:00:00+00:00
1066,,IN,android,2024-12-31T00:00:00+00:00
1067,2025-01-19,US,android,2024-12-31T00:00:00+00:00
1068,,US,android,2024-12-31T00:00:00+00:00
1069,,GB,android,2024-12-31T00:00:00+00:00
1070,,IN,ios,2024-12-31T00:00:00+00:00
1071,,IN,ios,2024-12-31T00:00:00+00:00
1072,2025-03-12,GB,android,2024-12-31T00:00:00+00:00
1073,,GB,android,2024-12-31T00:00:00+00:00
1074,,US,ios,2024-12-31T00:00:00+00:00
1075,2025-03-16,GB,android,2024-12-31T00:00:00+00:00
1076,,IN,android,2024-12-31T00:00:00+00:00
1077,2025-02-18,AU,android,2024-12-31T00:00:00+00:00
1078,2025-02-16,US,android,2024-12-31T00:00:00+00:00
1079,2025-02-23,IN,android,2024-12-31T00:00:00+00:00
1080,,IN,ios,2024-12-31T00:00:00+00:00
1081,,IN,android,2024-12-31T00:00:00+00:00
1082,,GB,ios,2024-12-31T00:00:00+00:00
1083,,US,android,2024-12-31T00:00:00+00:00
1084,,IN,android,2024-12-31T00:00:00+00:00
1085,,AU,android,2024-12-31T00:00:00+00:00
1086,2025-03-17,IN,ios,2024-12-31T00:00:00+00:00
1087,,US,android,2024-12-31T00:00:00+00:00
1088,,US,ios,2024-12-31T00:00:00+00:00
1089,,CA,android,2024-12-31T00:00:00+00:00
1090,,GB,android,2024-12-31T00:00:00+00:00
1091,,US,android,2024-12-31T00:00:00+00:00
1092,2025-03-29,IN,android,2024-12-31T00:00:00+00:00
1093,,IN,android,2024-12-31T00:00:00+00:00
1094,,IN,android,2024-12-31T00:00:00+00:00
1095,,US,android,2024-12-31T00:00:00+00:00
1096,,IN,android,2024-12-31T00:00:00+00:00
1097,,GB,android,2024-12-31T00:00:00+00:00
1098,,GB,android,2024-12-31T00:00:00+00:00
1099,,IN,ios,2024-12-31T00:00:00+00:00
1100,,GB,android,2024-12-31T00:00:00+00:00
1101,2025-02-06,GB,android,2024-12-31T00:00:00+00:00
1102,,CA,android,2024-12-31T00:00:00+00:00
1103,,IN,android,2024-12-31T00:00:00+00:00
1104,,GB,android,2024-12-31T00:00:00+00:00
1105,,US,android,2024-12-31T00:00:00+00:00
1106,2025-03-11,IN,android,2024-12-31T00:00:00+00:00
1107,,US,android,2024-12-31T00:00:00+00:00
1108,,US,android,2024-12-31T00:00:00+00:00
1109,,US,android,2024-12-31T00:00:00+00:00
1110,,IN,ios,2024-12-31T00:00:00+00:00
1111,2025-03-21,US,android,2024-12-31T00:00:00+00:00
1112,,IN,android,2024-12-31T00:00:00+00:00
1113,,CA,android,2024-12-31T00:00:00+00:00
1114,,IN,android,2024-12-31T00:00:00+00:00
1115,,IN,android,2024-12-31T00:00:00+00:00
1116,,IN,android,2024-12-31T00:00:00+00:00
1117,,IN,android,2024-12-31T00:00:00+00:00
1118,,US,android,2024-12-31T00:00:00+00:00
1119,2025-01-25,AU,android,2024-12-31T00:00:00+00:00
1120,,IN,android,2024-12-31T00:00:00+00:00
1121,,IN,android,2024-12-31T00:00:00+00:00
1122,,US,android,2024-12-31T00:00:00+00:00
1123,,US,ios,2024-12-31T00:00:00+00:00
1124,,IN,android,2024-12-31T00:00:00+00:00
1125,,US,ios,2024-12-31T00:00:00+00:00
1126,,IN,android,2024-12-31T00:00:00+00:00
1127,,IN,ios,2024-12-31T00:00:00+00:00
1128,,IN,ios,2024-12-31T00:00:00+00:00
1129,2025-03-21,IN,android,2024-12-31T00:00:00+00:00
1130,,IN,android,2024-12-31T00:00:00+00:00
1131,,US,android,2024-12-31T00:00:00+00:00
1132,,US,ios,2024-12-31T00:00:00+00:00
1133,,US,android,2024-12-31T00:00:00+00:00
1134,,US,ios,2024-12-31T00:00:00+00:00
1135,,GB,android,2024-12-31T00:00:00+00:00
1136,,IN,android,2024-12-31T00:00:00+00:00
1137,,GB,android,2024-12-31T00:00:00+00:00
1138,,IN,android,2024-12-31T00:00:00+00:00
1139,,GB,ios,2024-12-31T00:00:00+00:00
1140,,US,android,2024-12-31T00:00:00+00:00
1141,,US,ios,2024-12-31T00:00:00+00:00
1142,,CA,android,2024-12-31T00:00:00+00:00
1143,,IN,ios,2024-12-31T00:00:00+00:00
1144,,IN,ios,2024-12-31T00:00:00+00:00
1145,,US,ios,2024-12-31T00:00:00+00:00
1146,,AU,android,2024-12-31T00:00:00+00:00
1147,,GB,android,2024-12-31T00:00:00+00:00
1148,,GB,android,2024-12-31T00:00:00+00:00
1149,2025-02-11,US,android,2024-12-31T00:00:00+00:00
1150,,US,ios,2024-12-31T00:00:00+00:00
1151,,US,ios,2024-12-31T00:00:00+00:00
1152,,US,android,2024-12-31T00:00:00+00:00
1153,,GB,android,2024-12-31T00:00:00+00:00
1154,,IN,android,2024-12-31T00:00:00+00:00
1155,,IN,ios,2024-12-31T00:00:00+00:00
1156,,IN,android,2024-12-31T00:00:00+00:00
1157,,IN,android,2024-12-31T00:00:00+00:00
1158,,IN,ios,2024-12-31T00:00:00+00:00
1159,,US,android,2024-12-31T00:00:00+00:00
1160,,IN,android,2024-12-31T00:00:00+00:00
1161,,IN,android,2024-12-31T00:00:00+00:00
1162,,IN,android,2024-12-31T00:00:00+00:00
1163,,IN,android,2024-12-31T00:00:00+00:00
1164,2025-03-28,AU,android,2024-12-31T00:00:00+00:00
1165,2025-02-27,AU,ios,2024-12-31T00:00:00+00:00
1166,,IN,android,2024-12-31T00:00:00+00:00
1167,,CA,android,2024-12-31T00:00:00+00:00
1168,2025-03-25,GB,android,2024-12-31T00:00:00+00:00
1169,,IN,android,2024-12-31T00:00:00+00:00
1170,,AU,android,2024-12-31T00:00:00+00:00
1171,,GB,android,2024-12-31T00:00:00+00:00
1172,,IN,android,2024-12-31T00:00:00+00:00
1173,,IN,android,2024-12-31T00:00:00+00:00
1174,,US,ios,2024-12-31T00:00:00+00:00
1175,,IN,ios,2024-12-31T00:00:00+00:00
1176,,IN,android,2024-12-31T00:00:00+00:00
1177,,GB,android,2024-12-31T00:00:00+00:00
1178,,US,android,2024-12-31T00:00:00+00:00
1179,,IN,ios,2024-12-31T00:00:00+00:00
1180,,IN,android,2024-12-31T00:00:00+00:00
1181,,IN,android,2024-12-31T00:00:00+00:00
1182,,US,android,2024-12-31T00:00:00+00:00
1183,,US,android,2024-12-31T00:00:00+00:00
1184,2025-02-11,IN,android,2024-12-31T00:00:00+00:00
1185,2025-02-09,GB,android,2024-12-31T00:00:00+00:00
1186,2025-03-01,IN,ios,2024-12-31T00:00:00+00:00
1187,,IN,android,2024-12-31T00:00:00+00:00
1188,2025-03-10,GB,ios,2024-12-31T00:00:00+00:00
1189,,IN,android,2024-12-31T00:00:00+00:00
1190,,IN,android,2024-12-31T00:00:00+00:00
1191,,IN,android,2024-12-31T00:00:00+00:00
1192,,US,android,2024-12-31T00:00:00+00:00
1193,,US,ios,2024-12-31T00:00:00+00:00
1194,,IN,android,2024-12-31T00:00:00+00:00
1195,,US,ios,2024-12-31T00:00:00+00:00
1196,,GB,ios,2024-12-31T00:00:00+00:00
1197,,IN,android,2024-12-31T00:00:00+00:00
1198,2025-01-14,AU,android,2024-12-31T00:00:00+00:00
1199,2025-01-30,IN,android,2024-12-31T00:00:00+00:00
1200,,IN,android,2024-12-31T00:00:00+00:00
1201,,IN,ios,2024-12-31T00:00:00+00:00
1202,,IN,android,2024-12-31T00:00:00+00:00
1203,,GB,ios,2024-12-31T00:00:00+00:00
1204,,IN,ios,2024-12-31T00:00:00+00:00
1205,2025-01-25,US,android,2024-12-31T00:00:00+00:00
1206,,IN,android,2024-12-31T00:00:00+00:00
1207,,US,ios,2024-12-31T00:00:00+00:00
1208,,IN,android,2024-12-31T00:00:00+00:00
1209,,IN,ios,2024-12-31T00:00:00+00:00
1210,,US,android,2024-12-31T00:00:00+00:00
1211,,AU,ios,2024-12-31T00:00:00+00:00
1212,,IN,android,2024-12-31T00:00:00+00:00
1213,,GB,android,2024-12-31T00:00:00+00:00
1214,2025-03-27,IN,android,2024-12-31T00:00:00+00:00
1215,,GB,android,2024-12-31T00:00:00+00:00
1216,,IN,ios,2024-12-31T00:00:00+00:00
1217,,AU,android,2024-12-31T00:00:00+00:00
1218,,US,ios,2024-12-31T00:00:00+00:00
1219,,IN,android,2024-12-31T00:00:00+00:00
1220,,GB,android,2024-12-31T00:00:00+00:00
1221,2025-01-05,IN,android,2024-12-31T00:00:00+00:00
1222,,IN,android,2024-12-31T00:00:00+00:00
1223,,US,android,2024-12-31T00:00:00+00:00
1224,2025-03-17,US,android,2024-12-31T00:00:00+00:00
1225,,US,ios,2024-12-31T00:00:00+00:00
1226,,US,android,2024-12-31T00:00:00+00:00
1227,,IN,android,2024-12-31T00:00:00+00:00
1228,,GB,android,2024-12-31T00:00:00+00:00
1229,,IN,android,2024-12-31T00:00:00+00:00
1230,,IN,android,2024-12-31T00:00:00+00:00
1231,2025-01-22,IN,android,2024-12-31T00:00:00+00:00
1232,,US,ios,2024-12-31T00:00:00+00:00
1233,,IN,android,2024-12-31T00:00:00+00:00
1234,,GB,android,2024-12-31T00:00:00+00:00
1235,2025-03-13,GB,android,2024-12-31T00:00:00+00:00
1236,,IN,android,2024-12-31T00:00:00+00:00
1237,2025-03-20,IN,android,2024-12-31T00:00:00+00:00
1238,,US,ios,2024-12-31T00:00:00+00:00
1239,2025-03-27,IN,android,2024-12-31T00:00:00+00:00
1240,,GB,android,2024-12-31T00:00:00+00:00
1241,,US,android,2024-12-31T00:00:00+00:00
1242,,US,ios,2024-12-31T00:00:00+00:00
1243,,CA,android,2024-12-31T00:00:00+00:00
1244,,IN,android,2024-12-31T00:00:00+00:00
1245,2025-03-28,AU,ios,2024-12-31T00:00:00+00:00
1246,,IN,android,2024-12-31T00:00:00+00:00
1247,,IN,ios,2024-12-31T00:00:00+00:00
1248,,IN,android,2024-12-31T00:00:00+00:00
1249,,IN,android,2024-12-31T00:00:00+00:00
1250,,US,android,2024-12-31T00:00:00+00:00
1251,,IN,android,2024-12-31T00:00:00+00:00
1252,,US,android,2024-12-31T00:00:00+00:00
1253,2025-03-26,GB,android,2024-12-31T00:00:00+00:00
1254,,CA,android,2024-12-31T00:00:00+00:00
1255,,IN,ios,2024-12-31T00:00:00+00:00
1256,,GB,ios,2024-12-31T00:00:00+00:00
1257,,IN,ios,2024-12-31T00:00:00+00:00
1258,,IN,android,2024-12-31T00:00:00+00:00
1259,2025-02-15,IN,android,2024-12-31T00:00:00+00:00
1260,,IN,android,2024-12-31T00:00:00+00:00
1261,,US,android,2024-12-31T00:00:00+00:00
1262,2025-02-02,GB,android,2024-12-31T00:00:00+00:00
1263,,US,ios,2024-12-31T00:00:00+00:00
1264,,US,ios,2024-12-31T00:00:00+00:00
1265,,CA,android,2024-12-31T00:00:00+00:00
1266,,IN,ios,2024-12-31T00:00:00+00:00
1267,2025-01-25,GB,android,2024-12-31T00:00:00+00:00
1268,2025-01-19,CA,android,2024-12-31T00:00:00+00:00
1269,,US,android,2024-12-31T00:00:00+00:00
1270,,US,ios,2024-12-31T00:00:00+00:00
1271,,GB,android,2024-12-31T00:00:00+00:00
1272,,US,android,2024-12-31T00:00:00+00:00
1273,,GB,android,2024-12-31T00:00:00+00:00
1274,,IN,android,2024-12-31T00:00:00+00:00
1275,,IN,android,2024-12-31T00:00:00+00:00
1276,2025-02-17,IN,ios,2024-12-31T00:00:00+00:00
1277,,CA,ios,2024-12-31T00:00:00+00:00
1278,,IN,android,2024-12-31T00:00:00+00:00
1279,,IN,android,2024-12-31T00:00:00+00:00
1280,2025-01-17,GB,android,2024-12-31T00:00:00+00:00
1281,,IN,android,2024-12-31T00:00:00+00:00
1282,2025-01-25,IN,ios,2024-12-31T00:00:00+00:00
1283,,IN,android,2024-12-31T00:00:00+00:00
1284,,CA,android,2024-12-31T00:00:00+00:00
1285,2025-03-23,US,ios,2024-12-31T00:00:00+00:00
1286,,GB,ios,2024-12-31T00:00:00+00:00
1287,,IN,ios,2024-12-31T00:00:00+00:00
1288,2025-02-25,GB,ios,2024-12-31T00:00:00+00:00
1289,,IN,android,2024-12-31T00:00:00+00:00
1290,2025-02-10,IN,android,2024-12-31T00:00:00+00:00
1291,,CA,android,2024-12-31T00:00:00+00:00
1292,,IN,android,2024-12-31T00:00:00+00:00
1293,,GB,ios,2024-12-31T00:00:00+00:00
1294,2025-02-05,US,android,2024-12-31T00:00:00+00:00
1295,2025-01-26,GB,android,2024-12-31T00:00:00+00:00
1296,,IN,android,2024-12-31T00:00:00+00:00
1297,,IN,android,2024-12-31T00:00:00+00:00
1298,,AU,android,2024-12-31T00:00:00+00:00
1299,,IN,android,2024-12-31T00:00:00+00:00
1300,,GB,ios,2024-12-31T00:00:00+00:00
1301,,AU,android,2024-12-31T00:00:00+00:00
1302,,IN,android,2024-12-31T00:00:00+00:00
1303,,IN,android,2024-12-31T00:00:00+00:00
1304,,US,ios,2024-12-31T00:00:00+00:00
1305,2025-03-02,US,android,2024-12-31T00:00:00+00:00
1306,2025-01-21,IN,ios,2024-12-31T00:00:00+00:00
1307,,GB,android,2024-12-31T00:00:00+00:00
1308,,AU,android,2024-12-31T00:00:00+00:00
1309,2025-02-16,IN,ios,2024-12-31T00:00:00+00:00
1310,,US,ios,2024-12-31T00:00:00+00:00
1311,2025-01-20,GB,ios,2024-12-31T00:00:00+00:00
1312,,GB,android,2024-12-31T00:00:00+00:00
1313,,IN,android,2024-12-31T00:00:00+00:00
1314,,IN,android,2024-12-31T00:00:00+00:00
1315,,US,android,2024-12-31T00:00:00+00:00
1316,,US,android,2024-12-31T00:00:00+00:00
1317,2025-02-11,IN,ios,2024-12-31T00:00:00+00:00
1318,,IN,android,2024-12-31T00:00:00+00:00
1319,,IN,android,2024-12-31T00:00:00+00:00
1320,,GB,android,2024-12-31T00:00:00+00:00
1321,,IN,android,2024-12-31T00:00:00+00:00
1322,2025-01-24,IN,ios,2024-12-31T00:00:00+00:00
1323,,GB,android,2024-12-31T00:00:00+00:00
1324,,IN,android,2024-12-31T00:00:00+00:00
1325,,IN,android,2024-12-31T00:00:00+00:00
1326,,US,android,2024-12-31T00:00:00+00:00
1327,,US,ios,2024-12-31T00:00:00+00:00
1328,,GB,android,2024-12-31T00:00:00+00:00
1329,,US,android,2024-12-31T00:00:00+00:00
1330,,US,android,2024-12-31T00:00:00+00:00
1331,,GB,android,2024-12-31T00:00:00+00:00
1332,,GB,android,2024-12-31T00:00:00+00:00
1333,,US,android,2024-12-31T00:00:00+00:00
1334,,IN,ios,2024-12-31T00:00:00+00:00
1335,,US,android,2024-12-31T00:00:00+00:00
1336,,US,ios,2024-12-31T00:00:00+00:00
1337,2025-03-21,US,android,2024-12-31T00:00:00+00:00
1338,,CA,android,2024-12-31T00:00:00+00:00
1339,2025-03-18,IN,android,2024-12-31T00:00:00+00:00
1340,,US,android,2024-12-31T00:00:00+00:00
1341,,IN,android,2024-12-31T00:00:00+00:00
1342,,GB,ios,2024-12-31T00:00:00+00:00
1343,,US,android,2024-12-31T00:00:00+00:00
1344,,US,android,2024-12-31T00:00:00+00:00
1345,2025-02-25,US,ios,2024-12-31T00:00:00+00:00
1346,,IN,ios,2024-12-31T00:00:00+00:00
1347,2025-02-22,IN,android,2024-12-31T00:00:00+00:00
1348,,AU,ios,2024-12-31T00:00:00+00:00
1349,2025-03-19,IN,android,2024-12-31T00:00:00+00:00
1350,,GB,ios,2024-12-31T00:00:00+00:00
1351,,AU,ios,2024-12-31T00:00:00+00:00
1352,,US,android,2024-12-31T00:00:00+00:00
1353,2025-01-18,GB,ios,2024-12-31T00:00:00+00:00
1354,,IN,android,2024-12-31T00:00:00+00:00
1355,2025-03-24,IN,android,2024-12-31T00:00:00+00:00
1356,,IN,android,2024-12-31T00:00:00+00:00
1357,2025-01-17,IN,android,2024-12-31T00:00:00+00:00
1358,,IN,android,2024-12-31T00:00:00+00:00
1359,2025-02-22,GB,android,2024-12-31T00:00:00+00:00
1360,,GB,android,2024-12-31T00:00:00+00:00
1361,,AU,android,2024-12-31T00:00:00+00:00
1362,,CA,android,2024-12-31T00:00:00+00:00
1363,,IN,ios,2024-12-31T00:00:00+00:00
1364,2025-03-25,CA,android,2024-12-31T00:00:00+00:00
1365,,GB,android,2024-12-31T00:00:00+00:00
1366,2025-02-04,US,android,2024-12-31T00:00:00+00:00
1367,,CA,android,2024-12-31T00:00:00+00:00
1368,2025-03-04,US,android,2024-12-31T00:00:00+00:00
1369,,US,ios,2024-12-31T00:00:00+00:00
1370,,US,android,2024-12-31T00:00:00+00:00
1371,2025-03-20,IN,android,2024-12-31T00:00:00+00:00
1372,,IN,ios,2024-12-31T00:00:00+00:00
1373,,US,ios,2024-12-31T00:00:00+00:00
1374,,GB,android,2024-12-31T00:00:00+00:00
1375,,US,ios,2024-12-31T00:00:00+00:00
1376,,US,ios,2024-12-31T00:00:00+00:00
1377,,GB,android,2024-12-31T00:00:00+00:00
1378,2025-01-18,IN,android,2024-12-31T00:00:00+00:00
1379,,US,android,2024-12-31T00:00:00+00:00
1380,,AU,android,2024-12-31T00:00:00+00:00
1381,,US,android,2024-12-31T00:00:00+00:00
1382,,CA,android,2024-12-31T00:00:00+00:00
1383,2025-02-01,AU,android,2024-12-31T00:00:00+00:00
1384,2025-01-23,IN,android,2024-12-31T00:00:00+00:00
1385,,IN,android,2024-12-31T00:00:00+00:00
1386,,IN,android,2024-12-31T00:00:00+00:00
1387,,IN,ios,2024-12-31T00:00:00+00:00
1388,2025-01-06,CA,android,2024-12-31T00:00:00+00:00
1389,2025-03-07,GB,android,2024-12-31T00:00:00+00:00
1390,,US,android,2024-12-31T00:00:00+00:00
1391,2025-03-03,IN,android,2024-12-31T00:00:00+00:00
1392,,IN,android,2024-12-31T00:00:00+00:00
1393,,CA,ios,2024-12-31T00:00:00+00:00
1394,,US,android,2024-12-31T00:00:00+00:00
1395,,US,ios,2024-12-31T00:00:00+00:00
1396,,US,android,2024-12-31T00:00:00+00:00
1397,,IN,android,2024-12-31T00:00:00+00:00
1398,,US,android,2024-12-31T00:00:00+00:00
1399,,IN,android,2024-12-31T00:00:00+00:00
1400,,IN,ios,2024-12-31T00:00:00+00:00
1401,,IN,android,2024-12-31T00:00:00+00:00
1402,,US,android,2024-12-31T00:00:00+00:00
1403,,IN,android,2024-12-31T00:00:00+00:00
1404,,IN,android,2024-12-31T00:00:00+00:00
1405,2025-03-15,GB,android,2024-12-31T00:00:00+00:00
1406,,US,android,2024-12-31T00:00:00+00:00
1407,,IN,ios,2024-12-31T00:00:00+00:00
1408,,US,android,2024-12-31T00:00:00+00:00
1409,,IN,ios,2024-12-31T00:00:00+00:00
1410,,US,android,2024-12-31T00:00:00+00:00
1411,,AU,android,2024-12-31T00:00:00+00:00
1412,,IN,android,2024-12-31T00:00:00+00:00
1413,,US,android,2024-12-31T00:00:00+00:00
1414,,IN,android,2024-12-31T00:00:00+00:00
1415,,AU,ios,2024-12-31T00:00:00+00:00
1416,,CA,ios,2024-12-31T00:00:00+00:00
1417,,IN,android,2024-12-31T00:00:00+00:00
1418,2025-02-11,IN,ios,2024-12-31T00:00:00+00:00
1419,,US,ios,2024-12-31T00:00:00+00:00
1420,,GB,android,2024-12-31T00:00:00+00:00
1421,,IN,ios,2024-12-31T00:00:00+00:00
1422,,AU,android,2024-12-31T00:00:00+00:00
1423,,IN,android,2024-12-31T00:00:00+00:00
1424,,GB,android,2024-12-31T00:00:00+00:00
1425,,US,ios,2024-12-31T00:00:00+00:00
1426,,IN,android,2024-12-31T00:00:00+00:00
1427,,AU,android,2024-12-31T00:00:00+00:00
1428,,IN,android,2024-12-31T00:00:00+00:00
1429,2025-03-30,US,android,2024-12-31T00:00:00+00:00
1430,,CA,ios,2024-12-31T00:00:00+00:00
1431,,AU,android,2024-12-31T00:00:00+00:00
1432,,CA,android,2024-12-31T00:00:00+00:00
1433,,CA,android,2024-12-31T00:00:00+00:00
1434,,US,android,2024-12-31T00:00:00+00:00
1435,,IN,ios,2024-12-31T00:00:00+00:00
1436,,IN,android,2024-12-31T00:00:00+00:00
1437,,AU,android,2024-12-31T00:00:00+00:00
1438,,IN,android,2024-12-31T00:00:00+00:00
1439,,US,android,2024-12-31T00:00:00+00:00
1440,,IN,android,2024-12-31T00:00:00+00:00
1441,,AU,ios,2024-12-31T00:00:00+00:00
1442,2025-03-12,US,android,2024-12-31T00:00:00+00:00
1443,,GB,android,2024-12-31T00:00:00+00:00
1444,,US,android,2024-12-31T00:00:00+00:00
1445,,GB,android,2024-12-31T00:00:00+00:00
1446,,GB,android,2024-12-31T00:00:00+00:00
1447,,CA,android,2024-12-31T00:00:00+00:00
1448,2025-02-19,US,android,2024-12-31T00:00:00+00:00
1449,,GB,android,2024-12-31T00:00:00+00:00
1450,,US,android,2024-12-31T00:00:00+00:00
1451,,IN,android,2024-12-31T00:00:00+00:00
1452,,IN,ios,2024-12-31T00:00:00+00:00
1453,,GB,android,2024-12-31T00:00:00+00:00
1454,,AU,android,2024-12-31T00:00:00+00:00
1455,,US,ios,2024-12-31T00:00:00+00:00
1456,,AU,android,2024-12-31T00:00:00+00:00
1457,2025-01-23,US,ios,2024-12-31T00:00:00+00:00
1458,,US,android,2024-12-31T00:00:00+00:00
1459,,US,ios,2024-12-31T00:00:00+00:00
1460,,US,android,2024-12-31T00:00:00+00:00
1461,,GB,ios,2024-12-31T00:00:00+00:00
1462,,GB,android,2024-12-31T00:00:00+00:00
1463,,IN,android,2024-12-31T00:00:00+00:00
1464,2025-02-03,IN,android,2024-12-31T00:00:00+00:00
1465,,GB,android,2024-12-31T00:00:00+00:00
1466,,IN,android,2024-12-31T00:00:00+00:00
1467,,IN,ios,2024-12-31T00:00:00+00:00
1468,,US,android,2024-12-31T00:00:00+00:00
1469,2025-02-20,AU,ios,2024-12-31T00:00:00+00:00
1470,,IN,ios,2024-12-31T00:00:00+00:00
1471,,US,android,2024-12-31T00:00:00+00:00
1472,,GB,android,2024-12-31T00:00:00+00:00
1473,,IN,android,2024-12-31T00:00:00+00:00
1474,,AU,ios,2024-12-31T00:00:00+00:00
1475,,IN,android,2024-12-31T00:00:00+00:00
1476,2025-03-28,US,android,2024-12-31T00:00:00+00:00
1477,,US,android,2024-12-31T00:00:00+00:00
1478,2025-03-19,IN,android,2024-12-31T00:00:00+00:00
1479,,IN,android,2024-12-31T00:00:00+00:00
1480,2025-01-28,IN,android,2024-12-31T00:00:00+00:00
1481,2025-02-26,IN,android,2024-12-31T00:00:00+00:00
1482,,IN,ios,2024-12-31T00:00:00+00:00
1483,,IN,android,2024-12-31T00:00:00+00:00
1484,2025-01-18,GB,android,2024-12-31T00:00:00+00:00
1485,,IN,android,2024-12-31T00:00:00+00:00
1486,,US,android,2024-12-31T00:00:00+00:00
1487,2025-03-22,AU,ios,2024-12-31T00:00:00+00:00
1488,,GB,android,2024-12-31T00:00:00+00:00
1489,,GB,android,2024-12-31T00:00:00+00:00
1490,2025-03-19,CA,android,2024-12-31T00:00:00+00:00
1491,2025-03-17,US,android,2024-12-31T00:00:00+00:00
1492,,IN,android,2024-12-31T00:00:00+00:00
1493,,CA,android,2024-12-31T00:00:00+00:00
1494,,AU,android,2024-12-31T00:00:00+00:00
1495,2025-03-28,IN,android,2024-12-31T00:00:00+00:00
1496,,IN,android,2024-12-31T00:00:00+00:00
1497,,AU,ios,2024-12-31T00:00:00+00:00
1498,,US,android,2024-12-31T00:00:00+00:00
1499,,US,android,2024-12-31T00:00:00+00:00
1500,,US,android,2024-12-31T00:00:00+00:00
1501,,IN,android,2024-12-31T00:00:00+00:00
1502,,CA,android,2024-12-31T00:00:00+00:00
1503,,IN,android,2024-12-31T00:00:00+00:00
1504,,IN,ios,2024-12-31T00:00:00+00:00
1505,,IN,ios,2024-12-31T00:00:00+00:00
1506,,IN,ios,2024-12-31T00:00:00+00:00
1507,,US,android,2024-12-31T00:00:00+00:00
1508,,AU,android,2024-12-31T00:00:00+00:00
1509,2025-03-27,US,ios,2024-12-31T00:00:00+00:00
1510,,IN,android,2024-12-31T00:00:00+00:00
1511,,IN,ios,2024-12-31T00:00:00+00:00
1512,2025-03-26,CA,ios,2024-12-31T00:00:00+00:00
1513,,US,android,2024-12-31T00:00:00+00:00
1514,,IN,android,2024-12-31T00:00:00+00:00
1515,2025-02-13,CA,android,2024-12-31T00:00:00+00:00
1516,,GB,android,2024-12-31T00:00:00+00:00
1517,,IN,android,2024-12-31T00:00:00+00:00
1518,2025-02-17,IN,ios,2024-12-31T00:00:00+00:00
1519,,IN,ios,2024-12-31T00:00:00+00:00
1520,,US,android,2024-12-31T00:00:00+00:00
1521,2025-03-12,IN,ios,2024-12-31T00:00:00+00:00
1522,2025-03-25,US,android,2024-12-31T00:00:00+00:00
1523,2025-01-28,IN,ios,2024-12-31T00:00:00+00:00
1524,,IN,ios,2024-12-31T00:00:00+00:00
1525,,GB,ios,2024-12-31T00:00:00+00:00
1526,2025-03-23,IN,android,2024-12-31T00:00:00+00:00
1527,,GB,ios,2024-12-31T00:00:00+00:00
1528,,IN,ios,2024-12-31T00:00:00+00:00
1529,2025-02-09,IN,ios,2024-12-31T00:00:00+00:00
1530,,IN,android,2024-12-31T00:00:00+00:00
1531,2025-03-26,US,ios,2024-12-31T00:00:00+00:00
1532,,IN,android,2024-12-31T00:00:00+00:00
1533,,IN,android,2024-12-31T00:00:00+00:00
1534,,IN,android,2024-12-31T00:00:00+00:00
1535,,US,ios,2024-12-31T00:00:00+00:00
1536,,IN,ios,2024-12-31T00:00:00+00:00
1537,,US,ios,2024-12-31T00:00:00+00:00
1538,,AU,android,2024-12-31T00:00:00+00:00
1539,,IN,android,2024-12-31T00:00:00+00:00
1540,2025-03-22,IN,android,2024-12-31T00:00:00+00:00
1541,,GB,android,2024-12-31T00:00:00+00:00
1542,2025-01-11,IN,android,2024-12-31T00:00:00+00:00
1543,,AU,android,2024-12-31T00:00:00+00:00
1544,,US,ios,2024-12-31T00:00:00+00:00
1545,,GB,android,2024-12-31T00:00:00+00:00
1546,,US,ios,2024-12-31T00:00:00+00:00
1547,2025-03-13,US,android,2024-12-31T00:00:00+00:00
1548,,IN,android,2024-12-31T00:00:00+00:00
1549,,AU,android,2024-12-31T00:00:00+00:00
1550,,IN,android,2024-12-31T00:00:00+00:00
1551,,IN,android,2024-12-31T00:00:00+00:00
1552,2025-02-02,AU,android,2024-12-31T00:00:00+00:00
1553,2025-03-29,IN,android,2024-12-31T00:00:00+00:00
1554,,GB,ios,2024-12-31T00:00:00+00:00
1555,,IN,android,2024-12-31T00:00:00+00:00
1556,2025-02-15,GB,android,2024-12-31T00:00:00+00:00
1557,,US,android,2024-12-31T00:00:00+00:00
1558,,IN,android,2024-12-31T00:00:00+00:00
1559,,US,ios,2024-12-31T00:00:00+00:00
1560,2025-02-17,US,android,2024-12-31T00:00:00+00:00
1561,,IN,android,2024-12-31T00:00:00+00:00
1562,,US,android,2024-12-31T00:00:00+00:00
1563,,CA,ios,2024-12-31T00:00:00+00:00
1564,,US,android,2024-12-31T00:00:00+00:00
1565,,US,ios,2024-12-31T00:00:00+00:00
1566,,AU,ios,2024-12-31T00:00:00+00:00
1567,,IN,android,2024-12-31T00:00:00+00:00
1568,2025-01-22,IN,android,2024-12-31T00:00:00+00:00
1569,2025-03-16,US,android,2024-12-31T00:00:00+00:00
1570,,IN,android,2024-12-31T00:00:00+00:00
1571,,GB,ios,2024-12-31T00:00:00+00:00
1572,2025-02-25,GB,android,2024-12-31T00:00:00+00:00
1573,,US,ios,2024-12-31T00:00:00+00:00
1574,,IN,android,2024-12-31T00:00:00+00:00
1575,,IN,android,2024-12-31T00:00:00+00:00
1576,,IN,ios,2024-12-31T00:00:00+00:00
1577,,IN,android,2024-12-31T00:00:00+00:00
1578,,US,android,2024-12-31T00:00:00+00:00
1579,,US,ios,2024-12-31T00:00:00+00:00
1580,,IN,android,2024-12-31T00:00:00+00:00
1581,2025-03-21,GB,android,2024-12-31T00:00:00+00:00
1582,,AU,ios,2024-12-31T00:00:00+00:00
1583,,IN,android,2024-12-31T00:00:00+00:00
1584,,GB,ios,2024-12-31T00:00:00+00:00
1585,,IN,android,2024-12-31T00:00:00+00:00
1586,,US,ios,2024-12-31T00:00:00+00:00
1587,,AU,ios,2024-12-31T00:00:00+00:00
1588,,CA,ios,2024-12-31T00:00:00+00:00
1589,,US,android,2024-12-31T00:00:00+00:00
1590,,AU,ios,2024-12-31T00:00:00+00:00
1591,,GB,ios,2024-12-31T00:00:00+00:00
1592,2025-03-30,IN,android,2024-12-31T00:00:00+00:00
1593,2025-01-16,AU,android,2024-12-31T00:00:00+00:00
1594,,IN,android,2024-12-31T00:00:00+00:00
1595,,IN,ios,2024-12-31T00:00:00+00:00
1596,,US,ios,2024-12-31T00:00:00+00:00
1597,,US,android,2024-12-31T00:00:00+00:00
1598,,AU,ios,2024-12-31T00:00:00+00:00
1599,,CA,ios,2024-12-31T00:00:00+00:00
1600,2025-03-22,AU,android,2024-12-31T00:00:00+00:00
1601,,IN,android,2024-12-31T00:00:00+00:00
1602,2025-03-29,US,android,2024-12-31T00:00:00+00:00
1603,,IN,android,2024-12-31T00:00:00+00:00
1604,,GB,ios,2024-12-31T00:00:00+00:00
1605,,US,android,2024-12-31T00:00:00+00:00
1606,,IN,ios,2024-12-31T00:00:00+00:00
1607,2025-03-25,IN,android,2024-12-31T00:00:00+00:00
1608,,US,android,2024-12-31T00:00:00+00:00
1609,,US,ios,2024-12-31T00:00:00+00:00
1610,,IN,ios,2024-12-31T00:00:00+00:00
1611,,GB,android,2024-12-31T00:00:00+00:00
1612,,GB,android,2024-12-31T00:00:00+00:00
1613,,IN,android,2024-12-31T00:00:00+00:00
1614,,IN,ios,2024-12-31T00:00:00+00:00
1615,,IN,android,2024-12-31T00:00:00+00:00
1616,,US,android,2024-12-31T00:00:00+00:00
1617,,CA,android,2024-12-31T00:00:00+00:00
1618,2025-03-23,IN,ios,2024-12-31T00:00:00+00:00
1619,2025-01-29,IN,ios,2024-12-31T00:00:00+00:00
1620,,IN,android,2024-12-31T00:00:00+00:00
1621,,US,ios,2024-12-31T00:00:00+00:00
1622,,IN,android,2024-12-31T00:00:00+00:00
1623,,GB,ios,2024-12-31T00:00:00+00:00
1624,,CA,android,2024-12-31T00:00:00+00:00
1625,,IN,android,2024-12-31T00:00:00+00:00
1626,2025-01-27,IN,android,2024-12-31T00:00:00+00:00
1627,,GB,android,2024-12-31T00:00:00+00:00
1628,2025-03-04,US,android,2024-12-31T00:00:00+00:00
1629,,IN,ios,2024-12-31T00:00:00+00:00
1630,2025-03-28,US,android,2024-12-31T00:00:00+00:00
1631,,AU,ios,2024-12-31T00:00:00+00:00
1632,,US,ios,2024-12-31T00:00:00+00:00
1633,,US,android,2024-12-31T00:00:00+00:00
1634,,US,android,2024-12-31T00:00:00+00:00
1635,,IN,android,2024-12-31T00:00:00+00:00
1636,,IN,android,2024-12-31T00:00:00+00:00
1637,,US,android,2024-12-31T00:00:00+00:00
1638,2025-03-13,IN,android,2024-12-31T00:00:00+00:00
1639,,US,android,2024-12-31T00:00:00+00:00
1640,,IN,android,2024-12-31T00:00:00+00:00
1641,,US,ios,2024-12-31T00:00:00+00:00
1642,,US,android,2024-12-31T00:00:00+00:00
1643,2025-03-21,GB,android,2024-12-31T00:00:00+00:00
1644,,GB,android,2024-12-31T00:00:00+00:00
1645,,IN,android,2024-12-31T00:00:00+00:00
1646,,IN,android,2024-12-31T00:00:00+00:00
1647,,CA,android,2024-12-31T00:00:00+00:00
1648,,IN,android,2024-12-31T00:00:00+00:00
1649,,US,ios,2024-12-31T00:00:00+00:00
1650,,CA,android,2024-12-31T00:00:00+00:00
1651,,IN,ios,2024-12-31T00:00:00+00:00
1652,,US,ios,2024-12-31T00:00:00+00:00
1653,2025-02-21,IN,android,2024-12-31T00:00:00+00:00
1654,,US,android,2024-12-31T00:00:00+00:00
1655,,US,android,2024-12-31T00:00:00+00:00
1656,,GB,android,2024-12-31T00:00:00+00:00
1657,,IN,ios,2024-12-31T00:00:00+00:00
1658,,US,android,2024-12-31T00:00:00+00:00
1659,,IN,android,2024-12-31T00:00:00+00:00
1660,,US,ios,2024-12-31T00:00:00+00:00
1661,,US,android,2024-12-31T00:00:00+00:00
1662,,GB,ios,2024-12-31T00:00:00+00:00
1663,,US,android,2024-12-31T00:00:00+00:00
1664,2025-02-17,CA,android,2024-12-31T00:00:00+00:00
1665,2025-02-10,IN,android,2024-12-31T00:00:00+00:00
1666,,GB,ios,2024-12-31T00:00:00+00:00
1667,2025-03-27,IN,android,2024-12-31T00:00:00+00:00
1668,,CA,ios,2024-12-31T00:00:00+00:00
1669,,AU,ios,2024-12-31T00:00:00+00:00
1670,,US,android,2024-12-31T00:00:00+00:00
1671,2025-02-07,IN,android,2024-12-31T00:00:00+00:00
1672,,US,android,2024-12-31T00:00:00+00:00
1673,2025-01-27,IN,android,2024-12-31T00:00:00+00:00
1674,2025-02-10,US,android,2024-12-31T00:00:00+00:00
1675,,IN,ios,2024-12-31T00:00:00+00:00
1676,,IN,android,2024-12-31T00:00:00+00:00
1677,,CA,android,2024-12-31T00:00:00+00:00
1678,2025-02-02,IN,android,2024-12-31T00:00:00+00:00
1679,,GB,ios,2024-12-31T00:00:00+00:00
1680,,IN,ios,2024-12-31T00:00:00+00:00
1681,,US,ios,2024-12-31T00:00:00+00:00
1682,,IN,android,2024-12-31T00:00:00+00:00
1683,,US,ios,2024-12-31T00:00:00+00:00
1684,,IN,android,2024-12-31T00:00:00+00:00
1685,,US,android,2024-12-31T00:00:00+00:00
1686,,US,android,2024-12-31T00:00:00+00:00
1687,,IN,android,2024-12-31T00:00:00+00:00
1688,2025-01-12,IN,android,2024-12-31T00:00:00+00:00
1689,,IN,android,2024-12-31T00:00:00+00:00
1690,,IN,android,2024-12-31T00:00:00+00:00
1691,2025-01-15,IN,android,2024-12-31T00:00:00+00:00
1692,,IN,android,2024-12-31T00:00:00+00:00
1693,,IN,android,2024-12-31T00:00:00+00:00
1694,2025-02-18,IN,android,2024-12-31T00:00:00+00:00
1695,,GB,android,2024-12-31T00:00:00+00:00
1696,,US,android,2024-12-31T00:00:00+00:00
1697,,IN,android,2024-12-31T00:00:00+00:00
1698,,AU,ios,2024-12-31T00:00:00+00:00
1699,,CA,android,2024-12-31T00:00:00+00:00
1700,,AU,android,2024-12-31T00:00:00+00:00
1701,,IN,ios,2024-12-31T00:00:00+00:00
1702,2025-03-29,IN,ios,2024-12-31T00:00:00+00:00
1703,,AU,android,2024-12-31T00:00:00+00:00
1704,2025-01-08,IN,ios,2024-12-31T00:00:00+00:00
1705,,US,android,2024-12-31T00:00:00+00:00
1706,,IN,ios,2024-12-31T00:00:00+00:00
1707,,IN,android,2024-12-31T00:00:00+00:00
1708,,US,ios,2024-12-31T00:00:00+00:00
1709,2025-03-01,IN,android,2024-12-31T00:00:00+00:00
1710,,IN,android,2024-12-31T00:00:00+00:00
1711,,CA,android,2024-12-31T00:00:00+00:00
1712,,US,android,2024-12-31T00:00:00+00:00
1713,,IN,android,2024-12-31T00:00:00+00:00
1714,2025-03-09,US,android,2024-12-31T00:00:00+00:00
1715,,IN,ios,2024-12-31T00:00:00+00:00
1716,,IN,ios,2024-12-31T00:00:00+00:00
1717,,US,ios,2024-12-31T00:00:00+00:00
1718,,US,ios,2024-12-31T00:00:00+00:00
1719,,IN,ios,2024-12-31T00:00:00+00:00
1720,,GB,android,2024-12-31T00:00:00+00:00
1721,,US,android,2024-12-31T00:00:00+00:00
1722,,IN,android,2024-12-31T00:00:00+00:00
1723,2025-02-19,IN,android,2024-12-31T00:00:00+00:00
1724,,IN,android,2024-12-31T00:00:00+00:00
1725,,IN,android,2024-12-31T00:00:00+00:00
1726,,AU,android,2024-12-31T00:00:00+00:00
1727,,IN,android,2024-12-31T00:00:00+00:00
1728,,IN,android,2024-12-31T00:00:00+00:00
1729,,IN,ios,2024-12-31T00:00:00+00:00
1730,,CA,android,2024-12-31T00:00:00+00:00
1731,,IN,android,2024-12-31T00:00:00+00:00
1732,,US,ios,2024-12-31T00:00:00+00:00
1733,2025-01-24,IN,ios,2024-12-31T00:00:00+00:00
1734,,IN,ios,2024-12-31T00:00:00+00:00
1735,2025-01-11,IN,android,2024-12-31T00:00:00+00:00
1736,2025-02-04,US,android,2024-12-31T00:00:00+00:00
1737,,US,ios,2024-12-31T00:00:00+00:00
1738,,GB,android,2024-12-31T00:00:00+00:00
1739,2025-01-24,GB,android,2024-12-31T00:00:00+00:00
1740,,AU,android,2024-12-31T00:00:00+00:00
1741,,US,ios,2024-12-31T00:00:00+00:00
1742,,IN,android,2024-12-31T00:00:00+00:00
1743,,GB,android,2024-12-31T00:00:00+00:00
1744,,GB,android,2024-12-31T00:00:00+00:00
1745,,IN,android,2024-12-31T00:00:00+00:00
1746,,IN,ios,2024-12-31T00:00:00+00:00
1747,,IN,ios,2024-12-31T00:00:00+00:00
1748,,IN,android,2024-12-31T00:00:00+00:00
1749,,US,android,2024-12-31T00:00:00+00:00
1750,,US,android,2024-12-31T00:00:00+00:00
1751,,IN,android,2024-12-31T00:00:00+00:00
1752,,US,android,2024-12-31T00:00:00+00:00
1753,2025-03-12,IN,android,2024-12-31T00:00:00+00:00
1754,,IN,android,2024-12-31T00:00:00+00:00
1755,,US,android,2024-12-31T00:00:00+00:00
1756,,US,ios,2024-12-31T00:00:00+00:00
1757,,IN,android,2024-12-31T00:00:00+00:00
1758,,GB,android,2024-12-31T00:00:00+00:00
1759,2025-01-13,US,android,2024-12-31T00:00:00+00:00
1760,,GB,android,2024-12-31T00:00:00+00:00
1761,,IN,android,2024-12-31T00:00:00+00:00
1762,,IN,android,2024-12-31T00:00:00+00:00
1763,,IN,ios,2024-12-31T00:00:00+00:00
1764,,IN,android,2024-12-31T00:00:00+00:00
1765,,IN,android,2024-12-31T00:00:00+00:00
1766,,AU,android,2024-12-31T00:00:00+00:00
1767,,GB,android,2024-12-31T00:00:00+00:00
1768,,IN,ios,2024-12-31T00:00:00+00:00
1769,,IN,android,2024-12-31T00:00:00+00:00
1770,,AU,android,2024-12-31T00:00:00+00:00
1771,,AU,android,2024-12-31T00:00:00+00:00
1772,2025-03-29,IN,android,2024-12-31T00:00:00+00:00
1773,2025-02-08,IN,ios,2024-12-31T00:00:00+00:00
1774,2025-03-18,US,ios,2024-12-31T00:00:00+00:00
1775,,GB,android,2024-12-31T00:00:00+00:00
1776,,US,android,2024-12-31T00:00:00+00:00
1777,,US,android,2024-12-31T00:00:00+00:00
1778,,IN,android,2024-12-31T00:00:00+00:00
1779,2025-02-05,AU,ios,2024-12-31T00:00:00+00:00
1780,,IN,ios,2024-12-31T00:00:00+00:00
1781,,GB,ios,2024-12-31T00:00:00+00:00
1782,,US,ios,2024-12-31T00:00:00+00:00
1783,,GB,android,2024-12-31T00:00:00+00:00
1784,,IN,android,2024-12-31T00:00:00+00:00
1785,2025-02-12,US,android,2024-12-31T00:00:00+00:00
1786,2025-03-03,IN,android,2024-12-31T00:00:00+00:00
1787,,IN,android,2024-12-31T00:00:00+00:00
1788,2025-02-15,IN,android,2024-12-31T00:00:00+00:00
1789,,US,android,2024-12-31T00:00:00+00:00
1790,,AU,android,2024-12-31T00:00:00+00:00
1791,,CA,ios,2024-12-31T00:00:00+00:00
1792,2025-03-20,IN,android,2024-12-31T00:00:00+00:00
1793,,CA,android,2024-12-31T00:00:00+00:00
1794,,IN,ios,2024-12-31T00:00:00+00:00
1795,,AU,android,2024-12-31T00:00:00+00:00
1796,,IN,android,2024-12-31T00:00:00+00:00
1797,2025-02-10,IN,ios,2024-12-31T00:00:00+00:00
1798,,IN,ios,2024-12-31T00:00:00+00:00
1799,,GB,android,2024-12-31T00:00:00+00:00
1800,2025-02-08,AU,ios,2024-12-31T00:00:00+00:00
1801,,IN,android,2024-12-31T00:00:00+00:00
1802,,US,android,2024-12-31T00:00:00+00:00
1803,2025-01-27,AU,android,2024-12-31T00:00:00+00:00
1804,,US,ios,2024-12-31T00:00:00+00:00
1805,2025-03-17,IN,android,2024-12-31T00:00:00+00:00
1806,,IN,android,2024-12-31T00:00:00+00:00
1807,,IN,android,2024-12-31T00:00:00+00:00
1808,,US,ios,2024-12-31T00:00:00+00:00
1809,,IN,android,2024-12-31T00:00:00+00:00
1810,,CA,android,2024-12-31T00:00:00+00:00
1811,,US,ios,2024-12-31T00:00:00+00:00
1812,,IN,android,2024-12-31T00:00:00+00:00
1813,,IN,ios,2024-12-31T00:00:00+00:00
1814,,GB,android,2024-12-31T00:00:00+00:00
1815,,US,android,2024-12-31T00:00:00+00:00
1816,,GB,ios,2024-12-31T00:00:00+00:00
1817,,AU,ios,2024-12-31T00:00:00+00:00
1818,2025-02-08,US,android,2024-12-31T00:00:00+00:00
1819,,AU,android,2024-12-31T00:00:00+00:00
1820,,IN,ios,2024-12-31T00:00:00+00:00
1821,,GB,android,2024-12-31T00:00:00+00:00
1822,2025-02-09,IN,android,2024-12-31T00:00:00+00:00
1823,,IN,android,2024-12-31T00:00:00+00:00
1824,,GB,android,2024-12-31T00:00:00+00:00
1825,2025-03-03,IN,android,2024-12-31T00:00:00+00:00
1826,,GB,ios,2024-12-31T00:00:00+00:00
1827,,IN,android,2024-12-31T00:00:00+00:00
1828,,IN,ios,2024-12-31T00:00:00+00:00
1829,,CA,android,2024-12-31T00:00:00+00:00
1830,,IN,android,2024-12-31T00:00:00+00:00
1831,2025-01-14,IN,android,2024-12-31T00:00:00+00:00
1832,,IN,android,2024-12-31T00:00:00+00:00
1833,,CA,android,2024-12-31T00:00:00+00:00
1834,,US,android,2024-12-31T00:00:00+00:00
1835,,US,android,2024-12-31T00:00:00+00:00
1836,2025-03-06,CA,android,2024-12-31T00:00:00+00:00
1837,,IN,android,2024-12-31T00:00:00+00:00
1838,,AU,android,2024-12-31T00:00:00+00:00
1839,2025-03-12,IN,ios,2024-12-31T00:00:00+00:00
1840,,AU,android,2024-12-31T00:00:00+00:00
1841,2025-03-29,GB,ios,2024-12-31T00:00:00+00:00
1842,,US,android,2024-12-31T00:00:00+00:00
1843,,IN,android,2024-12-31T00:00:00+00:00
1844,,IN,android,2024-12-31T00:00:00+00:00
1845,,US,ios,2024-12-31T00:00:00+00:00
1846,,IN,android,2024-12-31T00:00:00+00:00
1847,2025-03-23,IN,android,2024-12-31T00:00:00+00:00
1848,,US,ios,2024-12-31T00:00:00+00:00
1849,,CA,android,2024-12-31T00:00:00+00:00
1850,,IN,android,2024-12-31T00:00:00+00:00
1851,,US,android,2024-12-31T00:00:00+00:00
1852,,IN,android,2024-12-31T00:00:00+00:00
1853,,IN,android,2024-12-31T00:00:00+00:00
1854,,IN,android,2024-12-31T00:00:00+00:00
1855,,AU,ios,2024-12-31T00:00:00+00:00
1856,,IN,android,2024-12-31T00:00:00+00:00
1857,2025-02-23,IN,android,2024-12-31T00:00:00+00:00
1858,,IN,android,2024-12-31T00:00:00+00:00
1859,2025-01-24,US,android,2024-12-31T00:00:00+00:00
1860,2025-03-22,GB,ios,2024-12-31T00:00:00+00:00
1861,,IN,ios,2024-12-31T00:00:00+00:00
1862,,IN,ios,2024-12-31T00:00:00+00:00
1863,,IN,ios,2024-12-31T00:00:00+00:00
1864,,IN,android,2024-12-31T00:00:00+00:00
1865,,CA,android,2024-12-31T00:00:00+00:00
1866,,GB,ios,2024-12-31T00:00:00+00:00
1867,,US,android,2024-12-31T00:00:00+00:00
1868,,IN,ios,2024-12-31T00:00:00+00:00
1869,,GB,android,2024-12-31T00:00:00+00:00
1870,2025-03-27,US,android,2024-12-31T00:00:00+00:00
1871,,US,android,2024-12-31T00:00:00+00:00
1872,,GB,android,2024-12-31T00:00:00+00:00
1873,,GB,android,2024-12-31T00:00:00+00:00
1874,,AU,ios,2024-12-31T00:00:00+00:00
1875,,IN,android,2024-12-31T00:00:00+00:00
1876,,US,android,2024-12-31T00:00:00+00:00
1877,,IN,android,2024-12-31T00:00:00+00:00
1878,2025-01-28,US,android,2024-12-31T00:00:00+00:00
1879,,IN,android,2024-12-31T00:00:00+00:00
1880,2025-02-28,IN,android,2024-12-31T00:00:00+00:00
1881,,IN,android,2024-12-31T00:00:00+00:00
1882,,IN,android,2024-12-31T00:00:00+00:00
1883,,CA,android,2024-12-31T00:00:00+00:00
1884,,IN,android,2024-12-31T00:00:00+00:00
1885,,IN,ios,2024-12-31T00:00:00+00:00
1886,,GB,android,2024-12-31T00:00:00+00:00
1887,,IN,android,2024-12-31T00:00:00+00:00
1888,,CA,android,2024-12-31T00:00:00+00:00
1889,,IN,ios,2024-12-31T00:00:00+00:00
1890,,IN,android,2024-12-31T00:00:00+00:00
1891,,US,ios,2024-12-31T00:00:00+00:00
1892,,US,android,2024-12-31T00:00:00+00:00
1893,,GB,android,2024-12-31T00:00:00+00:00
1894,,IN,ios,2024-12-31T00:00:00+00:00
1895,,IN,android,2024-12-31T00:00:00+00:00
1896,,IN,android,2024-12-31T00:00:00+00:00
1897,,US,android,2024-12-31T00:00:00+00:00
1898,,CA,android,2024-12-31T00:00:00+00:00
1899,,US,android,2024-12-31T00:00:00+00:00
1900,,IN,ios,2024-12-31T00:00:00+00:00
1901,2025-03-09,CA,android,2024-12-31T00:00:00+00:00
1902,,CA,android,2024-12-31T00:00:00+00:00
1903,,US,ios,2024-12-31T00:00:00+00:00
1904,,US,ios,2024-12-31T00:00:00+00:00
1905,,US,android,2024-12-31T00:00:00+00:00
1906,,US,android,2024-12-31T00:00:00+00:00
1907,2025-02-11,IN,android,2024-12-31T00:00:00+00:00
1908,,IN,android,2024-12-31T00:00:00+00:00
1909,,IN,android,2024-12-31T00:00:00+00:00
1910,,IN,android,2024-12-31T00:00:00+00:00
1911,,IN,ios,2024-12-31T00:00:00+00:00
1912,2025-02-05,IN,android,2024-12-31T00:00:00+00:00
1913,,CA,ios,2024-12-31T00:00:00+00:00
1914,,US,android,2024-12-31T00:00:00+00:00
1915,,IN,android,2024-12-31T00:00:00+00:00
1916,,US,android,2024-12-31T00:00:00+00:00
1917,,IN,android,2024-12-31T00:00:00+00:00
1918,,US,android,2024-12-31T00:00:00+00:00
1919,,IN,ios,2024-12-31T00:00:00+00:00
1920,,GB,android,2024-12-31T00:00:00+00:00
1921,,CA,android,2024-12-31T00:00:00+00:00
1922,,US,ios,2024-12-31T00:00:00+00:00
1923,,IN,ios,2024-12-31T00:00:00+00:00
1924,,GB,android,2024-12-31T00:00:00+00:00
1925,,GB,android,2024-12-31T00:00:00+00:00
1926,,IN,ios,2024-12-31T00:00:00+00:00
1927,,IN,android,2024-12-31T00:00:00+00:00
1928,,IN,android,2024-12-31T00:00:00+00:00
1929,,IN,android,2024-12-31T00:00:00+00:00
1930,,CA,android,2024-12-31T00:00:00+00:00
1931,,IN,android,2024-12-31T00:00:00+00:00
1932,,IN,android,2024-12-31T00:00:00+00:00
1933,,GB,android,2024-12-31T00:00:00+00:00
1934,,AU,android,2024-12-31T00:00:00+00:00
1935,,US,ios,2024-12-31T00:00:00+00:00
1936,,US,android,2024-12-31T00:00:00+00:00
1937,2025-02-01,IN,ios,2024-12-31T00:00:00+00:00
1938,2025-02-08,IN,ios,2024-12-31T00:00:00+00:00
1939,,IN,ios,2024-12-31T00:00:00+00:00
1940,,US,android,2024-12-31T00:00:00+00:00
1941,,IN,ios,2024-12-31T00:00:00+00:00
1942,2025-02-09,IN,android,2024-12-31T00:00:00+00:00
1943,,GB,android,2024-12-31T00:00:00+00:00
1944,,IN,android,2024-12-31T00:00:00+00:00
1945,,IN,android,2024-12-31T00:00:00+00:00
1946,,AU,ios,2024-12-31T00:00:00+00:00
1947,,GB,android,2024-12-31T00:00:00+00:00
1948,,IN,ios,2024-12-31T00:00:00+00:00
1949,,US,android,2024-12-31T00:00:00+00:00
1950,,IN,ios,2024-12-31T00:00:00+00:00
1951,2025-03-13,US,android,2024-12-31T00:00:00+00:00
1952,,GB,ios,2024-12-31T00:00:00+00:00
1953,,IN,ios,2024-12-31T00:00:00+00:00
1954,2025-01-12,US,android,2024-12-31T00:00:00+00:00
1955,2025-02-04,US,ios,2024-12-31T00:00:00+00:00
1956,,US,android,2024-12-31T00:00:00+00:00
1957,2025-01-18,CA,android,2024-12-31T00:00:00+00:00
1958,2025-01-26,US,android,2024-12-31T00:00:00+00:00
1959,,CA,android,2024-12-31T00:00:00+00:00
1960,,AU,android,2024-12-31T00:00:00+00:00
1961,,US,android,2024-12-31T00:00:00+00:00
1962,,US,ios,2024-12-31T00:00:00+00:00
1963,,IN,android,2024-12-31T00:00:00+00:00
1964,,GB,android,2024-12-31T00:00:00+00:00
1965,,GB,android,2024-12-31T00:00:00+00:00
1966,2025-03-03,AU,android,2024-12-31T00:00:00+00:00
1967,,AU,android,2024-12-31T00:00:00+00:00
1968,,IN,android,2024-12-31T00:00:00+00:00
1969,,IN,android,2024-12-31T00:00:00+00:00
1970,2025-03-28,US,android,2024-12-31T00:00:00+00:00
1971,,IN,android,2024-12-31T00:00:00+00:00
1972,,IN,android,2024-12-31T00:00:00+00:00
1973,,IN,android,2024-12-31T00:00:00+00:00
1974,,IN,ios,2024-12-31T00:00:00+00:00
1975,,CA,android,2024-12-31T00:00:00+00:00
1976,,IN,android,2024-12-31T00:00:00+00:00
1977,2025-02-15,AU,android,2024-12-31T00:00:00+00:00
1978,,IN,ios,2024-12-31T00:00:00+00:00
1979,,CA,ios,2024-12-31T00:00:00+00:00
1980,,IN,android,2024-12-31T00:00:00+00:00
1981,,US,android,2024-12-31T00:00:00+00:00
1982,,IN,android,2024-12-31T00:00:00+00:00
1983,,IN,android,2024-12-31T00:00:00+00:00
1984,,US,android,2024-12-31T00:00:00+00:00
1985,,IN,android,2024-12-31T00:00:00+00:00
1986,,IN,android,2024-12-31T00:00:00+00:00
1987,,IN,android,2024-12-31T00:00:00+00:00
1988,,IN,ios,2024-12-31T00:00:00+00:00
1989,,CA,ios,2024-12-31T00:00:00+00:00
1990,,IN,ios,2024-12-31T00:00:00+00:00
1991,2025-02-21,GB,android,2024-12-31T00:00:00+00:00
1992,,US,android,2024-12-31T00:00:00+00:00
1993,,US,ios,2024-12-31T00:00:00+00:00
1994,2025-01-28,GB,ios,2024-12-31T00:00:00+00:00
1995,,IN,android,2024-12-31T00:00:00+00:00
1996,,GB,ios,2024-12-31T00:00:00+00:00
1997,,US,ios,2024-12-31T00:00:00+00:00
1998,2025-03-27,IN,android,2024-12-31T00:00:00+00:00
1999,,IN,android,2024-12-31T00:00:00+00:00
2000,2025-01-15,IN,android,2024-12-31T00:00:00+00:00
2001,,IN,android,2024-12-31T00:00:00+00:00
2002,,US,android,2024-12-31T00:00:00+00:00
2003,,CA,android,2024-12-31T00:00:00+00:00
2004,,AU,ios,2024-12-31T00:00:00+00:00
2005,,US,android,2024-12-31T00:00:00+00:00
2006,,IN,android,2024-12-31T00:00:00+00:00
2007,,GB,android,2024-12-31T00:00:00+00:00
2008,,IN,android,2024-12-31T00:00:00+00:00
2009,,CA,android,2024-12-31T00:00:00+00:00
2010,,IN,ios,2024-12-31T00:00:00+00:00
2011,,GB,android,2024-12-31T00:00:00+00:00
2012,,GB,ios,2024-12-31T00:00:00+00:00
2013,,IN,ios,2024-12-31T00:00:00+00:00
2014,,US,ios,2024-12-31T00:00:00+00:00
2015,,GB,ios,2024-12-31T00:00:00+00:00
2016,,US,android,2024-12-31T00:00:00+00:00
2017,,IN,ios,2024-12-31T00:00:00+00:00
2018,2025-02-12,US,android,2024-12-31T00:00:00+00:00
2019,,US,android,2024-12-31T00:00:00+00:00
2020,,IN,android,2024-12-31T00:00:00+00:00
2021,,GB,android,2024-12-31T00:00:00+00:00
2022,,GB,android,2024-12-31T00:00:00+00:00
2023,,AU,android,2024-12-31T00:00:00+00:00
2024,,IN,android,2024-12-31T00:00:00+00:00
2025,,GB,android,2024-12-31T00:00:00+00:00
2026,,AU,android,2024-12-31T00:00:00+00:00
2027,2025-03-29,IN,android,2024-12-31T00:00:00+00:00
2028,2025-02-28,IN,ios,2024-12-31T00:00:00+00:00
2029,2025-02-17,AU,android,2024-12-31T00:00:00+00:00
2030,,US,ios,2024-12-31T00:00:00+00:00
2031,,GB,ios,2024-12-31T00:00:00+00:00
2032,,US,android,2024-12-31T00:00:00+00:00
2033,,IN,ios,2024-12-31T00:00:00+00:00
2034,,IN,android,2024-12-31T00:00:00+00:00
2035,,IN,android,2024-12-31T00:00:00+00:00
2036,,GB,ios,2024-12-31T00:00:00+00:00
2037,,US,android,2024-12-31T00:00:00+00:00
2038,,IN,android,2024-12-31T00:00:00+00:00
2039,,AU,ios,2024-12-31T00:00:00+00:00
2040,,IN,ios,2024-12-31T00:00:00+00:00
2041,,AU,android,2024-12-31T00:00:00+00:00
2042,2025-03-23,IN,android,2024-12-31T00:00:00+00:00
2043,,IN,android,2024-12-31T00:00:00+00:00
2044,,US,android,2024-12-31T00:00:00+00:00
2045,,AU,ios,2024-12-31T00:00:00+00:00
2046,2025-03-22,IN,android,2024-12-31T00:00:00+00:00
2047,,GB,android,2024-12-31T00:00:00+00:00
2048,,IN,ios,2024-12-31T00:00:00+00:00
2049,,IN,android,2024-12-31T00:00:00+00:00
2050,,US,android,2024-12-31T00:00:00+00:00
2051,,US,android,2024-12-31T00:00:00+00:00
2052,,US,android,2024-12-31T00:00:00+00:00
2053,,US,android,2024-12-31T00:00:00+00:00
2054,2025-02-08,US,android,2024-12-31T00:00:00+00:00
2055,,US,android,2024-12-31T00:00:00+00:00
2056,,IN,android,2024-12-31T00:00:00+00:00
2057,,IN,android,2024-12-31T00:00:00+00:00
2058,,US,android,2024-12-31T00:00:00+00:00
2059,,GB,android,2024-12-31T00:00:00+00:00
2060,2025-03-26,IN,android,2024-12-31T00:00:00+00:00
2061,,IN,android,2024-12-31T00:00:00+00:00
2062,,CA,android,2024-12-31T00:00:00+00:00
2063,,IN,android,2024-12-31T00:00:00+00:00
2064,,AU,android,2024-12-31T00:00:00+00:00
2065,,AU,android,2024-12-31T00:00:00+00:00
2066,,CA,ios,2024-12-31T00:00:00+00:00
2067,,IN,android,2024-12-31T00:00:00+00:00
2068,,IN,android,2024-12-31T00:00:00+00:00
2069,,GB,ios,2024-12-31T00:00:00+00:00
2070,,IN,android,2024-12-31T00:00:00+00:00
2071,,IN,android,2024-12-31T00:00:00+00:00
2072,2025-03-16,GB,android,2024-12-31T00:00:00+00:00
2073,,CA,android,2024-12-31T00:00:00+00:00
2074,2025-03-02,US,android,2024-12-31T00:00:00+00:00
2075,2025-03-27,GB,ios,2024-12-31T00:00:00+00:00
2076,,IN,android,2024-12-31T00:00:00+00:00
2077,,US,android,2024-12-31T00:00:00+00:00
2078,2025-01-16,IN,android,2024-12-31T00:00:00+00:00
2079,,IN,android,2024-12-31T00:00:00+00:00
2080,2025-02-18,US,android,2024-12-31T00:00:00+00:00
2081,,IN,android,2024-12-31T00:00:00+00:00
2082,2025-03-13,IN,android,2024-12-31T00:00:00+00:00
2083,,IN,android,2024-12-31T00:00:00+00:00
2084,2025-03-28,GB,android,2024-12-31T00:00:00+00:00
2085,,GB,android,2024-12-31T00:00:00+00:00
2086,2025-03-21,IN,android,2024-12-31T00:00:00+00:00
2087,,AU,android,2024-12-31T00:00:00+00:00
2088,,CA,android,2024-12-31T00:00:00+00:00
2089,,IN,ios,2024-12-31T00:00:00+00:00
2090,,IN,android,2024-12-31T00:00:00+00:00
2091,,IN,ios,2024-12-31T00:00:00+00:00
2092,,IN,android,2024-12-31T00:00:00+00:00
2093,,CA,android,2024-12-31T00:00:00+00:00
2094,,GB,ios,2024-12-31T00:00:00+00:00
2095,2025-02-20,US,ios,2024-12-31T00:00:00+00:00
2096,2025-03-18,IN,android,2024-12-31T00:00:00+00:00
2097,,IN,android,2024-12-31T00:00:00+00:00
2098,2025-03-14,IN,android,2024-12-31T00:00:00+00:00
2099,,CA,android,2024-12-31T00:00:00+00:00
2100,,US,android,2024-12-31T00:00:00+00:00
2101,2025-03-14,US,android,2024-12-31T00:00:00+00:00
2102,,IN,android,2024-12-31T00:00:00+00:00
2103,,US,android,2024-12-31T00:00:00+00:00
2104,,US,android,2024-12-31T00:00:00+00:00
2105,,IN,ios,2024-12-31T00:00:00+00:00
2106,,IN,ios,2024-12-31T00:00:00+00:00
2107,2025-01-10,IN,android,2024-12-31T00:00:00+00:00
2108,,US,android,2024-12-31T00:00:00+00:00
2109,,IN,android,2024-12-31T00:00:00+00:00
2110,2025-03-07,GB,ios,2024-12-31T00:00:00+00:00
2111,,US,android,2024-12-31T00:00:00+00:00
2112,,CA,ios,2024-12-31T00:00:00+00:00
2113,,US,ios,2024-12-31T00:00:00+00:00
2114,,IN,android,2024-12-31T00:00:00+00:00
2115,2025-01-22,IN,android,2024-12-31T00:00:00+00:00
2116,,IN,android,2024-12-31T00:00:00+00:00
2117,,IN,android,2024-12-31T00:00:00+00:00
2118,2025-02-28,AU,android,2024-12-31T00:00:00+00:00
2119,,GB,android,2024-12-31T00:00:00+00:00
2120,,GB,android,2024-12-31T00:00:00+00:00
2121,,IN,android,2024-12-31T00:00:00+00:00
2122,,IN,ios,2024-12-31T00:00:00+00:00
2123,,GB,ios,2024-12-31T00:00:00+00:00
2124,2025-02-06,GB,android,2024-12-31T00:00:00+00:00
2125,,IN,ios,2024-12-31T00:00:00+00:00
2126,2025-02-24,IN,android,2024-12-31T00:00:00+00:00
2127,,IN,ios,2024-12-31T00:00:00+00:00
2128,,IN,android,2024-12-31T00:00:00+00:00
2129,2025-03-14,IN,ios,2024-12-31T00:00:00+00:00
2130,,US,android,2024-12-31T00:00:00+00:00
2131,2025-01-19,US,ios,2024-12-31T00:00:00+00:00
2132,,GB,ios,2024-12-31T00:00:00+00:00
2133,2025-02-02,IN,android,2024-12-31T00:00:00+00:00
2134,,IN,android,2024-12-31T00:00:00+00:00
2135,,IN,android,2024-12-31T00:00:00+00:00
2136,,IN,android,2024-12-31T00:00:00+00:00
2137,,IN,android,2024-12-31T00:00:00+00:00
2138,,IN,android,2024-12-31T00:00:00+00:00
2139,,IN,ios,2024-12-31T00:00:00+00:00
2140,,CA,android,2024-12-31T00:00:00+00:00
2141,,US,android,2024-12-31T00:00:00+00:00
2142,2025-02-22,IN,android,2024-12-31T00:00:00+00:00
2143,,IN,android,2024-12-31T00:00:00+00:00
2144,2025-01-16,IN,android,2024-12-31T00:00:00+00:00
2145,2025-03-17,US,android,2024-12-31T00:00:00+00:00
2146,,IN,android,2024-12-31T00:00:00+00:00
2147,2025-02-13,IN,ios,2024-12-31T00:00:00+00:00
2148,,GB,ios,2024-12-31T00:00:00+00:00
2149,,IN,android,2024-12-31T00:00:00+00:00
2150,,AU,android,2024-12-31T00:00:00+00:00
2151,,AU,android,2024-12-31T00:00:00+00:00
2152,,IN,android,2024-12-31T00:00:00+00:00
2153,,IN,android,2024-12-31T00:00:00+00:00
2154,,IN,android,2024-12-31T00:00:00+00:00
2155,,IN,android,2024-12-31T00:00:00+00:00
2156,,US,ios,2024-12-31T00:00:00+00:00
2157,,IN,android,2024-12-31T00:00:00+00:00
2158,2025-01-23,GB,ios,2024-12-31T00:00:00+00:00
2159,,IN,android,2024-12-31T00:00:00+00:00
2160,,IN,android,2024-12-31T00:00:00+00:00
2161,,US,ios,2024-12-31T00:00:00+00:00
2162,,IN,android,2024-12-31T00:00:00+00:00
2163,,IN,android,2024-12-31T00:00:00+00:00
2164,2025-02-26,IN,ios,2024-12-31T00:00:00+00:00
2165,,GB,android,2024-12-31T00:00:00+00:00
2166,,US,android,2024-12-31T00:00:00+00:00
2167,,US,android,2024-12-31T00:00:00+00:00
2168,,IN,android,2024-12-31T00:00:00+00:00
2169,,US,ios,2024-12-31T00:00:00+00:00
2170,,GB,ios,2024-12-31T00:00:00+00:00
2171,,US,android,2024-12-31T00:00:00+00:00
2172,2025-03-11,AU,ios,2024-12-31T00:00:00+00:00
2173,,GB,android,2024-12-31T00:00:00+00:00
2174,,CA,android,2024-12-31T00:00:00+00:00
2175,,IN,android,2024-12-31T00:00:00+00:00
2176,,IN,android,2024-12-31T00:00:00+00:00
2177,2025-02-22,US,android,2024-12-31T00:00:00+00:00
2178,2025-01-18,IN,android,2024-12-31T00:00:00+00:00
2179,,CA,android,2024-12-31T00:00:00+00:00
2180,2025-03-04,US,android,2024-12-31T00:00:00+00:00
2181,,AU,android,2024-12-31T00:00:00+00:00
2182,,IN,android,2024-12-31T00:00:00+00:00
2183,,AU,android,2024-12-31T00:00:00+00:00
2184,,AU,ios,2024-12-31T00:00:00+00:00
2185,2025-03-04,US,ios,2024-12-31T00:00:00+00:00
2186,,US,android,2024-12-31T00:00:00+00:00
2187,,IN,android,2024-12-31T00:00:00+00:00
2188,2025-03-11,IN,android,2024-12-31T00:00:00+00:00
2189,,IN,android,2024-12-31T00:00:00+00:00
2190,2025-03-10,IN,android,2024-12-31T00:00:00+00:00
2191,2025-01-22,GB,android,2024-12-31T00:00:00+00:00
2192,,US,android,2024-12-31T00:00:00+00:00
2193,,IN,ios,2024-12-31T00:00:00+00:00
2194,,US,android,2024-12-31T00:00:00+00:00
2195,,US,android,2024-12-31T00:00:00+00:00
2196,,IN,android,2024-12-31T00:00:00+00:00
2197,,IN,android,2024-12-31T00:00:00+00:00
2198,,AU,android,2024-12-31T00:00:00+00:00
2199,,IN,android,2024-12-31T00:00:00+00:00
2200,,IN,android,2024-12-31T00:00:00+00:00
2201,2025-01-26,GB,ios,2024-12-31T00:00:00+00:00
2202,,IN,android,2024-12-31T00:00:00+00:00
2203,,US,android,2024-12-31T00:00:00+00:00
2204,,IN,ios,2024-12-31T00:00:00+00:00
2205,2025-01-21,US,android,2024-12-31T00:00:00+00:00
2206,,IN,android,2024-12-31T00:00:00+00:00
2207,,US,android,2024-12-31T00:00:00+00:00
2208,,US,android,2024-12-31T00:00:00+00:00
2209,,US,android,2024-12-31T00:00:00+00:00
2210,2025-01-20,CA,android,2024-12-31T00:00:00+00:00
2211,2025-03-08,US,ios,2024-12-31T00:00:00+00:00
2212,,IN,android,2024-12-31T00:00:00+00:00
2213,,IN,android,2024-12-31T00:00:00+00:00
2214,,US,ios,2024-12-31T00:00:00+00:00
2215,,IN,ios,2024-12-31T00:00:00+00:00
2216,,CA,ios,2024-12-31T00:00:00+00:00
2217,2025-03-30,AU,ios,2024-12-31T00:00:00+00:00
2218,,US,android,2024-12-31T00:00:00+00:00
2219,,IN,android,2024-12-31T00:00:00+00:00
2220,,US,android,2024-12-31T00:00:00+00:00
2221,,GB,android,2024-12-31T00:00:00+00:00
2222,,IN,android,2024-12-31T00:00:00+00:00
2223,,IN,android,2024-12-31T00:00:00+00:00
2224,,IN,android,2024-12-31T00:00:00+00:00
2225,,IN,android,2024-12-31T00:00:00+00:00
2226,,IN,android,2024-12-31T00:00:00+00:00
2227,,US,android,2024-12-31T00:00:00+00:00
2228,,GB,android,2024-12-31T00:00:00+00:00
2229,,IN,android,2024-12-31T00:00:00+00:00
2230,,US,android,2024-12-31T00:00:00+00:00
2231,,IN,android,2024-12-31T00:00:00+00:00
2232,,CA,android,2024-12-31T00:00:00+00:00
2233,2025-02-16,US,ios,2024-12-31T00:00:00+00:00
2234,,IN,ios,2024-12-31T00:00:00+00:00
2235,,IN,android,2024-12-31T00:00:00+00:00
2236,,US,android,2024-12-31T00:00:00+00:00
2237,,CA,ios,2024-12-31T00:00:00+00:00
2238,,AU,android,2024-12-31T00:00:00+00:00
2239,,CA,ios,2024-12-31T00:00:00+00:00
2240,2025-01-18,IN,ios,2024-12-31T00:00:00+00:00
2241,,IN,ios,2024-12-31T00:00:00+00:00
2242,,US,android,2024-12-31T00:00:00+00:00
2243,,US,android,2024-12-31T00:00:00+00:00
2244,,US,android,2024-12-31T00:00:00+00:00
2245,,IN,android,2024-12-31T00:00:00+00:00
2246,,US,android,2024-12-31T00:00:00+00:00
2247,,CA,android,2024-12-31T00:00:00+00:00
2248,,GB,ios,2024-12-31T00:00:00+00:00
2249,,US,android,2024-12-31T00:00:00+00:00
2250,,IN,android,2024-12-31T00:00:00+00:00
2251,,IN,android,2024-12-31T00:00:00+00:00
2252,,CA,android,2024-12-31T00:00:00+00:00
2253,,US,android,2024-12-31T00:00:00+00:00
2254,,GB,android,2024-12-31T00:00:00+00:00
2255,,IN,ios,2024-12-31T00:00:00+00:00
2256,,IN,android,2024-12-31T00:00:00+00:00
2257,,GB,ios,2024-12-31T00:00:00+00:00
2258,,AU,android,2024-12-31T00:00:00+00:00
2259,,IN,android,2024-12-31T00:00:00+00:00
2260,,IN,android,2024-12-31T00:00:00+00:00
2261,,US,ios,2024-12-31T00:00:00+00:00
2262,,IN,ios,2024-12-31T00:00:00+00:00
2263,,IN,ios,2024-12-31T00:00:00+00:00
2264,,GB,android,2024-12-31T00:00:00+00:00
2265,,US,ios,2024-12-31T00:00:00+00:00
2266,,GB,ios,2024-12-31T00:00:00+00:00
2267,,GB,android,2024-12-31T00:00:00+00:00
2268,,US,android,2024-12-31T00:00:00+00:00
2269,,IN,ios,2024-12-31T00:00:00+00:00
2270,,IN,ios,2024-12-31T00:00:00+00:00
2271,,IN,android,2024-12-31T00:00:00+00:00
2272,,US,android,2024-12-31T00:00:00+00:00
2273,,IN,ios,2024-12-31T00:00:00+00:00
2274,,AU,android,2024-12-31T00:00:00+00:00
2275,,IN,android,2024-12-31T00:00:00+00:00
2276,,IN,ios,2024-12-31T00:00:00+00:00
2277,,IN,ios,2024-12-31T00:00:00+00:00
2278,2025-03-21,CA,android,2024-12-31T00:00:00+00:00
2279,,AU,ios,2024-12-31T00:00:00+00:00
2280,,IN,android,2024-12-31T00:00:00+00:00
2281,,GB,android,2024-12-31T00:00:00+00:00
2282,,US,android,2024-12-31T00:00:00+00:00
2283,2025-03-11,GB,android,2024-12-31T00:00:00+00:00
2284,,IN,android,2024-12-31T00:00:00+00:00
2285,,CA,android,2024-12-31T00:00:00+00:00
2286,,IN,android,2024-12-31T00:00:00+00:00
2287,,US,ios,2024-12-31T00:00:00+00:00
2288,,GB,android,2024-12-31T00:00:00+00:00
2289,,IN,android,2024-12-31T00:00:00+00:00
2290,,GB,android,2024-12-31T00:00:00+00:00
2291,,US,android,2024-12-31T00:00:00+00:00
2292,2025-01-28,AU,android,2024-12-31T00:00:00+00:00
2293,,IN,ios,2024-12-31T00:00:00+00:00
2294,,IN,android,2024-12-31T00:00:00+00:00
2295,,US,android,2024-12-31T00:00:00+00:00
2296,,IN,ios,2024-12-31T00:00:00+00:00
2297,,GB,android,2024-12-31T00:00:00+00:00
2298,2025-01-26,IN,android,2024-12-31T00:00:00+00:00
2299,2025-01-22,GB,android,2024-12-31T00:00:00+00:00
2300,,GB,android,2024-12-31T00:00:00+00:00
2301,,US,ios,2024-12-31T00:00:00+00:00
2302,,GB,ios,2024-12-31T00:00:00+00:00
2303,,US,android,2024-12-31T00:00:00+00:00
2304,,IN,ios,2024-12-31T00:00:00+00:00
2305,,US,ios,2024-12-31T00:00:00+00:00
2306,,AU,ios,2024-12-31T00:00:00+00:00
2307,,GB,android,2024-12-31T00:00:00+00:00
2308,,CA,android,2024-12-31T00:00:00+00:00
2309,2025-02-02,IN,android,2024-12-31T00:00:00+00:00
2310,2025-03-19,US,ios,2024-12-31T00:00:00+00:00
2311,,IN,ios,2024-12-31T00:00:00+00:00
2312,,AU,android,2024-12-31T00:00:00+00:00
2313,,GB,android,2024-12-31T00:00:00+00:00
2314,,IN,android,2024-12-31T00:00:00+00:00
2315,2025-02-21,US,ios,2024-12-31T00:00:00+00:00
2316,,US,ios,2024-12-31T00:00:00+00:00
2317,,GB,android,2024-12-31T00:00:00+00:00
2318,2025-03-05,IN,android,2024-12-31T00:00:00+00:00
2319,,US,ios,2024-12-31T00:00:00+00:00
2320,,US,android,2024-12-31T00:00:00+00:00
2321,2025-03-26,US,ios,2024-12-31T00:00:00+00:00
2322,,GB,android,2024-12-31T00:00:00+00:00
2323,,US,android,2024-12-31T00:00:00+00:00
2324,,US,android,2024-12-31T00:00:00+00:00
2325,2025-02-17,CA,android,2024-12-31T00:00:00+00:00
2326,,GB,android,2024-12-31T00:00:00+00:00
2327,,IN,ios,2024-12-31T00:00:00+00:00
2328,,IN,android,2024-12-31T00:00:00+00:00
2329,,IN,android,2024-12-31T00:00:00+00:00
2330,,AU,ios,2024-12-31T00:00:00+00:00
2331,,IN,ios,2024-12-31T00:00:00+00:00
2332,2025-01-25,US,ios,2024-12-31T00:00:00+00:00
2333,,IN,android,2024-12-31T00:00:00+00:00
2334,2025-02-26,US,android,2024-12-31T00:00:00+00:00
2335,,US,ios,2024-12-31T00:00:00+00:00
2336,,IN,ios,2024-12-31T00:00:00+00:00
2337,2025-02-22,GB,android,2024-12-31T00:00:00+00:00
2338,,IN,ios,2024-12-31T00:00:00+00:00
2339,,IN,android,2024-12-31T00:00:00+00:00
2340,,US,android,2024-12-31T00:00:00+00:00
2341,,IN,ios,2024-12-31T00:00:00+00:00
2342,,AU,android,2024-12-31T00:00:00+00:00
2343,,IN,android,2024-12-31T00:00:00+00:00
2344,,US,android,2024-12-31T00:00:00+00:00
2345,,US,android,2024-12-31T00:00:00+00:00
2346,2025-03-24,IN,ios,2024-12-31T00:00:00+00:00
2347,,IN,ios,2024-12-31T00:00:00+00:00
2348,,IN,android,2024-12-31T00:00:00+00:00
2349,,IN,ios,2024-12-31T00:00:00+00:00
2350,,CA,android,2024-12-31T00:00:00+00:00
2351,,IN,android,2024-12-31T00:00:00+00:00
2352,,GB,android,2024-12-31T00:00:00+00:00
2353,,US,android,2024-12-31T00:00:00+00:00
2354,,US,android,2024-12-31T00:00:00+00:00
2355,,IN,android,2024-12-31T00:00:00+00:00
2356,,US,android,2024-12-31T00:00:00+00:00
2357,,IN,android,2024-12-31T00:00:00+00:00
2358,,CA,android,2024-12-31T00:00:00+00:00
2359,,US,android,2024-12-31T00:00:00+00:00
2360,,IN,ios,2024-12-31T00:00:00+00:00
2361,,IN,android,2024-12-31T00:00:00+00:00
2362,,IN,android,2024-12-31T00:00:00+00:00
2363,2025-03-12,IN,ios,2024-12-31T00:00:00+00:00
2364,,GB,ios,2024-12-31T00:00:00+00:00
2365,,IN,android,2024-12-31T00:00:00+00:00
2366,,IN,ios,2024-12-31T00:00:00+00:00
2367,,US,ios,2024-12-31T00:00:00+00:00
2368,,IN,ios,2024-12-31T00:00:00+00:00
2369,,IN,android,2024-12-31T00:00:00+00:00
2370,,IN,android,2024-12-31T00:00:00+00:00
2371,,IN,android,2024-12-31T00:00:00+00:00
2372,,IN,android,2024-12-31T00:00:00+00:00
2373,,IN,ios,2024-12-31T00:00:00+00:00
2374,,IN,android,2024-12-31T00:00:00+00:00
2375,2025-03-24,US,android,2024-12-31T00:00:00+00:00
2376,,IN,android,2024-12-31T00:00:00+00:00
2377,,IN,android,2024-12-31T00:00:00+00:00
2378,,US,ios,2024-12-31T00:00:00+00:00
2379,2025-02-01,US,android,2024-12-31T00:00:00+00:00
2380,,GB,android,2024-12-31T00:00:00+00:00
2381,,IN,android,2024-12-31T00:00:00+00:00
2382,,GB,android,2024-12-31T00:00:00+00:00
2383,,IN,ios,2024-12-31T00:00:00+00:00
2384,,GB,android,2024-12-31T00:00:00+00:00
2385,,US,android,2024-12-31T00:00:00+00:00
2386,,IN,android,2024-12-31T00:00:00+00:00
2387,2025-03-08,CA,android,2024-12-31T00:00:00+00:00
2388,,US,ios,2024-12-31T00:00:00+00:00
2389,,IN,ios,2024-12-31T00:00:00+00:00
2390,,IN,android,2024-12-31T00:00:00+00:00
2391,,AU,android,2024-12-31T00:00:00+00:00
2392,,AU,android,2024-12-31T00:00:00+00:00
2393,2025-03-25,US,android,2024-12-31T00:00:00+00:00
2394,,AU,ios,2024-12-31T00:00:00+00:00
2395,,GB,android,2024-12-31T00:00:00+00:00
2396,,GB,android,2024-12-31T00:00:00+00:00
2397,,IN,android,2024-12-31T00:00:00+00:00
2398,,IN,android,2024-12-31T00:00:00+00:00
2399,,IN,ios,2024-12-31T00:00:00+00:00
2400,2025-03-01,IN,android,2024-12-31T00:00:00+00:00
2401,2025-03-19,AU,android,2024-12-31T00:00:00+00:00
2402,,GB,android,2024-12-31T00:00:00+00:00
2403,2025-02-08,US,android,2024-12-31T00:00:00+00:00
2404,,CA,ios,2024-12-31T00:00:00+00:00
2405,2025-03-10,GB,ios,2024-12-31T00:00:00+00:00
2406,,IN,android,2024-12-31T00:00:00+00:00
2407,,AU,android,2024-12-31T00:00:00+00:00
2408,2025-03-15,CA,android,2024-12-31T00:00:00+00:00
2409,,AU,ios,2024-12-31T00:00:00+00:00
2410,,US,android,2024-12-31T00:00:00+00:00
2411,,IN,android,2024-12-31T00:00:00+00:00
2412,,GB,ios,2024-12-31T00:00:00+00:00
2413,,IN,android,2024-12-31T00:00:00+00:00
2414,,US,ios,2024-12-31T00:00:00+00:00
2415,,IN,android,2024-12-31T00:00:00+00:00
2416,,IN,android,2024-12-31T00:00:00+00:00
2417,2025-01-20,IN,android,2024-12-31T00:00:00+00:00
2418,,US,android,2024-12-31T00:00:00+00:00
2419,2025-01-17,US,android,2024-12-31T00:00:00+00:00
2420,2025-03-17,AU,android,2024-12-31T00:00:00+00:00
2421,,GB,android,2024-12-31T00:00:00+00:00
2422,,CA,android,2024-12-31T00:00:00+00:00
2423,2025-01-26,GB,android,2024-12-31T00:00:00+00:00
2424,,CA,android,2024-12-31T00:00:00+00:00
2425,,CA,android,2024-12-31T00:00:00+00:00
2426,2025-03-29,GB,android,2024-12-31T00:00:00+00:00
2427,,US,android,2024-12-31T00:00:00+00:00
2428,,IN,ios,2024-12-31T00:00:00+00:00
2429,,IN,android,2024-12-31T00:00:00+00:00
2430,,IN,android,2024-12-31T00:00:00+00:00
2431,,IN,android,2024-12-31T00:00:00+00:00
2432,2025-01-21,CA,android,2024-12-31T00:00:00+00:00
2433,,AU,ios,2024-12-31T00:00:00+00:00
2434,,IN,android,2024-12-31T00:00:00+00:00
2435,,AU,android,2024-12-31T00:00:00+00:00
2436,,US,android,2024-12-31T00:00:00+00:00
2437,2025-01-26,IN,android,2024-12-31T00:00:00+00:00
2438,,IN,android,2024-12-31T00:00:00+00:00
2439,,GB,android,2024-12-31T00:00:00+00:00
2440,,AU,android,2024-12-31T00:00:00+00:00
2441,,CA,android,2024-12-31T00:00:00+00:00
2442,,IN,android,2024-12-31T00:00:00+00:00
2443,,IN,android,2024-12-31T00:00:00+00:00
2444,,US,android,2024-12-31T00:00:00+00:00
2445,,IN,android,2024-12-31T00:00:00+00:00
2446,2025-03-09,IN,android,2024-12-31T00:00:00+00:00
2447,,IN,android,2024-12-31T00:00:00+00:00
2448,,GB,android,2024-12-31T00:00:00+00:00
2449,,AU,android,2024-12-31T00:00:00+00:00
2450,,CA,android,2024-12-31T00:00:00+00:00
2451,,US,ios,2024-12-31T00:00:00+00:00
2452,,IN,android,2024-12-31T00:00:00+00:00
2453,2025-01-28,IN,android,2024-12-31T00:00:00+00:00
2454,,IN,ios,2024-12-31T00:00:00+00:00
2455,,GB,android,2024-12-31T00:00:00+00:00
2456,2025-02-18,GB,android,2024-12-31T00:00:00+00:00
2457,,US,android,2024-12-31T00:00:00+00:00
2458,,US,ios,2024-12-31T00:00:00+00:00
2459,2025-03-28,CA,android,2024-12-31T00:00:00+00:00
2460,,IN,android,2024-12-31T00:00:00+00:00
2461,,CA,ios,2024-12-31T00:00:00+00:00
2462,,IN,android,2024-12-31T00:00:00+00:00
2463,,IN,ios,2024-12-31T00:00:00+00:00
2464,,US,android,2024-12-31T00:00:00+00:00
2465,,US,ios,2024-12-31T00:00:00+00:00
2466,,CA,android,2024-12-31T00:00:00+00:00
2467,,US,android,2024-12-31T00:00:00+00:00
2468,,IN,android,2024-12-31T00:00:00+00:00
2469,,IN,ios,2024-12-31T00:00:00+00:00
2470,,GB,android,2024-12-31T00:00:00+00:00
2471,,US,ios,2024-12-31T00:00:00+00:00
2472,,IN,ios,2024-12-31T00:00:00+00:00
2473,,IN,android,2024-12-31T00:00:00+00:00
2474,,US,ios,2024-12-31T00:00:00+00:00
2475,2025-01-29,IN,android,2024-12-31T00:00:00+00:00
2476,,IN,android,2024-12-31T00:00:00+00:00
2477,,US,android,2024-12-31T00:00:00+00:00
2478,2025-01-11,IN,android,2024-12-31T00:00:00+00:00
2479,,US,android,2024-12-31T00:00:00+00:00
2480,,AU,android,2024-12-31T00:00:00+00:00
2481,,IN,ios,2024-12-31T00:00:00+00:00
2482,,IN,android,2024-12-31T00:00:00+00:00
2483,,IN,android,2024-12-31T00:00:00+00:00
2484,,IN,android,2024-12-31T00:00:00+00:00
2485,,US,android,2024-12-31T00:00:00+00:00
2486,2025-03-04,IN,android,2024-12-31T00:00:00+00:00
2487,,US,android,2024-12-31T00:00:00+00:00
2488,2025-03-27,IN,android,2024-12-31T00:00:00+00:00
2489,,IN,android,2024-12-31T00:00:00+00:00
2490,,CA,ios,2024-12-31T00:00:00+00:00
2491,2025-01-07,IN,android,2024-12-31T00:00:00+00:00
2492,,GB,ios,2024-12-31T00:00:00+00:00
2493,2025-01-04,CA,android,2024-12-31T00:00:00+00:00
2494,,US,android,2024-12-31T00:00:00+00:00
2495,,GB,android,2024-12-31T00:00:00+00:00
2496,,IN,ios,2024-12-31T00:00:00+00:00
2497,,IN,android,2024-12-31T00:00:00+00:00
2498,2025-02-02,US,android,2024-12-31T00:00:00+00:00
2499,,IN,android,2024-12-31T00:00:00+00:00
2500,2025-01-13,IN,android,2024-12-31T00:00:00+00:00
2501,,IN,ios,2024-12-31T00:00:00+00:00
2502,2025-03-23,IN,android,2024-12-31T00:00:00+00:00
2503,,GB,ios,2024-12-31T00:00:00+00:00
2504,,IN,android,2024-12-31T00:00:00+00:00
2505,,US,ios,2024-12-31T00:00:00+00:00
2506,,IN,ios,2024-12-31T00:00:00+00:00
2507,,US,android,2024-12-31T00:00:00+00:00
2508,,US,ios,2024-12-31T00:00:00+00:00
2509,,IN,ios,2024-12-31T00:00:00+00:00
2510,,US,android,2024-12-31T00:00:00+00:00
2511,,US,ios,2024-12-31T00:00:00+00:00
2512,,IN,android,2024-12-31T00:00:00+00:00
2513,,IN,android,2024-12-31T00:00:00+00:00
2514,,IN,ios,2024-12-31T00:00:00+00:00
2515,,IN,android,2024-12-31T00:00:00+00:00
2516,2025-01-16,GB,ios,2024-12-31T00:00:00+00:00
2517,,GB,android,2024-12-31T00:00:00+00:00
2518,,IN,android,2024-12-31T00:00:00+00:00
2519,2025-02-12,IN,ios,2024-12-31T00:00:00+00:00
2520,2025-03-24,AU,android,2024-12-31T00:00:00+00:00
2521,2025-02-19,IN,android,2024-12-31T00:00:00+00:00
2522,,GB,ios,2024-12-31T00:00:00+00:00
2523,2025-02-19,IN,android,2024-12-31T00:00:00+00:00
2524,,CA,ios,2024-12-31T00:00:00+00:00
2525,,IN,ios,2024-12-31T00:00:00+00:00
2526,2025-03-15,GB,android,2024-12-31T00:00:00+00:00
2527,,US,android,2024-12-31T00:00:00+00:00
2528,2025-01-11,IN,android,2024-12-31T00:00:00+00:00
2529,2025-02-04,US,ios,2024-12-31T00:00:00+00:00
2530,,GB,ios,2024-12-31T00:00:00+00:00
2531,,US,android,2024-12-31T00:00:00+00:00
2532,,US,android,2024-12-31T00:00:00+00:00
2533,2025-02-05,US,android,2024-12-31T00:00:00+00:00
2534,,US,android,2024-12-31T00:00:00+00:00
2535,,IN,ios,2024-12-31T00:00:00+00:00
2536,,IN,android,2024-12-31T00:00:00+00:00
2537,,IN,ios,2024-12-31T00:00:00+00:00
2538,,IN,android,2024-12-31T00:00:00+00:00
2539,,IN,ios,2024-12-31T00:00:00+00:00
2540,,IN,android,2024-12-31T00:00:00+00:00
2541,,IN,ios,2024-12-31T00:00:00+00:00
2542,,US,android,2024-12-31T00:00:00+00:00
2543,,US,android,2024-12-31T00:00:00+00:00
2544,2025-03-19,GB,ios,2024-12-31T00:00:00+00:00
2545,,IN,android,2024-12-31T00:00:00+00:00
2546,,AU,android,2024-12-31T00:00:00+00:00
2547,,IN,android,2024-12-31T00:00:00+00:00
2548,,US,android,2024-12-31T00:00:00+00:00
2549,,IN,android,2024-12-31T00:00:00+00:00
2550,,US,android,2024-12-31T00:00:00+00:00
2551,,US,android,2024-12-31T00:00:00+00:00
2552,,US,android,2024-12-31T00:00:00+00:00
2553,,IN,android,2024-12-31T00:00:00+00:00
2554,2025-02-07,GB,android,2024-12-31T00:00:00+00:00
2555,,IN,android,2024-12-31T00:00:00+00:00
2556,2025-01-17,IN,android,2024-12-31T00:00:00+00:00
2557,,IN,android,2024-12-31T00:00:00+00:00
2558,,US,android,2024-12-31T00:00:00+00:00
2559,,IN,android,2024-12-31T00:00:00+00:00
2560,,IN,android,2024-12-31T00:00:00+00:00
2561,,CA,ios,2024-12-31T00:00:00+00:00
2562,,US,ios,2024-12-31T00:00:00+00:00
2563,,IN,ios,2024-12-31T00:00:00+00:00
2564,,GB,android,2024-12-31T00:00:00+00:00
2565,2025-02-24,US,android,2024-12-31T00:00:00+00:00
2566,,IN,android,2024-12-31T00:00:00+00:00
2567,2025-01-02,AU,ios,2024-12-31T00:00:00+00:00
2568,,AU,android,2024-12-31T00:00:00+00:00
2569,,GB,android,2024-12-31T00:00:00+00:00
2570,,GB,ios,2024-12-31T00:00:00+00:00
2571,,IN,android,2024-12-31T00:00:00+00:00
2572,,IN,android,2024-12-31T00:00:00+00:00
2573,,US,android,2024-12-31T00:00:00+00:00
2574,,IN,android,2024-12-31T00:00:00+00:00
2575,,GB,android,2024-12-31T00:00:00+00:00
2576,,AU,ios,2024-12-31T00:00:00+00:00
2577,,GB,android,2024-12-31T00:00:00+00:00
2578,,GB,ios,2024-12-31T00:00:00+00:00
2579,,US,ios,2024-12-31T00:00:00+00:00
2580,,IN,android,2024-12-31T00:00:00+00:00
2581,,IN,android,2024-12-31T00:00:00+00:00
2582,2025-02-20,GB,android,2024-12-31T00:00:00+00:00
2583,,AU,ios,2024-12-31T00:00:00+00:00
2584,,US,android,2024-12-31T00:00:00+00:00
2585,,IN,android,2024-12-31T00:00:00+00:00
2586,,CA,android,2024-12-31T00:00:00+00:00
2587,2025-03-28,US,ios,2024-12-31T00:00:00+00:00
2588,,GB,android,2024-12-31T00:00:00+00:00
2589,2025-03-29,US,android,2024-12-31T00:00:00+00:00
2590,,US,android,2024-12-31T00:00:00+00:00
2591,2025-02-07,US,android,2024-12-31T00:00:00+00:00
2592,2025-03-29,US,ios,2024-12-31T00:00:00+00:00
2593,2025-02-06,US,ios,2024-12-31T00:00:00+00:00
2594,2025-02-09,GB,ios,2024-12-31T00:00:00+00:00
2595,,GB,android,2024-12-31T00:00:00+00:00
2596,,GB,android,2024-12-31T00:00:00+00:00
2597,2025-02-05,IN,android,2024-12-31T00:00:00+00:00
2598,,IN,android,2024-12-31T00:00:00+00:00
2599,2025-01-20,IN,android,2024-12-31T00:00:00+00:00
2600,,IN,android,2024-12-31T00:00:00+00:00
2601,,US,ios,2024-12-31T00:00:00+00:00
2602,,GB,ios,2024-12-31T00:00:00+00:00
2603,,US,android,2024-12-31T00:00:00+00:00
2604,,IN,ios,2024-12-31T00:00:00+00:00
2605,,IN,android,2024-12-31T00:00:00+00:00
2606,,IN,ios,2024-12-31T00:00:00+00:00
2607,2025-01-13,IN,android,2024-12-31T00:00:00+00:00
2608,2025-01-18,AU,android,2024-12-31T00:00:00+00:00
2609,,IN,ios,2024-12-31T00:00:00+00:00
2610,,US,android,2024-12-31T00:00:00+00:00
2611,,IN,android,2024-12-31T00:00:00+00:00
2612,,IN,android,2024-12-31T00:00:00+00:00
2613,,GB,android,2024-12-31T00:00:00+00:00
2614,,GB,android,2024-12-31T00:00:00+00:00
2615,,IN,ios,2024-12-31T00:00:00+00:00
2616,,IN,android,2024-12-31T00:00:00+00:00
2617,,US,android,2024-12-31T00:00:00+00:00
2618,2025-02-18,GB,android,2024-12-31T00:00:00+00:00
2619,2025-01-17,US,android,2024-12-31T00:00:00+00:00
2620,,IN,android,2024-12-31T00:00:00+00:00
2621,,IN,android,2024-12-31T00:00:00+00:00
2622,2025-01-23,IN,android,2024-12-31T00:00:00+00:00
2623,,IN,android,2024-12-31T00:00:00+00:00
2624,,US,android,2024-12-31T00:00:00+00:00
2625,,CA,ios,2024-12-31T00:00:00+00:00
2626,,IN,android,2024-12-31T00:00:00+00:00
2627,,IN,android,2024-12-31T00:00:00+00:00
2628,2025-02-25,US,ios,2024-12-31T00:00:00+00:00
2629,,GB,android,2024-12-31T00:00:00+00:00
2630,,IN,android,2024-12-31T00:00:00+00:00
2631,,IN,android,2024-12-31T00:00:00+00:00
2632,,US,ios,2024-12-31T00:00:00+00:00
2633,,IN,android,2024-12-31T00:00:00+00:00
2634,,IN,android,2024-12-31T00:00:00+00:00
2635,,IN,android,2024-12-31T00:00:00+00:00
2636,,IN,android,2024-12-31T00:00:00+00:00
2637,,US,android,2024-12-31T00:00:00+00:00
2638,,CA,android,2024-12-31T00:00:00+00:00
2639,,IN,android,2024-12-31T00:00:00+00:00
2640,,IN,android,2024-12-31T00:00:00+00:00
2641,2025-02-04,IN,ios,2024-12-31T00:00:00+00:00
2642,,IN,android,2024-12-31T00:00:00+00:00
2643,,IN,android,2024-12-31T00:00:00+00:00
2644,,IN,android,2024-12-31T00:00:00+00:00
2645,2025-03-26,GB,android,2024-12-31T00:00:00+00:00
2646,,US,android,2024-12-31T00:00:00+00:00
2647,,CA,ios,2024-12-31T00:00:00+00:00
2648,2025-02-15,AU,android,2024-12-31T00:00:00+00:00
2649,,IN,ios,2024-12-31T00:00:00+00:00
2650,,IN,ios,2024-12-31T00:00:00+00:00
2651,,US,android,2024-12-31T00:00:00+00:00
2652,2025-03-08,AU,android,2024-12-31T00:00:00+00:00
2653,,IN,android,2024-12-31T00:00:00+00:00
2654,,IN,android,2024-12-31T00:00:00+00:00
2655,,GB,ios,2024-12-31T00:00:00+00:00
2656,,IN,android,2024-12-31T00:00:00+00:00
2657,,IN,android,2024-12-31T00:00:00+00:00
2658,,GB,android,2024-12-31T00:00:00+00:00
2659,,IN,ios,2024-12-31T00:00:00+00:00
2660,,AU,android,2024-12-31T00:00:00+00:00
2661,,GB,android,2024-12-31T00:00:00+00:00
2662,,US,ios,2024-12-31T00:00:00+00:00
2663,,US,android,2024-12-31T00:00:00+00:00
2664,,IN,android,2024-12-31T00:00:00+00:00
2665,,CA,ios,2024-12-31T00:00:00+00:00
2666,2025-01-19,CA,android,2024-12-31T00:00:00+00:00
2667,,US,android,2024-12-31T00:00:00+00:00
2668,,IN,android,2024-12-31T00:00:00+00:00
2669,,GB,android,2024-12-31T00:00:00+00:00
2670,,GB,ios,2024-12-31T00:00:00+00:00
2671,2025-02-23,US,android,2024-12-31T00:00:00+00:00
2672,,IN,android,2024-12-31T00:00:00+00:00
2673,,CA,android,2024-12-31T00:00:00+00:00
2674,,CA,android,2024-12-31T00:00:00+00:00
2675,,US,android,2024-12-31T00:00:00+00:00
2676,2025-03-24,IN,ios,2024-12-31T00:00:00+00:00
2677,,IN,android,2024-12-31T00:00:00+00:00
2678,,CA,android,2024-12-31T00:00:00+00:00
2679,2025-01-26,US,android,2024-12-31T00:00:00+00:00
2680,,IN,android,2024-12-31T00:00:00+00:00
2681,,US,android,2024-12-31T00:00:00+00:00
2682,,US,ios,2024-12-31T00:00:00+00:00
2683,,US,android,2024-12-31T00:00:00+00:00
2684,,GB,android,2024-12-31T00:00:00+00:00
2685,,IN,android,2024-12-31T00:00:00+00:00
2686,,CA,ios,2024-12-31T00:00:00+00:00
2687,,IN,android,2024-12-31T00:00:00+00:00
2688,,IN,android,2024-12-31T00:00:00+00:00
2689,,US,android,2024-12-31T00:00:00+00:00
2690,,AU,ios,2024-12-31T00:00:00+00:00
2691,,GB,android,2024-12-31T00:00:00+00:00
2692,,IN,android,2024-12-31T00:00:00+00:00
2693,,IN,ios,2024-12-31T00:00:00+00:00
2694,,IN,android,2024-12-31T00:00:00+00:00
2695,,IN,android,2024-12-31T00:00:00+00:00
2696,,IN,android,2024-12-31T00:00:00+00:00
2697,,US,android,2024-12-31T00:00:00+00:00
2698,,AU,android,2024-12-31T00:00:00+00:00
2699,,IN,android,2024-12-31T00:00:00+00:00
2700,2025-02-23,US,android,2024-12-31T00:00:00+00:00
2701,,IN,android,2024-12-31T00:00:00+00:00
2702,,IN,ios,2024-12-31T00:00:00+00:00
2703,,US,android,2024-12-31T00:00:00+00:00
2704,,US,android,2024-12-31T00:00:00+00:00
2705,,US,ios,2024-12-31T00:00:00+00:00
2706,,IN,ios,2024-12-31T00:00:00+00:00
2707,,AU,android,2024-12-31T00:00:00+00:00
2708,,IN,ios,2024-12-31T00:00:00+00:00
2709,,IN,android,2024-12-31T00:00:00+00:00
2710,2025-02-01,IN,android,2024-12-31T00:00:00+00:00
2711,,IN,ios,2024-12-31T00:00:00+00:00
2712,,IN,android,2024-12-31T00:00:00+00:00
2713,,CA,android,2024-12-31T00:00:00+00:00
2714,,US,ios,2024-12-31T00:00:00+00:00
2715,,US,android,2024-12-31T00:00:00+00:00
2716,,US,android,2024-12-31T00:00:00+00:00
2717,2025-03-28,GB,ios,2024-12-31T00:00:00+00:00
2718,,US,android,2024-12-31T00:00:00+00:00
2719,,IN,android,2024-12-31T00:00:00+00:00
2720,,US,ios,2024-12-31T00:00:00+00:00
2721,,CA,android,2024-12-31T00:00:00+00:00
2722,,IN,android,2024-12-31T00:00:00+00:00
2723,,AU,android,2024-12-31T00:00:00+00:00
2724,2025-03-22,IN,ios,2024-12-31T00:00:00+00:00
2725,,IN,android,2024-12-31T00:00:00+00:00
2726,,CA,android,2024-12-31T00:00:00+00:00
2727,,IN,android,2024-12-31T00:00:00+00:00
2728,,US,ios,2024-12-31T00:00:00+00:00
2729,,IN,android,2024-12-31T00:00:00+00:00
2730,,IN,android,2024-12-31T00:00:00+00:00
2731,,US,ios,2024-12-31T00:00:00+00:00
2732,2025-03-20,IN,ios,2024-12-31T00:00:00+00:00
2733,,IN,android,2024-12-31T00:00:00+00:00
2734,,GB,android,2024-12-31T00:00:00+00:00
2735,2025-02-07,IN,android,2024-12-31T00:00:00+00:00
2736,2025-01-16,IN,ios,2024-12-31T00:00:00+00:00
2737,,US,android,2024-12-31T00:00:00+00:00
2738,,GB,android,2024-12-31T00:00:00+00:00
2739,,IN,ios,2024-12-31T00:00:00+00:00
2740,,IN,android,2024-12-31T00:00:00+00:00
2741,,CA,android,2024-12-31T00:00:00+00:00
2742,,IN,android,2024-12-31T00:00:00+00:00
2743,,IN,android,2024-12-31T00:00:00+00:00
2744,,GB,android,2024-12-31T00:00:00+00:00
2745,,IN,android,2024-12-31T00:00:00+00:00
2746,,IN,ios,2024-12-31T00:00:00+00:00
2747,,IN,ios,2024-12-31T00:00:00+00:00
2748,2025-03-25,CA,android,2024-12-31T00:00:00+00:00
2749,,IN,android,2024-12-31T00:00:00+00:00
2750,,IN,android,2024-12-31T00:00:00+00:00
2751,,IN,android,2024-12-31T00:00:00+00:00
2752,,IN,android,2024-12-31T00:00:00+00:00
2753,,IN,android,2024-12-31T00:00:00+00:00
2754,,CA,ios,2024-12-31T00:00:00+00:00
2755,,US,ios,2024-12-31T00:00:00+00:00
2756,,IN,android,2024-12-31T00:00:00+00:00
2757,2025-02-23,US,ios,2024-12-31T00:00:00+00:00
2758,,GB,android,2024-12-31T00:00:00+00:00
2759,,GB,android,2024-12-31T00:00:00+00:00
2760,,US,android,2024-12-31T00:00:00+00:00
2761,,IN,ios,2024-12-31T00:00:00+00:00
2762,,AU,android,2024-12-31T00:00:00+00:00
2763,,GB,android,2024-12-31T00:00:00+00:00
2764,,IN,android,2024-12-31T00:00:00+00:00
2765,,IN,android,2024-12-31T00:00:00+00:00
2766,,US,ios,2024-12-31T00:00:00+00:00
2767,2025-01-08,IN,android,2024-12-31T00:00:00+00:00
2768,,IN,android,2024-12-31T00:00:00+00:00
2769,,US,android,2024-12-31T00:00:00+00:00
2770,,AU,android,2024-12-31T00:00:00+00:00
2771,,GB,android,2024-12-31T00:00:00+00:00
2772,,US,android,2024-12-31T00:00:00+00:00
2773,,IN,android,2024-12-31T00:00:00+00:00
2774,,CA,android,2024-12-31T00:00:00+00:00
2775,,IN,android,2024-12-31T00:00:00+00:00
2776,,AU,ios,2024-12-31T00:00:00+00:00
2777,,GB,android,2024-12-31T00:00:00+00:00
2778,2025-03-28,IN,android,2024-12-31T00:00:00+00:00
2779,2025-03-15,AU,ios,2024-12-31T00:00:00+00:00
2780,,US,android,2024-12-31T00:00:00+00:00
2781,,IN,android,2024-12-31T00:00:00+00:00
2782,,US,android,2024-12-31T00:00:00+00:00
2783,2025-03-24,IN,ios,2024-12-31T00:00:00+00:00
2784,,US,android,2024-12-31T00:00:00+00:00
2785,,IN,ios,2024-12-31T00:00:00+00:00
2786,2025-03-29,IN,ios,2024-12-31T00:00:00+00:00
2787,2025-02-01,AU,android,2024-12-31T00:00:00+00:00
2788,,AU,android,2024-12-31T00:00:00+00:00
2789,2025-03-29,IN,android,2024-12-31T00:00:00+00:00
2790,2025-03-23,AU,android,2024-12-31T00:00:00+00:00
2791,2025-03-14,US,ios,2024-12-31T00:00:00+00:00
2792,,GB,android,2024-12-31T00:00:00+00:00
2793,,GB,android,2024-12-31T00:00:00+00:00
2794,2025-02-04,GB,ios,2024-12-31T00:00:00+00:00
2795,,IN,android,2024-12-31T00:00:00+00:00
2796,2025-02-02,IN,ios,2024-12-31T00:00:00+00:00
2797,,IN,android,2024-12-31T00:00:00+00:00
2798,,IN,ios,2024-12-31T00:00:00+00:00
2799,,US,android,2024-12-31T00:00:00+00:00
2800,,IN,ios,2024-12-31T00:00:00+00:00
2801,,US,ios,2024-12-31T00:00:00+00:00
2802,,IN,android,2024-12-31T00:00:00+00:00
2803,,GB,ios,2024-12-31T00:00:00+00:00
2804,2025-02-02,IN,android,2024-12-31T00:00:00+00:00
2805,,IN,android,2024-12-31T00:00:00+00:00
2806,,IN,android,2024-12-31T00:00:00+00:00
2807,,US,ios,2024-12-31T00:00:00+00:00
2808,,US,android,2024-12-31T00:00:00+00:00
2809,,IN,android,2024-12-31T00:00:00+00:00
2810,,IN,android,2024-12-31T00:00:00+00:00
2811,,GB,ios,2024-12-31T00:00:00+00:00
2812,,IN,android,2024-12-31T00:00:00+00:00
2813,2025-03-08,AU,android,2024-12-31T00:00:00+00:00
2814,,CA,android,2024-12-31T00:00:00+00:00
2815,,US,ios,2024-12-31T00:00:00+00:00
2816,2025-02-15,US,android,2024-12-31T00:00:00+00:00
2817,,IN,android,2024-12-31T00:00:00+00:00
2818,,IN,ios,2024-12-31T00:00:00+00:00
2819,,IN,android,2024-12-31T00:00:00+00:00
2820,,GB,ios,2024-12-31T00:00:00+00:00
2821,,CA,android,2024-12-31T00:00:00+00:00
2822,,AU,android,2024-12-31T00:00:00+00:00
2823,,US,android,2024-12-31T00:00:00+00:00
2824,,GB,android,2024-12-31T00:00:00+00:00
2825,,IN,android,2024-12-31T00:00:00+00:00
2826,,GB,android,2024-12-31T00:00:00+00:00
2827,,IN,ios,2024-12-31T00:00:00+00:00
2828,,US,android,2024-12-31T00:00:00+00:00
2829,,GB,android,2024-12-31T00:00:00+00:00
2830,,US,ios,2024-12-31T00:00:00+00:00
2831,,US,android,2024-12-31T00:00:00+00:00
2832,,IN,ios,2024-12-31T00:00:00+00:00
2833,,AU,android,2024-12-31T00:00:00+00:00
2834,2025-01-13,IN,ios,2024-12-31T00:00:00+00:00
2835,2025-01-30,IN,ios,2024-12-31T00:00:00+00:00
2836,,GB,android,2024-12-31T00:00:00+00:00
2837,,IN,ios,2024-12-31T00:00:00+00:00
2838,2025-03-18,IN,ios,2024-12-31T00:00:00+00:00
2839,2025-03-05,GB,android,2024-12-31T00:00:00+00:00
2840,,US,android,2024-12-31T00:00:00+00:00
2841,,GB,android,2024-12-31T00:00:00+00:00
2842,,US,ios,2024-12-31T00:00:00+00:00
2843,,AU,ios,2024-12-31T00:00:00+00:00
2844,,AU,android,2024-12-31T00:00:00+00:00
2845,,IN,android,2024-12-31T00:00:00+00:00
2846,,IN,android,2024-12-31T00:00:00+00:00
2847,,IN,ios,2024-12-31T00:00:00+00:00
2848,,GB,android,2024-12-31T00:00:00+00:00
2849,,US,android,2024-12-31T00:00:00+00:00
2850,,IN,ios,2024-12-31T00:00:00+00:00
2851,,IN,android,2024-12-31T00:00:00+00:00
2852,,CA,android,2024-12-31T00:00:00+00:00
2853,,IN,ios,2024-12-31T00:00:00+00:00
2854,,IN,android,2024-12-31T00:00:00+00:00
2855,,US,ios,2024-12-31T00:00:00+00:00
2856,,IN,android,2024-12-31T00:00:00+00:00
2857,,IN,android,2024-12-31T00:00:00+00:00
2858,,AU,android,2024-12-31T00:00:00+00:00
2859,,GB,ios,2024-12-31T00:00:00+00:00
2860,,GB,android,2024-12-31T00:00:00+00:00
2861,,CA,android,2024-12-31T00:00:00+00:00
2862,,IN,android,2024-12-31T00:00:00+00:00
2863,,IN,ios,2024-12-31T00:00:00+00:00
2864,,US,android,2024-12-31T00:00:00+00:00
2865,,GB,android,2024-12-31T00:00:00+00:00
2866,,AU,android,2024-12-31T00:00:00+00:00
2867,,CA,ios,2024-12-31T00:00:00+00:00
2868,,IN,android,2024-12-31T00:00:00+00:00
2869,,US,android,2024-12-31T00:00:00+00:00
2870,,AU,android,2024-12-31T00:00:00+00:00
2871,,US,ios,2024-12-31T00:00:00+00:00
2872,,US,android,2024-12-31T00:00:00+00:00
2873,,IN,ios,2024-12-31T00:00:00+00:00
2874,,IN,android,2024-12-31T00:00:00+00:00
2875,,US,android,2024-12-31T00:00:00+00:00
2876,,IN,ios,2024-12-31T00:00:00+00:00
2877,,US,android,2024-12-31T00:00:00+00:00
2878,,IN,android,2024-12-31T00:00:00+00:00
2879,,GB,android,2024-12-31T00:00:00+00:00
2880,,IN,android,2024-12-31T00:00:00+00:00
2881,,IN,ios,2024-12-31T00:00:00+00:00
2882,,IN,android,2024-12-31T00:00:00+00:00
2883,,IN,android,2024-12-31T00:00:00+00:00
2884,,US,android,2024-12-31T00:00:00+00:00
2885,2025-03-27,US,ios,2024-12-31T00:00:00+00:00
2886,,US,android,2024-12-31T00:00:00+00:00
2887,,IN,android,2024-12-31T00:00:00+00:00
2888,2025-03-16,US,android,2024-12-31T00:00:00+00:00
2889,,IN,ios,2024-12-31T00:00:00+00:00
2890,,IN,android,2024-12-31T00:00:00+00:00
2891,,GB,android,2024-12-31T00:00:00+00:00
2892,,GB,ios,2024-12-31T00:00:00+00:00
2893,,GB,android,2024-12-31T00:00:00+00:00
2894,,AU,ios,2024-12-31T00:00:00+00:00
2895,2025-01-20,IN,ios,2024-12-31T00:00:00+00:00
2896,,US,ios,2024-12-31T00:00:00+00:00
2897,2025-03-21,IN,android,2024-12-31T00:00:00+00:00
2898,,IN,ios,2024-12-31T00:00:00+00:00
2899,,US,android,2024-12-31T00:00:00+00:00
2900,,IN,ios,2024-12-31T00:00:00+00:00
2901,,IN,android,2024-12-31T00:00:00+00:00
2902,,GB,ios,2024-12-31T00:00:00+00:00
2903,,US,ios,2024-12-31T00:00:00+00:00
2904,,AU,android,2024-12-31T00:00:00+00:00
2905,2025-01-23,IN,android,2024-12-31T00:00:00+00:00
2906,,CA,ios,2024-12-31T00:00:00+00:00
2907,,GB,android,2024-12-31T00:00:00+00:00
2908,,CA,ios,2024-12-31T00:00:00+00:00
2909,2025-03-26,CA,android,2024-12-31T00:00:00+00:00
2910,,GB,android,2024-12-31T00:00:00+00:00
2911,,IN,android,2024-12-31T00:00:00+00:00
2912,,GB,ios,2024-12-31T00:00:00+00:00
2913,,CA,ios,2024-12-31T00:00:00+00:00
2914,,GB,android,2024-12-31T00:00:00+00:00
2915,,GB,ios,2024-12-31T00:00:00+00:00
2916,,IN,android,2024-12-31T00:00:00+00:00
2917,,US,ios,2024-12-31T00:00:00+00:00
2918,,AU,android,2024-12-31T00:00:00+00:00
2919,,IN,android,2024-12-31T00:00:00+00:00
2920,,US,ios,2024-12-31T00:00:00+00:00
2921,,AU,android,2024-12-31T00:00:00+00:00
2922,,IN,ios,2024-12-31T00:00:00+00:00
2923,,US,android,2024-12-31T00:00:00+00:00
2924,,AU,ios,2024-12-31T00:00:00+00:00
2925,,IN,android,2024-12-31T00:00:00+00:00
2926,2025-03-05,IN,android,2024-12-31T00:00:00+00:00
2927,2025-01-18,IN,android,2024-12-31T00:00:00+00:00
2928,,IN,android,2024-12-31T00:00:00+00:00
2929,2025-03-02,US,ios,2024-12-31T00:00:00+00:00
2930,,US,ios,2024-12-31T00:00:00+00:00
2931,,IN,android,2024-12-31T00:00:00+00:00
2932,2025-02-26,GB,android,2024-12-31T00:00:00+00:00
2933,2025-02-06,GB,android,2024-12-31T00:00:00+00:00
2934,,US,android,2024-12-31T00:00:00+00:00
2935,,US,android,2024-12-31T00:00:00+00:00
2936,2025-02-20,GB,android,2024-12-31T00:00:00+00:00
2937,,AU,android,2024-12-31T00:00:00+00:00
2938,,US,android,2024-12-31T00:00:00+00:00
2939,,GB,android,2024-12-31T00:00:00+00:00
2940,,IN,android,2024-12-31T00:00:00+00:00
2941,,IN,android,2024-12-31T00:00:00+00:00
2942,,CA,android,2024-12-31T00:00:00+00:00
2943,2025-03-24,IN,ios,2024-12-31T00:00:00+00:00
2944,,GB,android,2024-12-31T00:00:00+00:00
2945,,IN,android,2024-12-31T00:00:00+00:00
2946,,US,android,2024-12-31T00:00:00+00:00
2947,,IN,ios,2024-12-31T00:00:00+00:00
2948,,IN,android,2024-12-31T00:00:00+00:00
2949,,IN,ios,2024-12-31T00:00:00+00:00
2950,,GB,ios,2024-12-31T00:00:00+00:00
2951,,CA,android,2024-12-31T00:00:00+00:00
2952,2025-02-22,IN,ios,2024-12-31T00:00:00+00:00
2953,,IN,android,2024-12-31T00:00:00+00:00
2954,,CA,android,2024-12-31T00:00:00+00:00
2955,,US,android,2024-12-31T00:00:00+00:00
2956,2025-01-21,US,ios,2024-12-31T00:00:00+00:00
2957,,GB,android,2024-12-31T00:00:00+00:00
2958,,GB,android,2024-12-31T00:00:00+00:00
2959,,US,android,2024-12-31T00:00:00+00:00
2960,,US,ios,2024-12-31T00:00:00+00:00
2961,2025-02-10,GB,ios,2024-12-31T00:00:00+00:00
2962,,GB,android,2024-12-31T00:00:00+00:00
2963,,IN,android,2024-12-31T00:00:00+00:00
2964,,IN,ios,2024-12-31T00:00:00+00:00
2965,,CA,android,2024-12-31T00:00:00+00:00
2966,,US,android,2024-12-31T00:00:00+00:00
2967,,IN,android,2024-12-31T00:00:00+00:00
2968,,IN,ios,2024-12-31T00:00:00+00:00
2969,2025-03-30,US,android,2024-12-31T00:00:00+00:00
2970,,GB,android,2024-12-31T00:00:00+00:00
2971,,AU,android,2024-12-31T00:00:00+00:00
2972,,IN,ios,2024-12-31T00:00:00+00:00
2973,,IN,android,2024-12-31T00:00:00+00:00
2974,,IN,ios,2024-12-31T00:00:00+00:00
2975,,IN,android,2024-12-31T00:00:00+00:00
2976,,US,android,2024-12-31T00:00:00+00:00
2977,,GB,android,2024-12-31T00:00:00+00:00
2978,2025-03-05,US,android,2024-12-31T00:00:00+00:00
2979,2025-02-12,IN,ios,2024-12-31T00:00:00+00:00
2980,,IN,ios,2024-12-31T00:00:00+00:00
2981,,IN,android,2024-12-31T00:00:00+00:00
2982,,AU,android,2024-12-31T00:00:00+00:00
2983,,IN,android,2024-12-31T00:00:00+00:00
2984,,US,android,2024-12-31T00:00:00+00:00
2985,2025-01-23,US,ios,2024-12-31T00:00:00+00:00
2986,,IN,android,2024-12-31T00:00:00+00:00
2987,,IN,ios,2024-12-31T00:00:00+00:00
2988,,IN,android,2024-12-31T00:00:00+00:00
2989,,IN,android,2024-12-31T00:00:00+00:00
2990,,IN,android,2024-12-31T00:00:00+00:00
2991,,US,ios,2024-12-31T00:00:00+00:00
2992,,US,ios,2024-12-31T00:00:00+00:00
2993,,US,ios,2024-12-31T00:00:00+00:00
2994,,IN,android,2024-12-31T00:00:00+00:00
2995,,IN,android,2024-12-31T00:00:00+00:00
2996,,IN,android,2024-12-31T00:00:00+00:00
2997,2025-02-18,US,ios,2024-12-31T00:00:00+00:00
2998,,IN,android,2024-12-31T00:00:00+00:00
2999,,GB,ios,2024-12-31T00:00:00+00:00
3000,,IN,android,2024-12-31T00:00:00+00:00
3001,,AU,android,2024-12-31T00:00:00+00:00
3002,2025-01-13,US,android,2024-12-31T00:00:00+00:00
3003,,GB,android,2024-12-31T00:00:00+00:00
3004,2025-02-15,IN,ios,2024-12-31T00:00:00+00:00
3005,,IN,android,2024-12-31T00:00:00+00:00
3006,,US,android,2024-12-31T00:00:00+00:00
3007,,IN,android,2024-12-31T00:00:00+00:00
3008,2025-02-01,IN,android,2024-12-31T00:00:00+00:00
3009,,IN,android,2024-12-31T00:00:00+00:00
3010,,IN,android,2024-12-31T00:00:00+00:00
3011,,US,ios,2024-12-31T00:00:00+00:00
3012,,US,android,2024-12-31T00:00:00+00:00
3013,,IN,android,2024-12-31T00:00:00+00:00
3014,,IN,android,2024-12-31T00:00:00+00:00
3015,,GB,android,2024-12-31T00:00:00+00:00
3016,,US,android,2024-12-31T00:00:00+00:00
3017,,IN,ios,2024-12-31T00:00:00+00:00
3018,,AU,android,2024-12-31T00:00:00+00:00
3019,,GB,android,2024-12-31T00:00:00+00:00
3020,,US,ios,2024-12-31T00:00:00+00:00
3021,,CA,android,2024-12-31T00:00:00+00:00
3022,,IN,android,2024-12-31T00:00:00+00:00
3023,,GB,ios,2024-12-31T00:00:00+00:00
3024,2025-01-26,IN,ios,2024-12-31T00:00:00+00:00
3025,2025-02-06,US,android,2024-12-31T00:00:00+00:00
3026,,IN,ios,2024-12-31T00:00:00+00:00
3027,,US,ios,2024-12-31T00:00:00+00:00
3028,,IN,android,2024-12-31T00:00:00+00:00
3029,,IN,android,2024-12-31T00:00:00+00:00
3030,,GB,android,2024-12-31T00:00:00+00:00
3031,,US,android,2024-12-31T00:00:00+00:00
3032,,GB,android,2024-12-31T00:00:00+00:00
3033,,IN,android,2024-12-31T00:00:00+00:00
3034,,GB,android,2024-12-31T00:00:00+00:00
3035,,IN,ios,2024-12-31T00:00:00+00:00
3036,,IN,ios,2024-12-31T00:00:00+00:00
3037,,AU,ios,2024-12-31T00:00:00+00:00
3038,,US,ios,2024-12-31T00:00:00+00:00
3039,,US,android,2024-12-31T00:00:00+00:00
3040,2025-03-25,IN,android,2024-12-31T00:00:00+00:00
3041,,IN,ios,2024-12-31T00:00:00+00:00
3042,,IN,ios,2024-12-31T00:00:00+00:00
3043,,US,android,2024-12-31T00:00:00+00:00
3044,,US,ios,2024-12-31T00:00:00+00:00
3045,2025-03-15,GB,android,2024-12-31T00:00:00+00:00
3046,2025-02-15,IN,android,2024-12-31T00:00:00+00:00
3047,2025-02-16,GB,android,2024-12-31T00:00:00+00:00
3048,,CA,android,2024-12-31T00:00:00+00:00
3049,,US,ios,2024-12-31T00:00:00+00:00
3050,,GB,ios,2024-12-31T00:00:00+00:00
3051,,US,android,2024-12-31T00:00:00+00:00
3052,2025-03-21,US,android,2024-12-31T00:00:00+00:00
3053,2025-02-09,IN,android,2024-12-31T00:00:00+00:00
3054,,IN,ios,2024-12-31T00:00:00+00:00
3055,,US,android,2024-12-31T00:00:00+00:00
3056,,AU,ios,2024-12-31T00:00:00+00:00
3057,,US,ios,2024-12-31T00:00:00+00:00
3058,2025-01-30,GB,android,2024-12-31T00:00:00+00:00
3059,,CA,android,2024-12-31T00:00:00+00:00
3060,,IN,android,2024-12-31T00:00:00+00:00
3061,,US,android,2024-12-31T00:00:00+00:00
3062,,IN,android,2024-12-31T00:00:00+00:00
3063,,GB,ios,2024-12-31T00:00:00+00:00
3064,,US,android,2024-12-31T00:00:00+00:00
3065,2025-01-22,AU,android,2024-12-31T00:00:00+00:00
3066,2025-03-06,IN,android,2024-12-31T00:00:00+00:00
3067,,CA,ios,2024-12-31T00:00:00+00:00
3068,,US,android,2024-12-31T00:00:00+00:00
3069,,AU,ios,2024-12-31T00:00:00+00:00
3070,,US,android,2024-12-31T00:00:00+00:00
3071,,AU,ios,2024-12-31T00:00:00+00:00
3072,,IN,android,2024-12-31T00:00:00+00:00
3073,,IN,android,2024-12-31T00:00:00+00:00
3074,,IN,android,2024-12-31T00:00:00+00:00
3075,,GB,android,2024-12-31T00:00:00+00:00
3076,,IN,ios,2024-12-31T00:00:00+00:00
3077,,US,ios,2024-12-31T00:00:00+00:00
3078,2025-03-07,IN,android,2024-12-31T00:00:00+00:00
3079,,IN,android,2024-12-31T00:00:00+00:00
3080,,US,android,2024-12-31T00:00:00+00:00
3081,,IN,ios,2024-12-31T00:00:00+00:00
3082,,GB,ios,2024-12-31T00:00:00+00:00
3083,,GB,ios,2024-12-31T00:00:00+00:00
3084,,CA,android,2024-12-31T00:00:00+00:00
3085,,US,android,2024-12-31T00:00:00+00:00
3086,,US,ios,2024-12-31T00:00:00+00:00
3087,,IN,android,2024-12-31T00:00:00+00:00
3088,2025-02-10,IN,android,2024-12-31T00:00:00+00:00
3089,2025-02-06,GB,ios,2024-12-31T00:00:00+00:00
3090,,IN,ios,2024-12-31T00:00:00+00:00
3091,,IN,android,2024-12-31T00:00:00+00:00
3092,,GB,android,2024-12-31T00:00:00+00:00
3093,,US,ios,2024-12-31T00:00:00+00:00
3094,,CA,android,2024-12-31T00:00:00+00:00
3095,2025-02-19,US,android,2024-12-31T00:00:00+00:00
3096,,GB,android,2024-12-31T00:00:00+00:00
3097,2025-01-20,IN,ios,2024-12-31T00:00:00+00:00
3098,,IN,android,2024-12-31T00:00:00+00:00
3099,,IN,ios,2024-12-31T00:00:00+00:00
3100,,GB,ios,2024-12-31T00:00:00+00:00
3101,,IN,android,2024-12-31T00:00:00+00:00
3102,,IN,android,2024-12-31T00:00:00+00:00
3103,2025-03-23,IN,ios,2024-12-31T00:00:00+00:00
3104,,IN,android,2024-12-31T00:00:00+00:00
3105,,CA,android,2024-12-31T00:00:00+00:00
3106,,IN,android,2024-12-31T00:00:00+00:00
3107,,AU,android,2024-12-31T00:00:00+00:00
3108,,GB,android,2024-12-31T00:00:00+00:00
3109,,GB,android,2024-12-31T00:00:00+00:00
3110,2025-03-23,AU,android,2024-12-31T00:00:00+00:00
3111,2025-02-01,US,android,2024-12-31T00:00:00+00:00
3112,,IN,android,2024-12-31T00:00:00+00:00
3113,,AU,android,2024-12-31T00:00:00+00:00
3114,2025-02-22,US,android,2024-12-31T00:00:00+00:00
3115,,GB,ios,2024-12-31T00:00:00+00:00
3116,2025-02-19,IN,android,2024-12-31T00:00:00+00:00
3117,,IN,android,2024-12-31T00:00:00+00:00
3118,,IN,ios,2024-12-31T00:00:00+00:00
3119,,IN,android,2024-12-31T00:00:00+00:00
3120,,IN,ios,2024-12-31T00:00:00+00:00
3121,,US,ios,2024-12-31T00:00:00+00:00
3122,,AU,android,2024-12-31T00:00:00+00:00
3123,,US,android,2024-12-31T00:00:00+00:00
3124,,GB,android,2024-12-31T00:00:00+00:00
3125,,US,android,2024-12-31T00:00:00+00:00
3126,,US,android,2024-12-31T00:00:00+00:00
3127,,GB,android,2024-12-31T00:00:00+00:00
3128,,CA,android,2024-12-31T00:00:00+00:00
3129,,US,android,2024-12-31T00:00:00+00:00
3130,,IN,ios,2024-12-31T00:00:00+00:00
3131,,AU,android,2024-12-31T00:00:00+00:00
3132,,IN,android,2024-12-31T00:00:00+00:00
3133,,US,android,2024-12-31T00:00:00+00:00
3134,,IN,android,2024-12-31T00:00:00+00:00
3135,,US,android,2024-12-31T00:00:00+00:00
3136,2025-03-28,CA,android,2024-12-31T00:00:00+00:00
3137,,US,ios,2024-12-31T00:00:00+00:00
3138,,AU,android,2024-12-31T00:00:00+00:00
3139,,US,android,2024-12-31T00:00:00+00:00
3140,,US,android,2024-12-31T00:00:00+00:00
3141,,US,android,2024-12-31T00:00:00+00:00
3142,,GB,ios,2024-12-31T00:00:00+00:00
3143,2025-03-22,IN,android,2024-12-31T00:00:00+00:00
3144,,IN,android,2024-12-31T00:00:00+00:00
3145,,US,android,2024-12-31T00:00:00+00:00
3146,,AU,android,2024-12-31T00:00:00+00:00
3147,,IN,android,2024-12-31T00:00:00+00:00
3148,,IN,ios,2024-12-31T00:00:00+00:00
3149,,AU,android,2024-12-31T00:00:00+00:00
3150,,GB,android,2024-12-31T00:00:00+00:00
3151,,US,android,2024-12-31T00:00:00+00:00
3152,,IN,ios,2024-12-31T00:00:00+00:00
3153,,IN,android,2024-12-31T00:00:00+00:00
3154,2025-03-04,GB,android,2024-12-31T00:00:00+00:00
3155,,US,android,2024-12-31T00:00:00+00:00
3156,,AU,ios,2024-12-31T00:00:00+00:00
3157,,US,android,2024-12-31T00:00:00+00:00
3158,,CA,android,2024-12-31T00:00:00+00:00
3159,,US,android,2024-12-31T00:00:00+00:00
3160,,AU,ios,2024-12-31T00:00:00+00:00
3161,,GB,android,2024-12-31T00:00:00+00:00
3162,,US,android,2024-12-31T00:00:00+00:00
3163,,US,android,2024-12-31T00:00:00+00:00
3164,,US,android,2024-12-31T00:00:00+00:00
3165,,US,android,2024-12-31T00:00:00+00:00
3166,,AU,android,2024-12-31T00:00:00+00:00
3167,2025-03-05,GB,android,2024-12-31T00:00:00+00:00
3168,,US,ios,2024-12-31T00:00:00+00:00
3169,2025-03-16,US,android,2024-12-31T00:00:00+00:00
3170,,IN,ios,2024-12-31T00:00:00+00:00
3171,,IN,android,2024-12-31T00:00:00+00:00
3172,2025-03-10,IN,ios,2024-12-31T00:00:00+00:00
3173,,GB,android,2024-12-31T00:00:00+00:00
3174,,IN,android,2024-12-31T00:00:00+00:00
3175,2025-03-31,GB,android,2024-12-31T00:00:00+00:00
3176,,IN,android,2024-12-31T00:00:00+00:00
3177,,IN,android,2024-12-31T00:00:00+00:00
3178,,US,android,2024-12-31T00:00:00+00:00
3179,,IN,android,2024-12-31T00:00:00+00:00
3180,,US,android,2024-12-31T00:00:00+00:00
3181,,AU,android,2024-12-31T00:00:00+00:00
3182,,IN,android,2024-12-31T00:00:00+00:00
3183,,IN,ios,2024-12-31T00:00:00+00:00
3184,,US,android,2024-12-31T00:00:00+00:00
3185,,IN,android,2024-12-31T00:00:00+00:00
3186,,IN,android,2024-12-31T00:00:00+00:00
3187,,GB,ios,2024-12-31T00:00:00+00:00
3188,,GB,android,2024-12-31T00:00:00+00:00
3189,,IN,android,2024-12-31T00:00:00+00:00
3190,,GB,android,2024-12-31T00:00:00+00:00
3191,,CA,ios,2024-12-31T00:00:00+00:00
3192,,US,android,2024-12-31T00:00:00+00:00
3193,,AU,ios,2024-12-31T00:00:00+00:00
3194,,IN,android,2024-12-31T00:00:00+00:00
3195,,GB,ios,2024-12-31T00:00:00+00:00
3196,,AU,android,2024-12-31T00:00:00+00:00
3197,,US,android,2024-12-31T00:00:00+00:00
3198,,AU,android,2024-12-31T00:00:00+00:00
3199,,IN,android,2024-12-31T00:00:00+00:00
3200,,US,ios,2024-12-31T00:00:00+00:00
3201,,AU,android,2024-12-31T00:00:00+00:00
3202,,IN,android,2024-12-31T00:00:00+00:00
3203,,US,ios,2024-12-31T00:00:00+00:00
3204,,IN,ios,2024-12-31T00:00:00+00:00
3205,,IN,android,2024-12-31T00:00:00+00:00
3206,,IN,android,2024-12-31T00:00:00+00:00
3207,,US,android,2024-12-31T00:00:00+00:00
3208,,AU,android,2024-12-31T00:00:00+00:00
3209,,US,android,2024-12-31T00:00:00+00:00
3210,,GB,ios,2024-12-31T00:00:00+00:00
3211,2025-02-12,GB,android,2024-12-31T00:00:00+00:00
3212,,GB,ios,2024-12-31T00:00:00+00:00
3213,,IN,android,2024-12-31T00:00:00+00:00
3214,,CA,ios,2024-12-31T00:00:00+00:00
3215,,IN,android,2024-12-31T00:00:00+00:00
3216,,US,android,2024-12-31T00:00:00+00:00
3217,2025-01-09,IN,android,2024-12-31T00:00:00+00:00
3218,,IN,ios,2024-12-31T00:00:00+00:00
3219,,IN,android,2024-12-31T00:00:00+00:00
3220,,IN,ios,2024-12-31T00:00:00+00:00
3221,,GB,android,2024-12-31T00:00:00+00:00
3222,,IN,ios,2024-12-31T00:00:00+00:00
3223,,US,android,2024-12-31T00:00:00+00:00
3224,,IN,android,2024-12-31T00:00:00+00:00
3225,2025-03-12,IN,ios,2024-12-31T00:00:00+00:00
3226,,GB,ios,2024-12-31T00:00:00+00:00
3227,,CA,android,2024-12-31T00:00:00+00:00
3228,,IN,android,2024-12-31T00:00:00+00:00
3229,2025-03-24,IN,android,2024-12-31T00:00:00+00:00
3230,,AU,android,2024-12-31T00:00:00+00:00
3231,,US,ios,2024-12-31T00:00:00+00:00
3232,,IN,android,2024-12-31T00:00:00+00:00
3233,,CA,ios,2024-12-31T00:00:00+00:00
3234,2025-01-13,IN,ios,2024-12-31T00:00:00+00:00
3235,2025-02-22,GB,ios,2024-12-31T00:00:00+00:00
3236,2025-03-06,US,ios,2024-12-31T00:00:00+00:00
3237,,US,android,2024-12-31T00:00:00+00:00
3238,,CA,android,2024-12-31T00:00:00+00:00
3239,,CA,android,2024-12-31T00:00:00+00:00
3240,,US,android,2024-12-31T00:00:00+00:00
3241,,IN,android,2024-12-31T00:00:00+00:00
3242,,US,android,2024-12-31T00:00:00+00:00
3243,,CA,android,2024-12-31T00:00:00+00:00
3244,,IN,android,2024-12-31T00:00:00+00:00
3245,,AU,android,2024-12-31T00:00:00+00:00
3246,,IN,android,2024-12-31T00:00:00+00:00
3247,,US,android,2024-12-31T00:00:00+00:00
3248,,IN,android,2024-12-31T00:00:00+00:00
3249,,IN,android,2024-12-31T00:00:00+00:00
3250,,GB,ios,2024-12-31T00:00:00+00:00
3251,,US,ios,2024-12-31T00:00:00+00:00
3252,2025-03-30,AU,android,2024-12-31T00:00:00+00:00
3253,2025-03-03,IN,android,2024-12-31T00:00:00+00:00
3254,,GB,ios,2024-12-31T00:00:00+00:00
3255,,GB,android,2024-12-31T00:00:00+00:00
3256,,US,android,2024-12-31T00:00:00+00:00
3257,,IN,android,2024-12-31T00:00:00+00:00
3258,,IN,ios,2024-12-31T00:00:00+00:00
3259,2025-03-29,US,android,2024-12-31T00:00:00+00:00
3260,,IN,android,2024-12-31T00:00:00+00:00
3261,,IN,android,2024-12-31T00:00:00+00:00
3262,,IN,android,2024-12-31T00:00:00+00:00
3263,,US,android,2024-12-31T00:00:00+00:00
3264,,IN,android,2024-12-31T00:00:00+00:00
3265,,GB,android,2024-12-31T00:00:00+00:00
3266,2025-03-19,CA,android,2024-12-31T00:00:00+00:00
3267,,GB,android,2024-12-31T00:00:00+00:00
3268,2025-03-28,US,android,2024-12-31T00:00:00+00:00
3269,,IN,android,2024-12-31T00:00:00+00:00
3270,,US,ios,2024-12-31T00:00:00+00:00
3271,,AU,ios,2024-12-31T00:00:00+00:00
3272,2025-03-10,IN,ios,2024-12-31T00:00:00+00:00
3273,,IN,android,2024-12-31T00:00:00+00:00
3274,2025-01-11,IN,android,2024-12-31T00:00:00+00:00
3275,2025-01-17,GB,android,2024-12-31T00:00:00+00:00
3276,2025-01-21,IN,android,2024-12-31T00:00:00+00:00
3277,,GB,ios,2024-12-31T00:00:00+00:00
3278,2025-02-23,US,android,2024-12-31T00:00:00+00:00
3279,,IN,android,2024-12-31T00:00:00+00:00
3280,,IN,android,2024-12-31T00:00:00+00:00
3281,2025-03-16,AU,android,2024-12-31T00:00:00+00:00
3282,,IN,android,2024-12-31T00:00:00+00:00
3283,,US,ios,2024-12-31T00:00:00+00:00
3284,,IN,android,2024-12-31T00:00:00+00:00
3285,,US,ios,2024-12-31T00:00:00+00:00
3286,,US,android,2024-12-31T00:00:00+00:00
3287,,GB,android,2024-12-31T00:00:00+00:00
3288,,US,android,2024-12-31T00:00:00+00:00
3289,,US,android,2024-12-31T00:00:00+00:00
3290,,IN,android,2024-12-31T00:00:00+00:00
3291,,IN,android,2024-12-31T00:00:00+00:00
3292,,US,android,2024-12-31T00:00:00+00:00
3293,2025-01-14,IN,android,2024-12-31T00:00:00+00:00
3294,,IN,ios,2024-12-31T00:00:00+00:00
3295,,IN,ios,2024-12-31T00:00:00+00:00
3296,,US,android,2024-12-31T00:00:00+00:00
3297,2025-02-28,IN,android,2024-12-31T00:00:00+00:00
3298,,US,android,2024-12-31T00:00:00+00:00
3299,,AU,android,2024-12-31T00:00:00+00:00
3300,,IN,android,2024-12-31T00:00:00+00:00
3301,2025-03-09,IN,android,2024-12-31T00:00:00+00:00
3302,,AU,android,2024-12-31T00:00:00+00:00
3303,,IN,android,2024-12-31T00:00:00+00:00
3304,2025-03-14,IN,android,2024-12-31T00:00:00+00:00
3305,,CA,android,2024-12-31T00:00:00+00:00
3306,2025-03-23,IN,ios,2024-12-31T00:00:00+00:00
3307,,IN,android,2024-12-31T00:00:00+00:00
3308,,GB,android,2024-12-31T00:00:00+00:00
3309,,IN,ios,2024-12-31T00:00:00+00:00
3310,,GB,android,2024-12-31T00:00:00+00:00
3311,,GB,android,2024-12-31T00:00:00+00:00
3312,,CA,android,2024-12-31T00:00:00+00:00
3313,,GB,android,2024-12-31T00:00:00+00:00
3314,,CA,ios,2024-12-31T00:00:00+00:00
3315,,IN,ios,2024-12-31T00:00:00+00:00
3316,,IN,android,2024-12-31T00:00:00+00:00
3317,,US,android,2024-12-31T00:00:00+00:00
3318,,IN,android,2024-12-31T00:00:00+00:00
3319,,IN,android,2024-12-31T00:00:00+00:00
3320,,IN,android,2024-12-31T00:00:00+00:00
3321,,CA,ios,2024-12-31T00:00:00+00:00
3322,,IN,android,2024-12-31T00:00:00+00:00
3323,,IN,android,2024-12-31T00:00:00+00:00
3324,,GB,ios,2024-12-31T00:00:00+00:00
3325,,US,android,2024-12-31T00:00:00+00:00
3326,,IN,ios,2024-12-31T00:00:00+00:00
3327,2025-03-02,CA,android,2024-12-31T00:00:00+00:00
3328,2025-01-18,GB,android,2024-12-31T00:00:00+00:00
3329,,AU,ios,2024-12-31T00:00:00+00:00
3330,,US,android,2024-12-31T00:00:00+00:00
3331,,US,android,2024-12-31T00:00:00+00:00
3332,2025-03-16,IN,android,2024-12-31T00:00:00+00:00
3333,,US,android,2024-12-31T00:00:00+00:00
3334,2025-01-20,IN,ios,2024-12-31T00:00:00+00:00
3335,,CA,android,2024-12-31T00:00:00+00:00
3336,,IN,android,2024-12-31T00:00:00+00:00
3337,,AU,android,2024-12-31T00:00:00+00:00
3338,,IN,android,2024-12-31T00:00:00+00:00
3339,2025-01-19,GB,ios,2024-12-31T00:00:00+00:00
3340,,GB,android,2024-12-31T00:00:00+00:00
3341,,US,ios,2024-12-31T00:00:00+00:00
3342,2025-01-07,AU,android,2024-12-31T00:00:00+00:00
3343,2025-02-02,IN,android,2024-12-31T00:00:00+00:00
3344,,IN,android,2024-12-31T00:00:00+00:00
3345,,IN,android,2024-12-31T00:00:00+00:00
3346,2025-01-17,CA,android,2024-12-31T00:00:00+00:00
3347,,CA,android,2024-12-31T00:00:00+00:00
3348,,IN,android,2024-12-31T00:00:00+00:00
3349,,US,android,2024-12-31T00:00:00+00:00
3350,,IN,android,2024-12-31T00:00:00+00:00
3351,,AU,android,2024-12-31T00:00:00+00:00
3352,,US,android,2024-12-31T00:00:00+00:00
3353,,CA,android,2024-12-31T00:00:00+00:00
3354,,IN,android,2024-12-31T00:00:00+00:00
3355,,IN,android,2024-12-31T00:00:00+00:00
3356,,IN,android,2024-12-31T00:00:00+00:00
3357,,US,android,2024-12-31T00:00:00+00:00
3358,,IN,ios,2024-12-31T00:00:00+00:00
3359,,US,android,2024-12-31T00:00:00+00:00
3360,,IN,ios,2024-12-31T00:00:00+00:00
3361,,IN,android,2024-12-31T00:00:00+00:00
3362,,IN,android,2024-12-31T00:00:00+00:00
3363,2025-01-10,AU,ios,2024-12-31T00:00:00+00:00
3364,,US,ios,2024-12-31T00:00:00+00:00
3365,,IN,android,2024-12-31T00:00:00+00:00
3366,2025-03-10,IN,ios,2024-12-31T00:00:00+00:00
3367,,GB,ios,2024-12-31T00:00:00+00:00
3368,,IN,android,2024-12-31T00:00:00+00:00
3369,,IN,android,2024-12-31T00:00:00+00:00
3370,,GB,android,2024-12-31T00:00:00+00:00
3371,,IN,ios,2024-12-31T00:00:00+00:00
3372,,CA,android,2024-12-31T00:00:00+00:00
3373,,GB,android,2024-12-31T00:00:00+00:00
3374,,US,android,2024-12-31T00:00:00+00:00
3375,,GB,ios,2024-12-31T00:00:00+00:00
3376,2025-03-09,IN,android,2024-12-31T00:00:00+00:00
3377,2025-02-22,GB,ios,2024-12-31T00:00:00+00:00
3378,,CA,android,2024-12-31T00:00:00+00:00
3379,2025-02-23,CA,android,2024-12-31T00:00:00+00:00
3380,,CA,android,2024-12-31T00:00:00+00:00
3381,,IN,android,2024-12-31T00:00:00+00:00
3382,,IN,ios,2024-12-31T00:00:00+00:00
3383,,IN,android,2024-12-31T00:00:00+00:00
3384,,GB,ios,2024-12-31T00:00:00+00:00
3385,,IN,ios,2024-12-31T00:00:00+00:00
3386,2025-02-20,GB,android,2024-12-31T00:00:00+00:00
3387,,IN,android,2024-12-31T00:00:00+00:00
3388,,IN,android,2024-12-31T00:00:00+00:00
3389,2025-03-24,US,android,2024-12-31T00:00:00+00:00
3390,,US,android,2024-12-31T00:00:00+00:00
3391,2025-01-18,IN,ios,2024-12-31T00:00:00+00:00
3392,,IN,ios,2024-12-31T00:00:00+00:00
3393,,IN,android,2024-12-31T00:00:00+00:00
3394,,AU,android,2024-12-31T00:00:00+00:00
3395,,US,android,2024-12-31T00:00:00+00:00
3396,2025-03-04,US,ios,2024-12-31T00:00:00+00:00
3397,2025-01-26,IN,ios,2024-12-31T00:00:00+00:00
3398,2025-03-27,US,android,2024-12-31T00:00:00+00:00
3399,,AU,android,2024-12-31T00:00:00+00:00
3400,,US,android,2024-12-31T00:00:00+00:00
3401,2025-03-28,US,ios,2024-12-31T00:00:00+00:00
3402,,CA,android,2024-12-31T00:00:00+00:00
3403,,IN,android,2024-12-31T00:00:00+00:00
3404,,IN,android,2024-12-31T00:00:00+00:00
3405,,GB,android,2024-12-31T00:00:00+00:00
3406,,IN,android,2024-12-31T00:00:00+00:00
3407,,CA,android,2024-12-31T00:00:00+00:00
3408,,US,ios,2024-12-31T00:00:00+00:00
3409,,US,android,2024-12-31T00:00:00+00:00
3410,,US,ios,2024-12-31T00:00:00+00:00
3411,,AU,android,2024-12-31T00:00:00+00:00
3412,,US,ios,2024-12-31T00:00:00+00:00
3413,2025-03-25,US,android,2024-12-31T00:00:00+00:00
3414,,CA,ios,2024-12-31T00:00:00+00:00
3415,2025-02-07,CA,android,2024-12-31T00:00:00+00:00
3416,2025-02-19,IN,android,2024-12-31T00:00:00+00:00
3417,,IN,ios,2024-12-31T00:00:00+00:00
3418,,IN,ios,2024-12-31T00:00:00+00:00
3419,,CA,android,2024-12-31T00:00:00+00:00
3420,2025-02-08,IN,ios,2024-12-31T00:00:00+00:00
3421,,AU,android,2024-12-31T00:00:00+00:00
3422,2025-02-05,AU,android,2024-12-31T00:00:00+00:00
3423,,AU,android,2024-12-31T00:00:00+00:00
3424,,IN,android,2024-12-31T00:00:00+00:00
3425,2025-03-12,IN,ios,2024-12-31T00:00:00+00:00
3426,,IN,android,2024-12-31T00:00:00+00:00
3427,,US,android,2024-12-31T00:00:00+00:00
3428,,IN,ios,2024-12-31T00:00:00+00:00
3429,,AU,android,2024-12-31T00:00:00+00:00
3430,,IN,android,2024-12-31T00:00:00+00:00
3431,,IN,ios,2024-12-31T00:00:00+00:00
3432,,CA,android,2024-12-31T00:00:00+00:00
3433,,IN,ios,2024-12-31T00:00:00+00:00
3434,,IN,android,2024-12-31T00:00:00+00:00
3435,,GB,ios,2024-12-31T00:00:00+00:00
3436,,IN,ios,2024-12-31T00:00:00+00:00
3437,,IN,ios,2024-12-31T00:00:00+00:00
3438,2025-02-03,GB,android,2024-12-31T00:00:00+00:00
3439,,IN,android,2024-12-31T00:00:00+00:00
3440,2025-03-09,US,android,2024-12-31T00:00:00+00:00
3441,2025-02-08,US,android,2024-12-31T00:00:00+00:00
3442,,IN,android,2024-12-31T00:00:00+00:00
3443,,CA,android,2024-12-31T00:00:00+00:00
3444,,IN,ios,2024-12-31T00:00:00+00:00
3445,2025-02-15,IN,ios,2024-12-31T00:00:00+00:00
3446,,IN,android,2024-12-31T00:00:00+00:00
3447,,IN,android,2024-12-31T00:00:00+00:00
3448,,GB,android,2024-12-31T00:00:00+00:00
3449,,US,android,2024-12-31T00:00:00+00:00
3450,,US,android,2024-12-31T00:00:00+00:00
3451,,CA,android,2024-12-31T00:00:00+00:00
3452,,GB,android,2024-12-31T00:00:00+00:00
3453,,GB,ios,2024-12-31T00:00:00+00:00
3454,,IN,android,2024-12-31T00:00:00+00:00
3455,,IN,android,2024-12-31T00:00:00+00:00
3456,,CA,android,2024-12-31T00:00:00+00:00
3457,,IN,android,2024-12-31T00:00:00+00:00
3458,,US,android,2024-12-31T00:00:00+00:00
3459,,US,android,2024-12-31T00:00:00+00:00
3460,,GB,android,2024-12-31T00:00:00+00:00
3461,,IN,android,2024-12-31T00:00:00+00:00
3462,2025-03-19,US,android,2024-12-31T00:00:00+00:00
3463,,US,ios,2024-12-31T00:00:00+00:00
3464,,GB,android,2024-12-31T00:00:00+00:00
3465,,IN,ios,2024-12-31T00:00:00+00:00
3466,,AU,ios,2024-12-31T00:00:00+00:00
3467,,IN,ios,2024-12-31T00:00:00+00:00
3468,2025-02-18,IN,ios,2024-12-31T00:00:00+00:00
3469,,GB,android,2024-12-31T00:00:00+00:00
3470,,AU,android,2024-12-31T00:00:00+00:00
3471,2025-02-22,IN,ios,2024-12-31T00:00:00+00:00
3472,,IN,android,2024-12-31T00:00:00+00:00
3473,,IN,ios,2024-12-31T00:00:00+00:00
3474,,CA,ios,2024-12-31T00:00:00+00:00
3475,2025-03-20,IN,ios,2024-12-31T00:00:00+00:00
3476,2025-01-15,IN,android,2024-12-31T00:00:00+00:00
3477,,US,ios,2024-12-31T00:00:00+00:00
3478,,GB,ios,2024-12-31T00:00:00+00:00
3479,2025-01-16,IN,android,2024-12-31T00:00:00+00:00
3480,,IN,ios,2024-12-31T00:00:00+00:00
3481,,IN,android,2024-12-31T00:00:00+00:00
3482,,US,android,2024-12-31T00:00:00+00:00
3483,,GB,android,2024-12-31T00:00:00+00:00
3484,,IN,android,2024-12-31T00:00:00+00:00
3485,,CA,android,2024-12-31T00:00:00+00:00
3486,,IN,android,2024-12-31T00:00:00+00:00
3487,,IN,android,2024-12-31T00:00:00+00:00
3488,,AU,android,2024-12-31T00:00:00+00:00
3489,,IN,ios,2024-12-31T00:00:00+00:00
3490,,US,android,2024-12-31T00:00:00+00:00
3491,,US,android,2024-12-31T00:00:00+00:00
3492,,AU,android,2024-12-31T00:00:00+00:00
3493,,US,android,2024-12-31T00:00:00+00:00
3494,,AU,android,2024-12-31T00:00:00+00:00
3495,,IN,android,2024-12-31T00:00:00+00:00
3496,2025-01-21,GB,ios,2024-12-31T00:00:00+00:00
3497,,US,android,2024-12-31T00:00:00+00:00
3498,,IN,android,2024-12-31T00:00:00+00:00
3499,,US,ios,2024-12-31T00:00:00+00:00
3500,,US,ios,2024-12-31T00:00:00+00:00
3501,,IN,android,2024-12-31T00:00:00+00:00
3502,,IN,android,2024-12-31T00:00:00+00:00
3503,,IN,android,2024-12-31T00:00:00+00:00
3504,,IN,android,2024-12-31T00:00:00+00:00
3505,,US,android,2024-12-31T00:00:00+00:00
3506,,IN,android,2024-12-31T00:00:00+00:00
3507,,IN,android,2024-12-31T00:00:00+00:00
3508,2025-02-27,IN,ios,2024-12-31T00:00:00+00:00
3509,,US,android,2024-12-31T00:00:00+00:00
3510,,CA,android,2024-12-31T00:00:00+00:00
3511,,GB,ios,2024-12-31T00:00:00+00:00
3512,2025-02-04,GB,ios,2024-12-31T00:00:00+00:00
3513,,CA,android,2024-12-31T00:00:00+00:00
3514,,IN,android,2024-12-31T00:00:00+00:00
3515,,IN,android,2024-12-31T00:00:00+00:00
3516,2025-03-21,IN,android,2024-12-31T00:00:00+00:00
3517,,GB,ios,2024-12-31T00:00:00+00:00
3518,,US,ios,2024-12-31T00:00:00+00:00
3519,,IN,android,2024-12-31T00:00:00+00:00
3520,,IN,android,2024-12-31T00:00:00+00:00
3521,,IN,android,2024-12-31T00:00:00+00:00
3522,,GB,android,2024-12-31T00:00:00+00:00
3523,,IN,android,2024-12-31T00:00:00+00:00
3524,,IN,android,2024-12-31T00:00:00+00:00
3525,,CA,ios,2024-12-31T00:00:00+00:00
3526,,GB,android,2024-12-31T00:00:00+00:00
3527,,GB,android,2024-12-31T00:00:00+00:00
3528,,AU,android,2024-12-31T00:00:00+00:00
3529,,IN,android,2024-12-31T00:00:00+00:00
3530,,IN,android,2024-12-31T00:00:00+00:00
3531,,AU,android,2024-12-31T00:00:00+00:00
3532,,IN,android,2024-12-31T00:00:00+00:00
3533,,IN,android,2024-12-31T00:00:00+00:00
3534,,IN,android,2024-12-31T00:00:00+00:00
3535,,GB,android,2024-12-31T00:00:00+00:00
3536,,GB,ios,2024-12-31T00:00:00+00:00
3537,,AU,android,2024-12-31T00:00:00+00:00
3538,,IN,android,2024-12-31T00:00:00+00:00
3539,,IN,ios,2024-12-31T00:00:00+00:00
3540,2025-01-11,AU,android,2024-12-31T00:00:00+00:00
3541,2025-03-29,IN,android,2024-12-31T00:00:00+00:00
3542,2025-02-22,IN,android,2024-12-31T00:00:00+00:00
3543,,IN,android,2024-12-31T00:00:00+00:00
3544,2025-02-21,IN,android,2024-12-31T00:00:00+00:00
3545,,US,android,2024-12-31T00:00:00+00:00
3546,,GB,android,2024-12-31T00:00:00+00:00
3547,,IN,android,2024-12-31T00:00:00+00:00
3548,,IN,ios,2024-12-31T00:00:00+00:00
3549,2025-01-25,IN,ios,2024-12-31T00:00:00+00:00
3550,,GB,ios,2024-12-31T00:00:00+00:00
3551,,GB,ios,2024-12-31T00:00:00+00:00
3552,,US,ios,2024-12-31T00:00:00+00:00
3553,,IN,ios,2024-12-31T00:00:00+00:00
3554,,IN,android,2024-12-31T00:00:00+00:00
3555,,US,android,2024-12-31T00:00:00+00:00
3556,2025-03-17,US,android,2024-12-31T00:00:00+00:00
3557,,GB,android,2024-12-31T00:00:00+00:00
3558,,IN,android,2024-12-31T00:00:00+00:00
3559,2025-02-05,IN,android,2024-12-31T00:00:00+00:00
3560,,IN,android,2024-12-31T00:00:00+00:00
3561,,IN,ios,2024-12-31T00:00:00+00:00
3562,2025-02-05,AU,android,2024-12-31T00:00:00+00:00
3563,,GB,android,2024-12-31T00:00:00+00:00
3564,2025-01-12,US,ios,2024-12-31T00:00:00+00:00
3565,2025-01-12,IN,ios,2024-12-31T00:00:00+00:00
3566,2025-03-05,US,android,2024-12-31T00:00:00+00:00
3567,,GB,ios,2024-12-31T00:00:00+00:00
3568,2025-03-06,AU,android,2024-12-31T00:00:00+00:00
3569,,GB,ios,2024-12-31T00:00:00+00:00
3570,,IN,android,2024-12-31T00:00:00+00:00
3571,,US,android,2024-12-31T00:00:00+00:00
3572,,IN,android,2024-12-31T00:00:00+00:00
3573,,CA,android,2024-12-31T00:00:00+00:00
3574,,US,ios,2024-12-31T00:00:00+00:00
3575,,CA,ios,2024-12-31T00:00:00+00:00
3576,,US,android,2024-12-31T00:00:00+00:00
3577,,GB,android,2024-12-31T00:00:00+00:00
3578,,US,android,2024-12-31T00:00:00+00:00
3579,,US,android,2024-12-31T00:00:00+00:00
3580,,IN,ios,2024-12-31T00:00:00+00:00
3581,,IN,ios,2024-12-31T00:00:00+00:00
3582,,CA,android,2024-12-31T00:00:00+00:00
3583,,IN,android,2024-12-31T00:00:00+00:00
3584,,US,ios,2024-12-31T00:00:00+00:00
3585,,IN,ios,2024-12-31T00:00:00+00:00
3586,,US,android,2024-12-31T00:00:00+00:00
3587,,IN,android,2024-12-31T00:00:00+00:00
3588,,GB,ios,2024-12-31T00:00:00+00:00
3589,,IN,android,2024-12-31T00:00:00+00:00
3590,,IN,android,2024-12-31T00:00:00+00:00
3591,,GB,android,2024-12-31T00:00:00+00:00
3592,,GB,android,2024-12-31T00:00:00+00:00
3593,,IN,ios,2024-12-31T00:00:00+00:00
3594,,US,ios,2024-12-31T00:00:00+00:00
3595,2025-01-23,US,android,2024-12-31T00:00:00+00:00
3596,,GB,android,2024-12-31T00:00:00+00:00
3597,2025-02-09,IN,ios,2024-12-31T00:00:00+00:00
3598,,IN,android,2024-12-31T00:00:00+00:00
3599,,IN,android,2024-12-31T00:00:00+00:00
3600,,US,android,2024-12-31T00:00:00+00:00
3601,,US,ios,2024-12-31T00:00:00+00:00
3602,,US,ios,2024-12-31T00:00:00+00:00
3603,,IN,android,2024-12-31T00:00:00+00:00
3604,,IN,android,2024-12-31T00:00:00+00:00
3605,,CA,android,2024-12-31T00:00:00+00:00
3606,,IN,ios,2024-12-31T00:00:00+00:00
3607,2025-02-23,IN,android,2024-12-31T00:00:00+00:00
3608,2025-01-24,IN,android,2024-12-31T00:00:00+00:00
3609,,IN,ios,2024-12-31T00:00:00+00:00
3610,,IN,ios,2024-12-31T00:00:00+00:00
3611,,US,android,2024-12-31T00:00:00+00:00
3612,,IN,android,2024-12-31T00:00:00+00:00
3613,,GB,ios,2024-12-31T00:00:00+00:00
3614,,GB,android,2024-12-31T00:00:00+00:00
3615,,IN,android,2024-12-31T00:00:00+00:00
3616,,GB,ios,2024-12-31T00:00:00+00:00
3617,2025-03-27,AU,android,2024-12-31T00:00:00+00:00
3618,2025-03-29,US,ios,2024-12-31T00:00:00+00:00
3619,,CA,android,2024-12-31T00:00:00+00:00
3620,,CA,ios,2024-12-31T00:00:00+00:00
3621,,IN,android,2024-12-31T00:00:00+00:00
3622,,IN,android,2024-12-31T00:00:00+00:00
3623,,GB,android,2024-12-31T00:00:00+00:00
3624,2025-03-23,IN,android,2024-12-31T00:00:00+00:00
3625,,US,android,2024-12-31T00:00:00+00:00
3626,,US,android,2024-12-31T00:00:00+00:00
3627,,GB,android,2024-12-31T00:00:00+00:00
3628,2025-03-14,IN,android,2024-12-31T00:00:00+00:00
3629,,IN,ios,2024-12-31T00:00:00+00:00
3630,,IN,ios,2024-12-31T00:00:00+00:00
3631,,IN,android,2024-12-31T00:00:00+00:00
3632,2025-03-14,GB,android,2024-12-31T00:00:00+00:00
3633,,US,android,2024-12-31T00:00:00+00:00
3634,,IN,android,2024-12-31T00:00:00+00:00
3635,,IN,android,2024-12-31T00:00:00+00:00
3636,,GB,ios,2024-12-31T00:00:00+00:00
3637,,IN,android,2024-12-31T00:00:00+00:00
3638,2025-01-30,AU,android,2024-12-31T00:00:00+00:00
3639,,US,android,2024-12-31T00:00:00+00:00
3640,,IN,android,2024-12-31T00:00:00+00:00
3641,,IN,android,2024-12-31T00:00:00+00:00
3642,,IN,android,2024-12-31T00:00:00+00:00
3643,,IN,ios,2024-12-31T00:00:00+00:00
3644,,IN,android,2024-12-31T00:00:00+00:00
3645,,GB,android,2024-12-31T00:00:00+00:00
3646,,IN,android,2024-12-31T00:00:00+00:00
3647,2025-03-29,IN,ios,2024-12-31T00:00:00+00:00
3648,,US,android,2024-12-31T00:00:00+00:00
3649,,GB,android,2024-12-31T00:00:00+00:00
3650,,US,android,2024-12-31T00:00:00+00:00
3651,,US,android,2024-12-31T00:00:00+00:00
3652,,IN,ios,2024-12-31T00:00:00+00:00
3653,,IN,ios,2024-12-31T00:00:00+00:00
3654,2025-02-24,IN,android,2024-12-31T00:00:00+00:00
3655,,IN,ios,2024-12-31T00:00:00+00:00
3656,,IN,ios,2024-12-31T00:00:00+00:00
3657,2025-02-16,IN,android,2024-12-31T00:00:00+00:00
3658,2025-03-28,IN,android,2024-12-31T00:00:00+00:00
3659,,US,android,2024-12-31T00:00:00+00:00
3660,,IN,android,2024-12-31T00:00:00+00:00
3661,,IN,android,2024-12-31T00:00:00+00:00
3662,2025-02-08,IN,android,2024-12-31T00:00:00+00:00
3663,,AU,android,2024-12-31T00:00:00+00:00
3664,,IN,ios,2024-12-31T00:00:00+00:00
3665,,US,android,2024-12-31T00:00:00+00:00
3666,2025-02-21,GB,android,2024-12-31T00:00:00+00:00
3667,,IN,android,2024-12-31T00:00:00+00:00
3668,,GB,android,2024-12-31T00:00:00+00:00
3669,,US,android,2024-12-31T00:00:00+00:00
3670,,IN,android,2024-12-31T00:00:00+00:00
3671,,IN,ios,2024-12-31T00:00:00+00:00
3672,,IN,android,2024-12-31T00:00:00+00:00
3673,,IN,android,2024-12-31T00:00:00+00:00
3674,,IN,ios,2024-12-31T00:00:00+00:00
3675,2025-01-31,IN,ios,2024-12-31T00:00:00+00:00
3676,,US,android,2024-12-31T00:00:00+00:00
3677,,IN,android,2024-12-31T00:00:00+00:00
3678,,IN,ios,2024-12-31T00:00:00+00:00
3679,,IN,android,2024-12-31T00:00:00+00:00
3680,,CA,android,2024-12-31T00:00:00+00:00
3681,,IN,android,2024-12-31T00:00:00+00:00
3682,,US,android,2024-12-31T00:00:00+00:00
3683,,GB,ios,2024-12-31T00:00:00+00:00
3684,,IN,android,2024-12-31T00:00:00+00:00
3685,,IN,ios,2024-12-31T00:00:00+00:00
3686,,US,android,2024-12-31T00:00:00+00:00
3687,,IN,ios,2024-12-31T00:00:00+00:00
3688,,CA,ios,2024-12-31T00:00:00+00:00
3689,,US,android,2024-12-31T00:00:00+00:00
3690,,US,android,2024-12-31T00:00:00+00:00
3691,2025-01-10,IN,android,2024-12-31T00:00:00+00:00
3692,,IN,ios,2024-12-31T00:00:00+00:00
3693,,GB,ios,2024-12-31T00:00:00+00:00
3694,,IN,android,2024-12-31T00:00:00+00:00
3695,,US,ios,2024-12-31T00:00:00+00:00
3696,2025-02-23,GB,android,2024-12-31T00:00:00+00:00
3697,,IN,android,2024-12-31T00:00:00+00:00
3698,,IN,ios,2024-12-31T00:00:00+00:00
3699,,GB,android,2024-12-31T00:00:00+00:00
3700,,IN,android,2024-12-31T00:00:00+00:00
3701,2025-01-15,IN,ios,2024-12-31T00:00:00+00:00
3702,,IN,android,2024-12-31T00:00:00+00:00
3703,,GB,android,2024-12-31T00:00:00+00:00
3704,,IN,ios,2024-12-31T00:00:00+00:00
3705,,IN,android,2024-12-31T00:00:00+00:00
3706,,IN,android,2024-12-31T00:00:00+00:00
3707,,US,ios,2024-12-31T00:00:00+00:00
3708,,IN,android,2024-12-31T00:00:00+00:00
3709,,CA,android,2024-12-31T00:00:00+00:00
3710,,CA,ios,2024-12-31T00:00:00+00:00
3711,,IN,ios,2024-12-31T00:00:00+00:00
3712,,IN,android,2024-12-31T00:00:00+00:00
3713,,US,ios,2024-12-31T00:00:00+00:00
3714,,US,android,2024-12-31T00:00:00+00:00
3715,,US,ios,2024-12-31T00:00:00+00:00
3716,,US,android,2024-12-31T00:00:00+00:00
3717,,IN,android,2024-12-31T00:00:00+00:00
3718,2025-03-30,IN,ios,2024-12-31T00:00:00+00:00
3719,,GB,android,2024-12-31T00:00:00+00:00
3720,,GB,android,2024-12-31T00:00:00+00:00
3721,,GB,android,2024-12-31T00:00:00+00:00
3722,,IN,ios,2024-12-31T00:00:00+00:00
3723,,IN,android,2024-12-31T00:00:00+00:00
3724,2025-02-10,IN,android,2024-12-31T00:00:00+00:00
3725,,CA,ios,2024-12-31T00:00:00+00:00
3726,,IN,ios,2024-12-31T00:00:00+00:00
3727,,AU,ios,2024-12-31T00:00:00+00:00
3728,,IN,android,2024-12-31T00:00:00+00:00
3729,,IN,android,2024-12-31T00:00:00+00:00
3730,,GB,android,2024-12-31T00:00:00+00:00
3731,,IN,android,2024-12-31T00:00:00+00:00
3732,,US,ios,2024-12-31T00:00:00+00:00
3733,2025-03-28,US,android,2024-12-31T00:00:00+00:00
3734,,IN,ios,2024-12-31T00:00:00+00:00
3735,2025-03-03,CA,android,2024-12-31T00:00:00+00:00
3736,,US,android,2024-12-31T00:00:00+00:00
3737,2025-03-26,CA,android,2024-12-31T00:00:00+00:00
3738,2025-02-23,IN,ios,2024-12-31T00:00:00+00:00
3739,,US,android,2024-12-31T00:00:00+00:00
3740,,US,ios,2024-12-31T00:00:00+00:00
3741,2025-02-08,AU,ios,2024-12-31T00:00:00+00:00
3742,,IN,android,2024-12-31T00:00:00+00:00
3743,2025-01-24,IN,android,2024-12-31T00:00:00+00:00
3744,,US,android,2024-12-31T00:00:00+00:00
3745,,IN,android,2024-12-31T00:00:00+00:00
3746,,GB,android,2024-12-31T00:00:00+00:00
3747,,US,android,2024-12-31T00:00:00+00:00
3748,,US,ios,2024-12-31T00:00:00+00:00
3749,,CA,ios,2024-12-31T00:00:00+00:00
3750,2025-02-07,GB,ios,2024-12-31T00:00:00+00:00
3751,,IN,android,2024-12-31T00:00:00+00:00
3752,,GB,ios,2024-12-31T00:00:00+00:00
3753,,GB,ios,2024-12-31T00:00:00+00:00
3754,,US,ios,2024-12-31T00:00:00+00:00
3755,,US,android,2024-12-31T00:00:00+00:00
3756,,IN,android,2024-12-31T00:00:00+00:00
3757,,IN,ios,2024-12-31T00:00:00+00:00
3758,,AU,android,2024-12-31T00:00:00+00:00
3759,,IN,android,2024-12-31T00:00:00+00:00
3760,,AU,ios,2024-12-31T00:00:00+00:00
3761,,CA,android,2024-12-31T00:00:00+00:00
3762,,IN,android,2024-12-31T00:00:00+00:00
3763,,US,ios,2024-12-31T00:00:00+00:00
3764,,IN,ios,2024-12-31T00:00:00+00:00
3765,,US,ios,2024-12-31T00:00:00+00:00
3766,,IN,android,2024-12-31T00:00:00+00:00
3767,2025-02-17,US,ios,2024-12-31T00:00:00+00:00
3768,2025-02-07,IN,android,2024-12-31T00:00:00+00:00
3769,2025-02-26,IN,android,2024-12-31T00:00:00+00:00
3770,,IN,android,2024-12-31T00:00:00+00:00
3771,,IN,android,2024-12-31T00:00:00+00:00
3772,,IN,android,2024-12-31T00:00:00+00:00
3773,,AU,android,2024-12-31T00:00:00+00:00
3774,,IN,ios,2024-12-31T00:00:00+00:00
3775,,IN,ios,2024-12-31T00:00:00+00:00
3776,,US,android,2024-12-31T00:00:00+00:00
3777,,IN,ios,2024-12-31T00:00:00+00:00
3778,2025-01-05,US,android,2024-12-31T00:00:00+00:00
3779,,IN,android,2024-12-31T00:00:00+00:00
3780,2025-03-05,US,android,2024-12-31T00:00:00+00:00
3781,,IN,ios,2024-12-31T00:00:00+00:00
3782,2025-02-10,AU,android,2024-12-31T00:00:00+00:00
3783,,US,android,2024-12-31T00:00:00+00:00
3784,,AU,android,2024-12-31T00:00:00+00:00
3785,,IN,android,2024-12-31T00:00:00+00:00
3786,,IN,ios,2024-12-31T00:00:00+00:00
3787,,US,android,2024-12-31T00:00:00+00:00
3788,,CA,android,2024-12-31T00:00:00+00:00
3789,,US,android,2024-12-31T00:00:00+00:00
3790,,IN,android,2024-12-31T00:00:00+00:00
3791,,AU,android,2024-12-31T00:00:00+00:00
3792,,US,android,2024-12-31T00:00:00+00:00
3793,,US,android,2024-12-31T00:00:00+00:00
3794,,IN,android,2024-12-31T00:00:00+00:00
3795,,GB,ios,2024-12-31T00:00:00+00:00
3796,,IN,ios,2024-12-31T00:00:00+00:00
3797,,US,ios,2024-12-31T00:00:00+00:00
3798,2025-01-12,US,android,2024-12-31T00:00:00+00:00
3799,,AU,ios,2024-12-31T00:00:00+00:00
3800,,US,android,2024-12-31T00:00:00+00:00
3801,,IN,ios,2024-12-31T00:00:00+00:00
3802,,GB,ios,2024-12-31T00:00:00+00:00
3803,,IN,android,2024-12-31T00:00:00+00:00
3804,,US,android,2024-12-31T00:00:00+00:00
3805,,GB,android,2024-12-31T00:00:00+00:00
3806,,US,ios,2024-12-31T00:00:00+00:00
3807,,IN,android,2024-12-31T00:00:00+00:00
3808,,US,android,2024-12-31T00:00:00+00:00
3809,2025-03-23,US,android,2024-12-31T00:00:00+00:00
3810,2025-03-03,US,ios,2024-12-31T00:00:00+00:00
3811,,GB,android,2024-12-31T00:00:00+00:00
3812,2025-03-26,GB,android,2024-12-31T00:00:00+00:00
3813,,US,ios,2024-12-31T00:00:00+00:00
3814,,IN,android,2024-12-31T00:00:00+00:00
3815,,AU,ios,2024-12-31T00:00:00+00:00
3816,2025-03-30,IN,android,2024-12-31T00:00:00+00:00
3817,,US,android,2024-12-31T00:00:00+00:00
3818,,GB,android,2024-12-31T00:00:00+00:00
3819,,CA,android,2024-12-31T00:00:00+00:00
3820,,US,android,2024-12-31T00:00:00+00:00
3821,2025-01-28,IN,android,2024-12-31T00:00:00+00:00
3822,2025-03-12,IN,android,2024-12-31T00:00:00+00:00
3823,,IN,android,2024-12-31T00:00:00+00:00
3824,,US,ios,2024-12-31T00:00:00+00:00
3825,2025-03-30,GB,android,2024-12-31T00:00:00+00:00
3826,,GB,ios,2024-12-31T00:00:00+00:00
3827,,CA,android,2024-12-31T00:00:00+00:00
3828,,AU,android,2024-12-31T00:00:00+00:00
3829,,US,android,2024-12-31T00:00:00+00:00
3830,,US,ios,2024-12-31T00:00:00+00:00
3831,,IN,ios,2024-12-31T00:00:00+00:00
3832,,IN,android,2024-12-31T00:00:00+00:00
3833,2025-03-04,AU,android,2024-12-31T00:00:00+00:00
3834,,AU,android,2024-12-31T00:00:00+00:00
3835,,US,android,2024-12-31T00:00:00+00:00
3836,,IN,android,2024-12-31T00:00:00+00:00
3837,,IN,android,2024-12-31T00:00:00+00:00
3838,,IN,android,2024-12-31T00:00:00+00:00
3839,,US,ios,2024-12-31T00:00:00+00:00
3840,,IN,android,2024-12-31T00:00:00+00:00
3841,,US,android,2024-12-31T00:00:00+00:00
3842,,IN,ios,2024-12-31T00:00:00+00:00
3843,,AU,android,2024-12-31T00:00:00+00:00
3844,,IN,android,2024-12-31T00:00:00+00:00
3845,,AU,android,2024-12-31T00:00:00+00:00
3846,,US,android,2024-12-31T00:00:00+00:00
3847,,AU,ios,2024-12-31T00:00:00+00:00
3848,2025-03-19,IN,ios,2024-12-31T00:00:00+00:00
3849,2025-03-01,AU,ios,2024-12-31T00:00:00+00:00
3850,,IN,android,2024-12-31T00:00:00+00:00
3851,,CA,android,2024-12-31T00:00:00+00:00
3852,,US,ios,2024-12-31T00:00:00+00:00
3853,,IN,android,2024-12-31T00:00:00+00:00
3854,,US,android,2024-12-31T00:00:00+00:00
3855,,GB,android,2024-12-31T00:00:00+00:00
3856,,US,ios,2024-12-31T00:00:00+00:00
3857,,GB,android,2024-12-31T00:00:00+00:00
3858,,US,android,2024-12-31T00:00:00+00:00
3859,,US,android,2024-12-31T00:00:00+00:00
3860,,US,android,2024-12-31T00:00:00+00:00
3861,,IN,ios,2024-12-31T00:00:00+00:00
3862,,US,ios,2024-12-31T00:00:00+00:00
3863,,US,android,2024-12-31T00:00:00+00:00
3864,,IN,ios,2024-12-31T00:00:00+00:00
3865,,AU,android,2024-12-31T00:00:00+00:00
3866,,IN,ios,2024-12-31T00:00:00+00:00
3867,2025-01-26,IN,android,2024-12-31T00:00:00+00:00
3868,2025-03-03,US,android,2024-12-31T00:00:00+00:00
3869,2025-03-30,IN,android,2024-12-31T00:00:00+00:00
3870,,IN,android,2024-12-31T00:00:00+00:00
3871,,IN,android,2024-12-31T00:00:00+00:00
3872,,IN,android,2024-12-31T00:00:00+00:00
3873,,GB,android,2024-12-31T00:00:00+00:00
3874,,CA,android,2024-12-31T00:00:00+00:00
3875,,GB,android,2024-12-31T00:00:00+00:00
3876,,GB,android,2024-12-31T00:00:00+00:00
3877,,IN,android,2024-12-31T00:00:00+00:00
3878,,IN,ios,2024-12-31T00:00:00+00:00
3879,,US,android,2024-12-31T00:00:00+00:00
3880,,GB,android,2024-12-31T00:00:00+00:00
3881,,US,android,2024-12-31T00:00:00+00:00
3882,2025-03-13,IN,android,2024-12-31T00:00:00+00:00
3883,,IN,android,2024-12-31T00:00:00+00:00
3884,,GB,android,2024-12-31T00:00:00+00:00
3885,,CA,android,2024-12-31T00:00:00+00:00
3886,,IN,android,2024-12-31T00:00:00+00:00
3887,,US,android,2024-12-31T00:00:00+00:00
3888,,IN,android,2024-12-31T00:00:00+00:00
3889,,IN,android,2024-12-31T00:00:00+00:00
3890,,US,ios,2024-12-31T00:00:00+00:00
3891,,IN,android,2024-12-31T00:00:00+00:00
3892,,US,android,2024-12-31T00:00:00+00:00
3893,,IN,android,2024-12-31T00:00:00+00:00
3894,,IN,android,2024-12-31T00:00:00+00:00
3895,,AU,ios,2024-12-31T00:00:00+00:00
3896,,IN,android,2024-12-31T00:00:00+00:00
3897,,US,android,2024-12-31T00:00:00+00:00
3898,,IN,android,2024-12-31T00:00:00+00:00
3899,,GB,android,2024-12-31T00:00:00+00:00
3900,,CA,android,2024-12-31T00:00:00+00:00
3901,2025-03-21,AU,android,2024-12-31T00:00:00+00:00
3902,,CA,android,2024-12-31T00:00:00+00:00
3903,,IN,android,2024-12-31T00:00:00+00:00
3904,,IN,ios,2024-12-31T00:00:00+00:00
3905,,GB,ios,2024-12-31T00:00:00+00:00
3906,,IN,ios,2024-12-31T00:00:00+00:00
3907,,CA,ios,2024-12-31T00:00:00+00:00
3908,2025-02-07,IN,android,2024-12-31T00:00:00+00:00
3909,,IN,ios,2024-12-31T00:00:00+00:00
3910,,US,android,2024-12-31T00:00:00+00:00
3911,,IN,ios,2024-12-31T00:00:00+00:00
3912,,US,android,2024-12-31T00:00:00+00:00
3913,,IN,ios,2024-12-31T00:00:00+00:00
3914,,GB,android,2024-12-31T00:00:00+00:00
3915,2025-03-11,IN,android,2024-12-31T00:00:00+00:00
3916,,CA,android,2024-12-31T00:00:00+00:00
3917,,GB,android,2024-12-31T00:00:00+00:00
3918,2025-02-11,IN,ios,2024-12-31T00:00:00+00:00
3919,,CA,android,2024-12-31T00:00:00+00:00
3920,,IN,android,2024-12-31T00:00:00+00:00
3921,,US,android,2024-12-31T00:00:00+00:00
3922,2025-01-13,GB,ios,2024-12-31T00:00:00+00:00
3923,,IN,android,2024-12-31T00:00:00+00:00
3924,,US,android,2024-12-31T00:00:00+00:00
3925,,US,ios,2024-12-31T00:00:00+00:00
3926,,IN,android,2024-12-31T00:00:00+00:00
3927,,GB,android,2024-12-31T00:00:00+00:00
3928,,IN,android,2024-12-31T00:00:00+00:00
3929,,IN,android,2024-12-31T00:00:00+00:00
3930,,IN,android,2024-12-31T00:00:00+00:00
3931,2025-02-28,US,android,2024-12-31T00:00:00+00:00
3932,,US,ios,2024-12-31T00:00:00+00:00
3933,,US,ios,2024-12-31T00:00:00+00:00
3934,,IN,ios,2024-12-31T00:00:00+00:00
3935,,IN,android,2024-12-31T00:00:00+00:00
3936,,IN,android,2024-12-31T00:00:00+00:00
3937,,GB,android,2024-12-31T00:00:00+00:00
3938,2025-03-30,IN,android,2024-12-31T00:00:00+00:00
3939,2025-03-11,IN,android,2024-12-31T00:00:00+00:00
3940,,CA,android,2024-12-31T00:00:00+00:00
3941,,GB,android,2024-12-31T00:00:00+00:00
3942,,US,android,2024-12-31T00:00:00+00:00
3943,,US,ios,2024-12-31T00:00:00+00:00
3944,,IN,android,2024-12-31T00:00:00+00:00
3945,,AU,android,2024-12-31T00:00:00+00:00
3946,,IN,ios,2024-12-31T00:00:00+00:00
3947,,CA,android,2024-12-31T00:00:00+00:00
3948,,AU,ios,2024-12-31T00:00:00+00:00
3949,,IN,android,2024-12-31T00:00:00+00:00
3950,,US,android,2024-12-31T00:00:00+00:00
3951,,IN,android,2024-12-31T00:00:00+00:00
3952,2025-01-24,IN,ios,2024-12-31T00:00:00+00:00
3953,2025-02-01,IN,android,2024-12-31T00:00:00+00:00
3954,,IN,android,2024-12-31T00:00:00+00:00
3955,2025-02-21,GB,android,2024-12-31T00:00:00+00:00
3956,,AU,android,2024-12-31T00:00:00+00:00
3957,,IN,android,2024-12-31T00:00:00+00:00
3958,2025-01-14,IN,android,2024-12-31T00:00:00+00:00
3959,,GB,android,2024-12-31T00:00:00+00:00
3960,,US,ios,2024-12-31T00:00:00+00:00
3961,2025-02-01,GB,ios,2024-12-31T00:00:00+00:00
3962,,US,android,2024-12-31T00:00:00+00:00
3963,2025-03-07,IN,ios,2024-12-31T00:00:00+00:00
3964,,IN,android,2024-12-31T00:00:00+00:00
3965,,CA,ios,2024-12-31T00:00:00+00:00
3966,,AU,android,2024-12-31T00:00:00+00:00
3967,2025-03-28,IN,android,2024-12-31T00:00:00+00:00
3968,2025-03-04,US,android,2024-12-31T00:00:00+00:00
3969,,IN,android,2024-12-31T00:00:00+00:00
3970,,GB,android,2024-12-31T00:00:00+00:00
3971,2025-03-10,IN,ios,2024-12-31T00:00:00+00:00
3972,2025-03-22,IN,android,2024-12-31T00:00:00+00:00
3973,,IN,ios,2024-12-31T00:00:00+00:00
3974,,IN,android,2024-12-31T00:00:00+00:00
3975,,US,android,2024-12-31T00:00:00+00:00
3976,2025-02-01,IN,android,2024-12-31T00:00:00+00:00
3977,,IN,android,2024-12-31T00:00:00+00:00
3978,2025-03-06,IN,android,2024-12-31T00:00:00+00:00
3979,2025-01-27,GB,android,2024-12-31T00:00:00+00:00
3980,,US,android,2024-12-31T00:00:00+00:00
3981,,GB,ios,2024-12-31T00:00:00+00:00
3982,,IN,android,2024-12-31T00:00:00+00:00
3983,2025-01-30,CA,android,2024-12-31T00:00:00+00:00
3984,,GB,android,2024-12-31T00:00:00+00:00
3985,,IN,android,2024-12-31T00:00:00+00:00
3986,2025-01-26,IN,android,2024-12-31T00:00:00+00:00
3987,,CA,android,2024-12-31T00:00:00+00:00
3988,,IN,ios,2024-12-31T00:00:00+00:00
3989,,US,android,2024-12-31T00:00:00+00:00
3990,,GB,android,2024-12-31T00:00:00+00:00
3991,,IN,android,2024-12-31T00:00:00+00:00
3992,,GB,android,2024-12-31T00:00:00+00:00
3993,,US,android,2024-12-31T00:00:00+00:00
3994,,AU,android,2024-12-31T00:00:00+00:00
3995,2025-03-02,IN,ios,2024-12-31T00:00:00+00:00
3996,,GB,android,2024-12-31T00:00:00+00:00
3997,,US,ios,2024-12-31T00:00:00+00:00
3998,,IN,android,2024-12-31T00:00:00+00:00
3999,,GB,android,2024-12-31T00:00:00+00:00
4000,2025-02-07,IN,android,2024-12-31T00:00:00+00:00
4001,,CA,android,2024-12-31T00:00:00+00:00
4002,,IN,ios,2024-12-31T00:00:00+00:00
4003,,IN,ios,2024-12-31T00:00:00+00:00
4004,,CA,android,2024-12-31T00:00:00+00:00
4005,2025-01-23,IN,android,2024-12-31T00:00:00+00:00
4006,,GB,android,2024-12-31T00:00:00+00:00
4007,2025-02-04,IN,android,2024-12-31T00:00:00+00:00
4008,,AU,android,2024-12-31T00:00:00+00:00
4009,,US,android,2024-12-31T00:00:00+00:00
4010,,US,android,2024-12-31T00:00:00+00:00
4011,,IN,android,2024-12-31T00:00:00+00:00
4012,,IN,ios,2024-12-31T00:00:00+00:00
4013,,AU,android,2024-12-31T00:00:00+00:00
4014,,IN,android,2024-12-31T00:00:00+00:00
4015,,US,android,2024-12-31T00:00:00+00:00
4016,,GB,android,2024-12-31T00:00:00+00:00
4017,,IN,android,2024-12-31T00:00:00+00:00
4018,,CA,android,2024-12-31T00:00:00+00:00
4019,2025-01-26,IN,ios,2024-12-31T00:00:00+00:00
4020,,AU,android,2024-12-31T00:00:00+00:00
4021,,CA,android,2024-12-31T00:00:00+00:00
4022,,US,ios,2024-12-31T00:00:00+00:00
4023,,CA,ios,2024-12-31T00:00:00+00:00
4024,,US,android,2024-12-31T00:00:00+00:00
4025,,US,ios,2024-12-31T00:00:00+00:00
4026,,AU,ios,2024-12-31T00:00:00+00:00
4027,,IN,android,2024-12-31T00:00:00+00:00
4028,,IN,android,2024-12-31T00:00:00+00:00
4029,,IN,android,2024-12-31T00:00:00+00:00
4030,,GB,android,2024-12-31T00:00:00+00:00
4031,2025-02-24,IN,ios,2024-12-31T00:00:00+00:00
4032,,IN,ios,2024-12-31T00:00:00+00:00
4033,2025-02-23,US,android,2024-12-31T00:00:00+00:00
4034,,IN,android,2024-12-31T00:00:00+00:00
4035,2025-01-13,CA,android,2024-12-31T00:00:00+00:00
4036,,IN,android,2024-12-31T00:00:00+00:00
4037,,US,ios,2024-12-31T00:00:00+00:00
4038,2025-01-19,US,android,2024-12-31T00:00:00+00:00
4039,,GB,android,2024-12-31T00:00:00+00:00
4040,,IN,android,2024-12-31T00:00:00+00:00
4041,,US,android,2024-12-31T00:00:00+00:00
4042,,CA,ios,2024-12-31T00:00:00+00:00
4043,2025-01-31,IN,ios,2024-12-31T00:00:00+00:00
4044,,CA,android,2024-12-31T00:00:00+00:00
4045,2025-02-21,IN,android,2024-12-31T00:00:00+00:00
4046,,US,android,2024-12-31T00:00:00+00:00
4047,,US,android,2024-12-31T00:00:00+00:00
4048,2025-03-28,AU,android,2024-12-31T00:00:00+00:00
4049,,IN,android,2024-12-31T00:00:00+00:00
4050,,IN,android,2024-12-31T00:00:00+00:00
4051,,GB,android,2024-12-31T00:00:00+00:00
4052,,IN,android,2024-12-31T00:00:00+00:00
4053,,GB,android,2024-12-31T00:00:00+00:00
4054,2025-03-23,IN,android,2024-12-31T00:00:00+00:00
4055,2025-03-26,IN,ios,2024-12-31T00:00:00+00:00
4056,,US,android,2024-12-31T00:00:00+00:00
4057,2025-03-30,AU,android,2024-12-31T00:00:00+00:00
4058,,GB,ios,2024-12-31T00:00:00+00:00
4059,,GB,android,2024-12-31T00:00:00+00:00
4060,,IN,ios,2024-12-31T00:00:00+00:00
4061,,IN,android,2024-12-31T00:00:00+00:00
4062,,GB,android,2024-12-31T00:00:00+00:00
4063,,US,ios,2024-12-31T00:00:00+00:00
4064,,GB,ios,2024-12-31T00:00:00+00:00
4065,,GB,ios,2024-12-31T00:00:00+00:00
4066,2025-03-23,US,android,2024-12-31T00:00:00+00:00
4067,,US,android,2024-12-31T00:00:00+00:00
4068,,GB,android,2024-12-31T00:00:00+00:00
4069,,US,android,2024-12-31T00:00:00+00:00
4070,,US,android,2024-12-31T00:00:00+00:00
4071,2025-02-20,IN,ios,2024-12-31T00:00:00+00:00
4072,,GB,android,2024-12-31T00:00:00+00:00
4073,,US,ios,2024-12-31T00:00:00+00:00
4074,,GB,android,2024-12-31T00:00:00+00:00
4075,2025-03-22,GB,android,2024-12-31T00:00:00+00:00
4076,,IN,android,2024-12-31T00:00:00+00:00
4077,,AU,android,2024-12-31T00:00:00+00:00
4078,,US,ios,2024-12-31T00:00:00+00:00
4079,,CA,android,2024-12-31T00:00:00+00:00
4080,,IN,android,2024-12-31T00:00:00+00:00
4081,,AU,ios,2024-12-31T00:00:00+00:00
4082,,CA,android,2024-12-31T00:00:00+00:00
4083,2025-03-07,US,ios,2024-12-31T00:00:00+00:00
4084,,IN,android,2024-12-31T00:00:00+00:00
4085,,GB,ios,2024-12-31T00:00:00+00:00
4086,,US,android,2024-12-31T00:00:00+00:00
4087,,IN,android,2024-12-31T00:00:00+00:00
4088,,US,android,2024-12-31T00:00:00+00:00
4089,,CA,android,2024-12-31T00:00:00+00:00
4090,,IN,android,2024-12-31T00:00:00+00:00
4091,,IN,android,2024-12-31T00:00:00+00:00
4092,,AU,android,2024-12-31T00:00:00+00:00
4093,,IN,android,2024-12-31T00:00:00+00:00
4094,,IN,android,2024-12-31T00:00:00+00:00
4095,,IN,ios,2024-12-31T00:00:00+00:00
4096,,IN,android,2024-12-31T00:00:00+00:00
4097,,US,ios,2024-12-31T00:00:00+00:00
4098,,IN,android,2024-12-31T00:00:00+00:00
4099,2025-02-12,IN,android,2024-12-31T00:00:00+00:00
4100,,IN,android,2024-12-31T00:00:00+00:00
4101,,IN,android,2024-12-31T00:00:00+00:00
4102,,US,ios,2024-12-31T00:00:00+00:00
4103,,US,ios,2024-12-31T00:00:00+00:00
4104,,GB,ios,2024-12-31T00:00:00+00:00
4105,,US,android,2024-12-31T00:00:00+00:00
4106,,IN,ios,2024-12-31T00:00:00+00:00
4107,,IN,android,2024-12-31T00:00:00+00:00
4108,,IN,android,2024-12-31T00:00:00+00:00
4109,,AU,ios,2024-12-31T00:00:00+00:00
4110,,AU,android,2024-12-31T00:00:00+00:00
4111,,US,android,2024-12-31T00:00:00+00:00
4112,,AU,android,2024-12-31T00:00:00+00:00
4113,2025-02-15,IN,ios,2024-12-31T00:00:00+00:00
4114,,CA,android,2024-12-31T00:00:00+00:00
4115,,GB,ios,2024-12-31T00:00:00+00:00
4116,2025-03-30,US,android,2024-12-31T00:00:00+00:00
4117,,IN,android,2024-12-31T00:00:00+00:00
4118,,AU,ios,2024-12-31T00:00:00+00:00
4119,,US,ios,2024-12-31T00:00:00+00:00
4120,2025-03-20,IN,android,2024-12-31T00:00:00+00:00
4121,,CA,android,2024-12-31T00:00:00+00:00
4122,,GB,android,2024-12-31T00:00:00+00:00
4123,,IN,android,2024-12-31T00:00:00+00:00
4124,,US,android,2024-12-31T00:00:00+00:00
4125,,US,android,2024-12-31T00:00:00+00:00
4126,,IN,ios,2024-12-31T00:00:00+00:00
4127,,IN,ios,2024-12-31T00:00:00+00:00
4128,,IN,ios,2024-12-31T00:00:00+00:00
4129,,IN,ios,2024-12-31T00:00:00+00:00
4130,,CA,android,2024-12-31T00:00:00+00:00
4131,,US,ios,2024-12-31T00:00:00+00:00
4132,,IN,android,2024-12-31T00:00:00+00:00
4133,2025-02-05,US,android,2024-12-31T00:00:00+00:00
4134,,IN,ios,2024-12-31T00:00:00+00:00
4135,2025-03-28,GB,android,2024-12-31T00:00:00+00:00
4136,,GB,android,2024-12-31T00:00:00+00:00
4137,,IN,android,2024-12-31T00:00:00+00:00
4138,2025-01-06,IN,android,2024-12-31T00:00:00+00:00
4139,,IN,android,2024-12-31T00:00:00+00:00
4140,,US,ios,2024-12-31T00:00:00+00:00
4141,,US,android,2024-12-31T00:00:00+00:00
4142,,IN,android,2024-12-31T00:00:00+00:00
4143,2025-02-07,IN,android,2024-12-31T00:00:00+00:00
4144,,IN,ios,2024-12-31T00:00:00+00:00
4145,,AU,ios,2024-12-31T00:00:00+00:00
4146,,IN,android,2024-12-31T00:00:00+00:00
4147,,AU,android,2024-12-31T00:00:00+00:00
4148,,AU,android,2024-12-31T00:00:00+00:00
4149,,IN,android,2024-12-31T00:00:00+00:00
4150,,US,android,2024-12-31T00:00:00+00:00
4151,,GB,ios,2024-12-31T00:00:00+00:00
4152,,IN,android,2024-12-31T00:00:00+00:00
4153,,IN,android,2024-12-31T00:00:00+00:00
4154,,US,ios,2024-12-31T00:00:00+00:00
4155,,CA,android,2024-12-31T00:00:00+00:00
4156,2025-01-30,US,ios,2024-12-31T00:00:00+00:00
4157,,IN,android,2024-12-31T00:00:00+00:00
4158,,IN,android,2024-12-31T00:00:00+00:00
4159,,US,android,2024-12-31T00:00:00+00:00
4160,,IN,android,2024-12-31T00:00:00+00:00
4161,,AU,android,2024-12-31T00:00:00+00:00
4162,2025-03-21,CA,ios,2024-12-31T00:00:00+00:00
4163,,AU,android,2024-12-31T00:00:00+00:00
4164,2025-02-24,US,android,2024-12-31T00:00:00+00:00
4165,,GB,android,2024-12-31T00:00:00+00:00
4166,,AU,ios,2024-12-31T00:00:00+00:00
4167,,GB,ios,2024-12-31T00:00:00+00:00
4168,,IN,android,2024-12-31T00:00:00+00:00
4169,2025-01-26,IN,android,2024-12-31T00:00:00+00:00
4170,2025-02-17,GB,android,2024-12-31T00:00:00+00:00
4171,,IN,ios,2024-12-31T00:00:00+00:00
4172,,IN,android,2024-12-31T00:00:00+00:00
4173,,US,android,2024-12-31T00:00:00+00:00
4174,,CA,android,2024-12-31T00:00:00+00:00
4175,,IN,ios,2024-12-31T00:00:00+00:00
4176,,US,ios,2024-12-31T00:00:00+00:00
4177,,GB,ios,2024-12-31T00:00:00+00:00
4178,2025-01-25,GB,android,2024-12-31T00:00:00+00:00
4179,,IN,android,2024-12-31T00:00:00+00:00
4180,,IN,ios,2024-12-31T00:00:00+00:00
4181,,US,android,2024-12-31T00:00:00+00:00
4182,,IN,android,2024-12-31T00:00:00+00:00
4183,2025-03-25,GB,ios,2024-12-31T00:00:00+00:00
4184,,GB,android,2024-12-31T00:00:00+00:00
4185,,US,android,2024-12-31T00:00:00+00:00
4186,,US,android,2024-12-31T00:00:00+00:00
4187,,IN,android,2024-12-31T00:00:00+00:00
4188,,IN,ios,2024-12-31T00:00:00+00:00
4189,2025-03-14,IN,android,2024-12-31T00:00:00+00:00
4190,,IN,ios,2024-12-31T00:00:00+00:00
4191,2025-02-26,GB,ios,2024-12-31T00:00:00+00:00
4192,,GB,ios,2024-12-31T00:00:00+00:00
4193,,IN,android,2024-12-31T00:00:00+00:00
4194,,GB,android,2024-12-31T00:00:00+00:00
4195,,IN,ios,2024-12-31T00:00:00+00:00
4196,,IN,android,2024-12-31T00:00:00+00:00
4197,,US,android,2024-12-31T00:00:00+00:00
4198,2025-02-16,IN,ios,2024-12-31T00:00:00+00:00
4199,2025-01-15,US,android,2024-12-31T00:00:00+00:00
4200,,GB,ios,2024-12-31T00:00:00+00:00
4201,,GB,android,2024-12-31T00:00:00+00:00
4202,,AU,android,2024-12-31T00:00:00+00:00
4203,,IN,ios,2024-12-31T00:00:00+00:00
4204,,IN,android,2024-12-31T00:00:00+00:00
4205,,IN,android,2024-12-31T00:00:00+00:00
4206,2025-02-09,GB,ios,2024-12-31T00:00:00+00:00
4207,,US,ios,2024-12-31T00:00:00+00:00
4208,,IN,ios,2024-12-31T00:00:00+00:00
4209,,US,android,2024-12-31T00:00:00+00:00
4210,,US,android,2024-12-31T00:00:00+00:00
4211,,CA,ios,2024-12-31T00:00:00+00:00
4212,2025-02-25,US,android,2024-12-31T00:00:00+00:00
4213,2025-01-11,GB,ios,2024-12-31T00:00:00+00:00
4214,,US,android,2024-12-31T00:00:00+00:00
4215,,IN,android,2024-12-31T00:00:00+00:00
4216,,CA,android,2024-12-31T00:00:00+00:00
4217,,GB,android,2024-12-31T00:00:00+00:00
4218,2025-03-07,IN,android,2024-12-31T00:00:00+00:00
4219,2025-01-22,GB,ios,2024-12-31T00:00:00+00:00
4220,,US,android,2024-12-31T00:00:00+00:00
4221,2025-02-26,AU,android,2024-12-31T00:00:00+00:00
4222,,IN,android,2024-12-31T00:00:00+00:00
4223,2025-01-21,US,android,2024-12-31T00:00:00+00:00
4224,,US,android,2024-12-31T00:00:00+00:00
4225,,US,android,2024-12-31T00:00:00+00:00
4226,,IN,android,2024-12-31T00:00:00+00:00
4227,,IN,android,2024-12-31T00:00:00+00:00
4228,,US,android,2024-12-31T00:00:00+00:00
4229,,GB,ios,2024-12-31T00:00:00+00:00
4230,,AU,ios,2024-12-31T00:00:00+00:00
4231,,US,android,2024-12-31T00:00:00+00:00
4232,,US,android,2024-12-31T00:00:00+00:00
4233,,IN,ios,2024-12-31T00:00:00+00:00
4234,,IN,ios,2024-12-31T00:00:00+00:00
4235,,US,android,2024-12-31T00:00:00+00:00
4236,,US,ios,2024-12-31T00:00:00+00:00
4237,,IN,android,2024-12-31T00:00:00+00:00
4238,2025-03-29,US,android,2024-12-31T00:00:00+00:00
4239,,GB,android,2024-12-31T00:00:00+00:00
4240,,GB,android,2024-12-31T00:00:00+00:00
4241,,CA,ios,2024-12-31T00:00:00+00:00
4242,,IN,android,2024-12-31T00:00:00+00:00
4243,,CA,ios,2024-12-31T00:00:00+00:00
4244,,GB,ios,2024-12-31T00:00:00+00:00
4245,,US,ios,2024-12-31T00:00:00+00:00
4246,,CA,ios,2024-12-31T00:00:00+00:00
4247,,IN,android,2024-12-31T00:00:00+00:00
4248,,IN,android,2024-12-31T00:00:00+00:00
4249,,IN,android,2024-12-31T00:00:00+00:00
4250,,GB,android,2024-12-31T00:00:00+00:00
4251,,IN,ios,2024-12-31T00:00:00+00:00
4252,,IN,android,2024-12-31T00:00:00+00:00
4253,,GB,ios,2024-12-31T00:00:00+00:00
4254,,IN,ios,2024-12-31T00:00:00+00:00
4255,,GB,android,2024-12-31T00:00:00+00:00
4256,2025-01-20,IN,ios,2024-12-31T00:00:00+00:00
4257,,US,android,2024-12-31T00:00:00+00:00
4258,,IN,android,2024-12-31T00:00:00+00:00
4259,,US,android,2024-12-31T00:00:00+00:00
4260,,GB,android,2024-12-31T00:00:00+00:00
4261,,US,android,2024-12-31T00:00:00+00:00
4262,,IN,android,2024-12-31T00:00:00+00:00
4263,,IN,android,2024-12-31T00:00:00+00:00
4264,,US,android,2024-12-31T00:00:00+00:00
4265,,IN,android,2024-12-31T00:00:00+00:00
4266,2025-02-12,AU,android,2024-12-31T00:00:00+00:00
4267,2025-03-19,IN,ios,2024-12-31T00:00:00+00:00
4268,,IN,android,2024-12-31T00:00:00+00:00
4269,,IN,android,2024-12-31T00:00:00+00:00
4270,,IN,android,2024-12-31T00:00:00+00:00
4271,,IN,android,2024-12-31T00:00:00+00:00
4272,,US,android,2024-12-31T00:00:00+00:00
4273,,IN,android,2024-12-31T00:00:00+00:00
4274,,GB,ios,2024-12-31T00:00:00+00:00
4275,,IN,android,2024-12-31T00:00:00+00:00
4276,,GB,android,2024-12-31T00:00:00+00:00
4277,,IN,ios,2024-12-31T00:00:00+00:00
4278,2025-02-05,IN,ios,2024-12-31T00:00:00+00:00
4279,,IN,android,2024-12-31T00:00:00+00:00
4280,,GB,android,2024-12-31T00:00:00+00:00
4281,,GB,android,2024-12-31T00:00:00+00:00
4282,,IN,android,2024-12-31T00:00:00+00:00
4283,,US,android,2024-12-31T00:00:00+00:00
4284,,IN,android,2024-12-31T00:00:00+00:00
4285,,US,android,2024-12-31T00:00:00+00:00
4286,2025-02-18,IN,android,2024-12-31T00:00:00+00:00
4287,,IN,android,2024-12-31T00:00:00+00:00
4288,2025-03-28,IN,android,2024-12-31T00:00:00+00:00
4289,,US,ios,2024-12-31T00:00:00+00:00
4290,2025-02-21,IN,android,2024-12-31T00:00:00+00:00
4291,2025-03-24,IN,android,2024-12-31T00:00:00+00:00
4292,,US,android,2024-12-31T00:00:00+00:00
4293,2025-02-19,GB,android,2024-12-31T00:00:00+00:00
4294,,GB,android,2024-12-31T00:00:00+00:00
4295,,GB,android,2024-12-31T00:00:00+00:00
4296,2025-03-09,IN,ios,2024-12-31T00:00:00+00:00
4297,,IN,android,2024-12-31T00:00:00+00:00
4298,,IN,android,2024-12-31T00:00:00+00:00
4299,,IN,android,2024-12-31T00:00:00+00:00
4300,2025-03-05,IN,ios,2024-12-31T00:00:00+00:00
4301,,IN,ios,2024-12-31T00:00:00+00:00
4302,,IN,android,2024-12-31T00:00:00+00:00
4303,2025-03-01,IN,android,2024-12-31T00:00:00+00:00
4304,2025-01-21,US,android,2024-12-31T00:00:00+00:00
4305,,IN,android,2024-12-31T00:00:00+00:00
4306,,IN,android,2024-12-31T00:00:00+00:00
4307,2025-03-29,IN,ios,2024-12-31T00:00:00+00:00
4308,,IN,android,2024-12-31T00:00:00+00:00
4309,,IN,android,2024-12-31T00:00:00+00:00
4310,,GB,ios,2024-12-31T00:00:00+00:00
4311,,IN,android,2024-12-31T00:00:00+00:00
4312,,US,android,2024-12-31T00:00:00+00:00
4313,,GB,android,2024-12-31T00:00:00+00:00
4314,,IN,android,2024-12-31T00:00:00+00:00
4315,2025-01-18,IN,android,2024-12-31T00:00:00+00:00
4316,,AU,ios,2024-12-31T00:00:00+00:00
4317,,GB,android,2024-12-31T00:00:00+00:00
4318,2025-03-27,US,android,2024-12-31T00:00:00+00:00
4319,,US,android,2024-12-31T00:00:00+00:00
4320,,IN,android,2024-12-31T00:00:00+00:00
4321,,IN,android,2024-12-31T00:00:00+00:00
4322,,US,android,2024-12-31T00:00:00+00:00
4323,,US,ios,2024-12-31T00:00:00+00:00
4324,2025-03-15,CA,android,2024-12-31T00:00:00+00:00
4325,2025-02-03,US,android,2024-12-31T00:00:00+00:00
4326,,AU,android,2024-12-31T00:00:00+00:00
4327,,IN,ios,2024-12-31T00:00:00+00:00
4328,2025-03-22,IN,android,2024-12-31T00:00:00+00:00
4329,,IN,ios,2024-12-31T00:00:00+00:00
4330,,US,android,2024-12-31T00:00:00+00:00
4331,,IN,android,2024-12-31T00:00:00+00:00
4332,,IN,android,2024-12-31T00:00:00+00:00
4333,,GB,ios,2024-12-31T00:00:00+00:00
4334,,IN,ios,2024-12-31T00:00:00+00:00
4335,2025-01-20,GB,ios,2024-12-31T00:00:00+00:00
4336,,US,ios,2024-12-31T00:00:00+00:00
4337,,CA,android,2024-12-31T00:00:00+00:00
4338,,IN,android,2024-12-31T00:00:00+00:00
4339,,GB,android,2024-12-31T00:00:00+00:00
4340,,GB,android,2024-12-31T00:00:00+00:00
4341,,AU,android,2024-12-31T00:00:00+00:00
4342,2025-02-22,US,ios,2024-12-31T00:00:00+00:00
4343,,US,ios,2024-12-31T00:00:00+00:00
4344,,IN,android,2024-12-31T00:00:00+00:00
4345,2025-03-03,US,android,2024-12-31T00:00:00+00:00
4346,2025-03-05,US,ios,2024-12-31T00:00:00+00:00
4347,,IN,ios,2024-12-31T00:00:00+00:00
4348,,US,android,2024-12-31T00:00:00+00:00
4349,,CA,android,2024-12-31T00:00:00+00:00
4350,2025-03-24,IN,ios,2024-12-31T00:00:00+00:00
4351,,IN,android,2024-12-31T00:00:00+00:00
4352,,IN,android,2024-12-31T00:00:00+00:00
4353,,CA,android,2024-12-31T00:00:00+00:00
4354,,IN,ios,2024-12-31T00:00:00+00:00
4355,,GB,android,2024-12-31T00:00:00+00:00
4356,,IN,android,2024-12-31T00:00:00+00:00
4357,,IN,ios,2024-12-31T00:00:00+00:00
4358,,US,ios,2024-12-31T00:00:00+00:00
4359,,AU,android,2024-12-31T00:00:00+00:00
4360,,IN,ios,2024-12-31T00:00:00+00:00
4361,2025-01-26,IN,android,2024-12-31T00:00:00+00:00
4362,,IN,android,2024-12-31T00:00:00+00:00
4363,2025-01-22,IN,ios,2024-12-31T00:00:00+00:00
4364,,IN,android,2024-12-31T00:00:00+00:00
4365,,IN,ios,2024-12-31T00:00:00+00:00
4366,2025-02-02,IN,android,2024-12-31T00:00:00+00:00
4367,,US,android,2024-12-31T00:00:00+00:00
4368,,IN,android,2024-12-31T00:00:00+00:00
4369,,IN,ios,2024-12-31T00:00:00+00:00
4370,,CA,android,2024-12-31T00:00:00+00:00
4371,,GB,android,2024-12-31T00:00:00+00:00
4372,,IN,android,2024-12-31T00:00:00+00:00
4373,2025-03-07,CA,android,2024-12-31T00:00:00+00:00
4374,,US,android,2024-12-31T00:00:00+00:00
4375,2025-03-27,US,android,2024-12-31T00:00:00+00:00
4376,,GB,android,2024-12-31T00:00:00+00:00
4377,2025-01-14,GB,ios,2024-12-31T00:00:00+00:00
4378,,IN,ios,2024-12-31T00:00:00+00:00
4379,,GB,ios,2024-12-31T00:00:00+00:00
4380,,IN,ios,2024-12-31T00:00:00+00:00
4381,,US,android,2024-12-31T00:00:00+00:00
4382,,US,android,2024-12-31T00:00:00+00:00
4383,,CA,android,2024-12-31T00:00:00+00:00
4384,,IN,android,2024-12-31T00:00:00+00:00
4385,,US,ios,2024-12-31T00:00:00+00:00
4386,,US,android,2024-12-31T00:00:00+00:00
4387,,IN,android,2024-12-31T00:00:00+00:00
4388,,IN,android,2024-12-31T00:00:00+00:00
4389,,IN,android,2024-12-31T00:00:00+00:00
4390,,IN,android,2024-12-31T00:00:00+00:00
4391,,US,android,2024-12-31T00:00:00+00:00
4392,2025-01-05,US,android,2024-12-31T00:00:00+00:00
4393,,IN,ios,2024-12-31T00:00:00+00:00
4394,,IN,android,2024-12-31T00:00:00+00:00
4395,2025-03-03,CA,android,2024-12-31T00:00:00+00:00
4396,,IN,ios,2024-12-31T00:00:00+00:00
4397,,IN,android,2024-12-31T00:00:00+00:00
4398,,IN,ios,2024-12-31T00:00:00+00:00
4399,,IN,android,2024-12-31T00:00:00+00:00
4400,,IN,ios,2024-12-31T00:00:00+00:00
4401,,IN,android,2024-12-31T00:00:00+00:00
4402,,GB,ios,2024-12-31T00:00:00+00:00
4403,,IN,android,2024-12-31T00:00:00+00:00
4404,,IN,android,2024-12-31T00:00:00+00:00
4405,,IN,ios,2024-12-31T00:00:00+00:00
4406,2025-02-25,IN,android,2024-12-31T00:00:00+00:00
4407,2025-02-17,US,android,2024-12-31T00:00:00+00:00
4408,,IN,android,2024-12-31T00:00:00+00:00
4409,,AU,android,2024-12-31T00:00:00+00:00
4410,2025-03-27,US,ios,2024-12-31T00:00:00+00:00
4411,2025-01-31,US,android,2024-12-31T00:00:00+00:00
4412,,IN,ios,2024-12-31T00:00:00+00:00
4413,,AU,android,2024-12-31T00:00:00+00:00
4414,2025-03-26,IN,ios,2024-12-31T00:00:00+00:00
4415,2025-02-12,CA,android,2024-12-31T00:00:00+00:00
4416,,IN,ios,2024-12-31T00:00:00+00:00
4417,,US,android,2024-12-31T00:00:00+00:00
4418,2025-03-30,CA,android,2024-12-31T00:00:00+00:00
4419,,IN,android,2024-12-31T00:00:00+00:00
4420,,GB,ios,2024-12-31T00:00:00+00:00
4421,,IN,android,2024-12-31T00:00:00+00:00
4422,,IN,android,2024-12-31T00:00:00+00:00
4423,,CA,android,2024-12-31T00:00:00+00:00
4424,2025-02-16,AU,android,2024-12-31T00:00:00+00:00
4425,2025-02-06,IN,ios,2024-12-31T00:00:00+00:00
4426,,GB,android,2024-12-31T00:00:00+00:00
4427,,US,android,2024-12-31T00:00:00+00:00
4428,,IN,android,2024-12-31T00:00:00+00:00
4429,,IN,ios,2024-12-31T00:00:00+00:00
4430,2025-03-07,IN,android,2024-12-31T00:00:00+00:00
4431,,IN,android,2024-12-31T00:00:00+00:00
4432,2025-03-26,IN,android,2024-12-31T00:00:00+00:00
4433,,US,android,2024-12-31T00:00:00+00:00
4434,2025-03-20,IN,android,2024-12-31T00:00:00+00:00
4435,,GB,ios,2024-12-31T00:00:00+00:00
4436,,GB,ios,2024-12-31T00:00:00+00:00
4437,2025-03-26,IN,android,2024-12-31T00:00:00+00:00
4438,,IN,ios,2024-12-31T00:00:00+00:00
4439,,GB,android,2024-12-31T00:00:00+00:00
4440,,IN,android,2024-12-31T00:00:00+00:00
4441,,US,android,2024-12-31T00:00:00+00:00
4442,,IN,android,2024-12-31T00:00:00+00:00
4443,,IN,android,2024-12-31T00:00:00+00:00
4444,,GB,android,2024-12-31T00:00:00+00:00
4445,2025-03-09,GB,android,2024-12-31T00:00:00+00:00
4446,2025-01-29,IN,ios,2024-12-31T00:00:00+00:00
4447,,AU,android,2024-12-31T00:00:00+00:00
4448,,US,android,2024-12-31T00:00:00+00:00
4449,,US,android,2024-12-31T00:00:00+00:00
4450,2025-01-15,IN,android,2024-12-31T00:00:00+00:00
4451,,US,android,2024-12-31T00:00:00+00:00
4452,2025-01-07,CA,android,2024-12-31T00:00:00+00:00
4453,,CA,ios,2024-12-31T00:00:00+00:00
4454,,CA,android,2024-12-31T00:00:00+00:00
4455,,IN,ios,2024-12-31T00:00:00+00:00
4456,,AU,android,2024-12-31T00:00:00+00:00
4457,,US,android,2024-12-31T00:00:00+00:00
4458,,IN,android,2024-12-31T00:00:00+00:00
4459,,GB,android,2024-12-31T00:00:00+00:00
4460,2025-03-29,US,android,2024-12-31T00:00:00+00:00
4461,,CA,android,2024-12-31T00:00:00+00:00
4462,,US,android,2024-12-31T00:00:00+00:00
4463,,US,android,2024-12-31T00:00:00+00:00
4464,,GB,android,2024-12-31T00:00:00+00:00
4465,,US,android,2024-12-31T00:00:00+00:00
4466,,US,ios,2024-12-31T00:00:00+00:00
4467,2025-01-20,AU,android,2024-12-31T00:00:00+00:00
4468,,IN,android,2024-12-31T00:00:00+00:00
4469,,IN,android,2024-12-31T00:00:00+00:00
4470,,US,android,2024-12-31T00:00:00+00:00
4471,,US,ios,2024-12-31T00:00:00+00:00
4472,2025-02-07,GB,android,2024-12-31T00:00:00+00:00
4473,,IN,ios,2024-12-31T00:00:00+00:00
4474,,GB,android,2024-12-31T00:00:00+00:00
4475,,IN,android,2024-12-31T00:00:00+00:00
4476,,IN,android,2024-12-31T00:00:00+00:00
4477,,AU,ios,2024-12-31T00:00:00+00:00
4478,,IN,android,2024-12-31T00:00:00+00:00
4479,,US,android,2024-12-31T00:00:00+00:00
4480,,IN,android,2024-12-31T00:00:00+00:00
4481,,IN,ios,2024-12-31T00:00:00+00:00
4482,,IN,ios,2024-12-31T00:00:00+00:00
4483,2025-03-07,CA,android,2024-12-31T00:00:00+00:00
4484,,CA,android,2024-12-31T00:00:00+00:00
4485,,IN,android,2024-12-31T00:00:00+00:00
4486,2025-03-23,IN,android,2024-12-31T00:00:00+00:00
4487,,IN,ios,2024-12-31T00:00:00+00:00
4488,,US,android,2024-12-31T00:00:00+00:00
4489,,IN,android,2024-12-31T00:00:00+00:00
4490,,US,android,2024-12-31T00:00:00+00:00
4491,2025-01-10,IN,android,2024-12-31T00:00:00+00:00
4492,,GB,ios,2024-12-31T00:00:00+00:00
4493,,IN,ios,2024-12-31T00:00:00+00:00
4494,,US,ios,2024-12-31T00:00:00+00:00
4495,2025-01-15,AU,android,2024-12-31T00:00:00+00:00
4496,2025-01-20,IN,android,2024-12-31T00:00:00+00:00
4497,2025-02-25,CA,android,2024-12-31T00:00:00+00:00
4498,,US,ios,2024-12-31T00:00:00+00:00
4499,,CA,android,2024-12-31T00:00:00+00:00
4500,,IN,ios,2024-12-31T00:00:00+00:00
4501,,US,android,2024-12-31T00:00:00+00:00
4502,2025-03-09,GB,android,2024-12-31T00:00:00+00:00
4503,,US,android,2024-12-31T00:00:00+00:00
4504,,IN,ios,2024-12-31T00:00:00+00:00
4505,2025-03-14,GB,android,2024-12-31T00:00:00+00:00
4506,2025-02-27,US,ios,2024-12-31T00:00:00+00:00
4507,2025-02-27,US,android,2024-12-31T00:00:00+00:00
4508,,GB,android,2024-12-31T00:00:00+00:00
4509,,IN,android,2024-12-31T00:00:00+00:00
4510,,IN,android,2024-12-31T00:00:00+00:00
4511,,US,android,2024-12-31T00:00:00+00:00
4512,,IN,android,2024-12-31T00:00:00+00:00
4513,,IN,ios,2024-12-31T00:00:00+00:00
4514,2025-01-12,US,android,2024-12-31T00:00:00+00:00
4515,,US,ios,2024-12-31T00:00:00+00:00
4516,,CA,android,2024-12-31T00:00:00+00:00
4517,,IN,android,2024-12-31T00:00:00+00:00
4518,,IN,android,2024-12-31T00:00:00+00:00
4519,,IN,android,2024-12-31T00:00:00+00:00
4520,,US,android,2024-12-31T00:00:00+00:00
4521,,IN,android,2024-12-31T00:00:00+00:00
4522,,IN,android,2024-12-31T00:00:00+00:00
4523,,US,android,2024-12-31T00:00:00+00:00
4524,,GB,android,2024-12-31T00:00:00+00:00
4525,,IN,android,2024-12-31T00:00:00+00:00
4526,,IN,ios,2024-12-31T00:00:00+00:00
4527,,IN,android,2024-12-31T00:00:00+00:00
4528,,IN,android,2024-12-31T00:00:00+00:00
4529,2025-02-27,CA,android,2024-12-31T00:00:00+00:00
4530,,IN,android,2024-12-31T00:00:00+00:00
4531,,GB,ios,2024-12-31T00:00:00+00:00
4532,,IN,android,2024-12-31T00:00:00+00:00
4533,,IN,android,2024-12-31T00:00:00+00:00
4534,,US,android,2024-12-31T00:00:00+00:00
4535,,IN,android,2024-12-31T00:00:00+00:00
4536,,US,android,2024-12-31T00:00:00+00:00
4537,,IN,ios,2024-12-31T00:00:00+00:00
4538,,GB,android,2024-12-31T00:00:00+00:00
4539,,US,android,2024-12-31T00:00:00+00:00
4540,,GB,ios,2024-12-31T00:00:00+00:00
4541,2025-01-20,US,android,2024-12-31T00:00:00+00:00
4542,,IN,android,2024-12-31T00:00:00+00:00
4543,,IN,ios,2024-12-31T00:00:00+00:00
4544,,IN,android,2024-12-31T00:00:00+00:00
4545,,IN,android,2024-12-31T00:00:00+00:00
4546,,US,android,2024-12-31T00:00:00+00:00
4547,,GB,android,2024-12-31T00:00:00+00:00
4548,,US,android,2024-12-31T00:00:00+00:00
4549,,IN,android,2024-12-31T00:00:00+00:00
4550,2025-02-19,IN,android,2024-12-31T00:00:00+00:00
4551,,IN,android,2024-12-31T00:00:00+00:00
4552,,US,android,2024-12-31T00:00:00+00:00
4553,,GB,android,2024-12-31T00:00:00+00:00
4554,,IN,android,2024-12-31T00:00:00+00:00
4555,,IN,ios,2024-12-31T00:00:00+00:00
4556,,US,android,2024-12-31T00:00:00+00:00
4557,2025-03-15,IN,android,2024-12-31T00:00:00+00:00
4558,,CA,android,2024-12-31T00:00:00+00:00
4559,,GB,android,2024-12-31T00:00:00+00:00
4560,,IN,android,2024-12-31T00:00:00+00:00
4561,,IN,android,2024-12-31T00:00:00+00:00
4562,2025-03-22,GB,ios,2024-12-31T00:00:00+00:00
4563,,IN,android,2024-12-31T00:00:00+00:00
4564,,IN,android,2024-12-31T00:00:00+00:00
4565,,IN,ios,2024-12-31T00:00:00+00:00
4566,,US,android,2024-12-31T00:00:00+00:00
4567,,IN,android,2024-12-31T00:00:00+00:00
4568,,IN,ios,2024-12-31T00:00:00+00:00
4569,2025-02-08,IN,android,2024-12-31T00:00:00+00:00
4570,,IN,android,2024-12-31T00:00:00+00:00
4571,,CA,android,2024-12-31T00:00:00+00:00
4572,,GB,ios,2024-12-31T00:00:00+00:00
4573,2025-03-23,GB,ios,2024-12-31T00:00:00+00:00
4574,,IN,ios,2024-12-31T00:00:00+00:00
4575,,IN,android,2024-12-31T00:00:00+00:00
4576,,IN,ios,2024-12-31T00:00:00+00:00
4577,,IN,android,2024-12-31T00:00:00+00:00
4578,,IN,ios,2024-12-31T00:00:00+00:00
4579,2025-02-15,IN,android,2024-12-31T00:00:00+00:00
4580,,US,android,2024-12-31T00:00:00+00:00
4581,,US,ios,2024-12-31T00:00:00+00:00
4582,,US,ios,2024-12-31T00:00:00+00:00
4583,,US,android,2024-12-31T00:00:00+00:00
4584,,IN,ios,2024-12-31T00:00:00+00:00
4585,,GB,ios,2024-12-31T00:00:00+00:00
4586,2025-03-29,CA,android,2024-12-31T00:00:00+00:00
4587,,IN,ios,2024-12-31T00:00:00+00:00
4588,,IN,ios,2024-12-31T00:00:00+00:00
4589,2025-02-26,US,android,2024-12-31T00:00:00+00:00
4590,,IN,android,2024-12-31T00:00:00+00:00
4591,2025-03-16,CA,ios,2024-12-31T00:00:00+00:00
4592,,CA,android,2024-12-31T00:00:00+00:00
4593,,IN,android,2024-12-31T00:00:00+00:00
4594,,IN,ios,2024-12-31T00:00:00+00:00
4595,,IN,android,2024-12-31T00:00:00+00:00
4596,2025-02-18,US,android,2024-12-31T00:00:00+00:00
4597,,IN,android,2024-12-31T00:00:00+00:00
4598,,IN,android,2024-12-31T00:00:00+00:00
4599,,GB,android,2024-12-31T00:00:00+00:00
4600,,US,android,2024-12-31T00:00:00+00:00
4601,,IN,android,2024-12-31T00:00:00+00:00
4602,2025-01-06,AU,android,2024-12-31T00:00:00+00:00
4603,,US,android,2024-12-31T00:00:00+00:00
4604,,GB,android,2024-12-31T00:00:00+00:00
4605,,US,android,2024-12-31T00:00:00+00:00
4606,,IN,ios,2024-12-31T00:00:00+00:00
4607,,IN,android,2024-12-31T00:00:00+00:00
4608,,GB,android,2024-12-31T00:00:00+00:00
4609,,US,android,2024-12-31T00:00:00+00:00
4610,,IN,android,2024-12-31T00:00:00+00:00
4611,,IN,android,2024-12-31T00:00:00+00:00
4612,,IN,android,2024-12-31T00:00:00+00:00
4613,,IN,android,2024-12-31T00:00:00+00:00
4614,,CA,ios,2024-12-31T00:00:00+00:00
4615,,US,android,2024-12-31T00:00:00+00:00
4616,,CA,android,2024-12-31T00:00:00+00:00
4617,,IN,android,2024-12-31T00:00:00+00:00
4618,2025-03-28,IN,android,2024-12-31T00:00:00+00:00
4619,,US,ios,2024-12-31T00:00:00+00:00
4620,,CA,android,2024-12-31T00:00:00+00:00
4621,,IN,android,2024-12-31T00:00:00+00:00
4622,,US,android,2024-12-31T00:00:00+00:00
4623,,US,ios,2024-12-31T00:00:00+00:00
4624,,AU,ios,2024-12-31T00:00:00+00:00
4625,2025-02-28,IN,ios,2024-12-31T00:00:00+00:00
4626,,US,ios,2024-12-31T00:00:00+00:00
4627,2025-01-21,IN,ios,2024-12-31T00:00:00+00:00
4628,,GB,android,2024-12-31T00:00:00+00:00
4629,,IN,android,2024-12-31T00:00:00+00:00
4630,2025-01-15,GB,android,2024-12-31T00:00:00+00:00
4631,,GB,ios,2024-12-31T00:00:00+00:00
4632,2025-02-16,US,android,2024-12-31T00:00:00+00:00
4633,,IN,android,2024-12-31T00:00:00+00:00
4634,,US,android,2024-12-31T00:00:00+00:00
4635,,GB,android,2024-12-31T00:00:00+00:00
4636,,US,android,2024-12-31T00:00:00+00:00
4637,,IN,android,2024-12-31T00:00:00+00:00
4638,,GB,android,2024-12-31T00:00:00+00:00
4639,,IN,ios,2024-12-31T00:00:00+00:00
4640,,IN,ios,2024-12-31T00:00:00+00:00
4641,2025-02-04,IN,android,2024-12-31T00:00:00+00:00
4642,,US,android,2024-12-31T00:00:00+00:00
4643,,US,ios,2024-12-31T00:00:00+00:00
4644,,CA,android,2024-12-31T00:00:00+00:00
4645,,IN,ios,2024-12-31T00:00:00+00:00
4646,,IN,android,2024-12-31T00:00:00+00:00
4647,,CA,ios,2024-12-31T00:00:00+00:00
4648,2025-02-15,GB,android,2024-12-31T00:00:00+00:00
4649,,US,ios,2024-12-31T00:00:00+00:00
4650,,IN,android,2024-12-31T00:00:00+00:00
4651,,CA,ios,2024-12-31T00:00:00+00:00
4652,,IN,android,2024-12-31T00:00:00+00:00
4653,,IN,android,2024-12-31T00:00:00+00:00
4654,,GB,android,2024-12-31T00:00:00+00:00
4655,,IN,ios,2024-12-31T00:00:00+00:00
4656,,GB,ios,2024-12-31T00:00:00+00:00
4657,2025-03-15,CA,ios,2024-12-31T00:00:00+00:00
4658,,GB,android,2024-12-31T00:00:00+00:00
4659,,IN,ios,2024-12-31T00:00:00+00:00
4660,,US,ios,2024-12-31T00:00:00+00:00
4661,,AU,android,2024-12-31T00:00:00+00:00
4662,,IN,android,2024-12-31T00:00:00+00:00
4663,,US,android,2024-12-31T00:00:00+00:00
4664,,IN,android,2024-12-31T00:00:00+00:00
4665,,US,ios,2024-12-31T00:00:00+00:00
4666,2025-01-19,US,android,2024-12-31T00:00:00+00:00
4667,,CA,ios,2024-12-31T00:00:00+00:00
4668,,CA,android,2024-12-31T00:00:00+00:00
4669,,US,ios,2024-12-31T00:00:00+00:00
4670,,IN,ios,2024-12-31T00:00:00+00:00
4671,,AU,android,2024-12-31T00:00:00+00:00
4672,,US,android,2024-12-31T00:00:00+00:00
4673,,US,ios,2024-12-31T00:00:00+00:00
4674,2025-01-21,US,ios,2024-12-31T00:00:00+00:00
4675,,US,android,2024-12-31T00:00:00+00:00
4676,,US,ios,2024-12-31T00:00:00+00:00
4677,,CA,ios,2024-12-31T00:00:00+00:00
4678,,US,android,2024-12-31T00:00:00+00:00
4679,2025-02-22,IN,android,2024-12-31T00:00:00+00:00
4680,,AU,ios,2024-12-31T00:00:00+00:00
4681,,US,ios,2024-12-31T00:00:00+00:00
4682,,US,ios,2024-12-31T00:00:00+00:00
4683,,IN,android,2024-12-31T00:00:00+00:00
4684,,GB,android,2024-12-31T00:00:00+00:00
4685,,IN,ios,2024-12-31T00:00:00+00:00
4686,,CA,ios,2024-12-31T00:00:00+00:00
4687,,CA,ios,2024-12-31T00:00:00+00:00
4688,2025-02-15,US,ios,2024-12-31T00:00:00+00:00
4689,,CA,android,2024-12-31T00:00:00+00:00
4690,,US,ios,2024-12-31T00:00:00+00:00
4691,2025-02-10,CA,android,2024-12-31T00:00:00+00:00
4692,2025-01-08,IN,android,2024-12-31T00:00:00+00:00
4693,,US,ios,2024-12-31T00:00:00+00:00
4694,,US,android,2024-12-31T00:00:00+00:00
4695,,IN,ios,2024-12-31T00:00:00+00:00
4696,,US,android,2024-12-31T00:00:00+00:00
4697,,US,ios,2024-12-31T00:00:00+00:00
4698,2025-02-25,IN,android,2024-12-31T00:00:00+00:00
4699,,GB,android,2024-12-31T00:00:00+00:00
4700,2025-01-13,IN,ios,2024-12-31T00:00:00+00:00
4701,,GB,ios,2024-12-31T00:00:00+00:00
4702,2025-02-24,IN,ios,2024-12-31T00:00:00+00:00
4703,,AU,android,2024-12-31T00:00:00+00:00
4704,,GB,ios,2024-12-31T00:00:00+00:00
4705,,IN,android,2024-12-31T00:00:00+00:00
4706,,GB,android,2024-12-31T00:00:00+00:00
4707,,IN,android,2024-12-31T00:00:00+00:00
4708,2025-02-04,IN,android,2024-12-31T00:00:00+00:00
4709,,IN,ios,2024-12-31T00:00:00+00:00
4710,,US,ios,2024-12-31T00:00:00+00:00
4711,,US,ios,2024-12-31T00:00:00+00:00
4712,,IN,ios,2024-12-31T00:00:00+00:00
4713,2025-03-29,IN,ios,2024-12-31T00:00:00+00:00
4714,2025-03-27,US,ios,2024-12-31T00:00:00+00:00
4715,,GB,android,2024-12-31T00:00:00+00:00
4716,,IN,ios,2024-12-31T00:00:00+00:00
4717,,CA,android,2024-12-31T00:00:00+00:00
4718,,IN,ios,2024-12-31T00:00:00+00:00
4719,,US,ios,2024-12-31T00:00:00+00:00
4720,,IN,ios,2024-12-31T00:00:00+00:00
4721,,IN,ios,2024-12-31T00:00:00+00:00
4722,,IN,android,2024-12-31T00:00:00+00:00
4723,,IN,ios,2024-12-31T00:00:00+00:00
4724,,AU,android,2024-12-31T00:00:00+00:00
4725,,IN,android,2024-12-31T00:00:00+00:00
4726,,IN,android,2024-12-31T00:00:00+00:00
4727,,US,ios,2024-12-31T00:00:00+00:00
4728,,GB,android,2024-12-31T00:00:00+00:00
4729,2025-03-28,IN,android,2024-12-31T00:00:00+00:00
4730,,IN,android,2024-12-31T00:00:00+00:00
4731,,GB,android,2024-12-31T00:00:00+00:00
4732,2025-02-02,US,android,2024-12-31T00:00:00+00:00
4733,,IN,android,2024-12-31T00:00:00+00:00
4734,,AU,ios,2024-12-31T00:00:00+00:00
4735,,IN,android,2024-12-31T00:00:00+00:00
4736,,GB,android,2024-12-31T00:00:00+00:00
4737,2025-03-03,IN,android,2024-12-31T00:00:00+00:00
4738,2025-03-26,IN,android,2024-12-31T00:00:00+00:00
4739,,GB,android,2024-12-31T00:00:00+00:00
4740,,CA,android,2024-12-31T00:00:00+00:00
4741,,IN,ios,2024-12-31T00:00:00+00:00
4742,,US,ios,2024-12-31T00:00:00+00:00
4743,,GB,android,2024-12-31T00:00:00+00:00
4744,,US,ios,2024-12-31T00:00:00+00:00
4745,,IN,ios,2024-12-31T00:00:00+00:00
4746,,IN,ios,2024-12-31T00:00:00+00:00
4747,,AU,ios,2024-12-31T00:00:00+00:00
4748,,CA,android,2024-12-31T00:00:00+00:00
4749,2025-01-13,US,android,2024-12-31T00:00:00+00:00
4750,,IN,android,2024-12-31T00:00:00+00:00
4751,,IN,android,2024-12-31T00:00:00+00:00
4752,,IN,android,2024-12-31T00:00:00+00:00
4753,,IN,android,2024-12-31T00:00:00+00:00
4754,,US,ios,2024-12-31T00:00:00+00:00
4755,,IN,ios,2024-12-31T00:00:00+00:00
4756,,US,android,2024-12-31T00:00:00+00:00
4757,,IN,android,2024-12-31T00:00:00+00:00
4758,,US,android,2024-12-31T00:00:00+00:00
4759,,IN,android,2024-12-31T00:00:00+00:00
4760,,IN,android,2024-12-31T00:00:00+00:00
4761,,IN,android,2024-12-31T00:00:00+00:00
4762,,GB,android,2024-12-31T00:00:00+00:00
4763,2025-03-21,IN,android,2024-12-31T00:00:00+00:00
4764,,US,android,2024-12-31T00:00:00+00:00
4765,,GB,android,2024-12-31T00:00:00+00:00
4766,,IN,android,2024-12-31T00:00:00+00:00
4767,,GB,android,2024-12-31T00:00:00+00:00
4768,,CA,ios,2024-12-31T00:00:00+00:00
4769,,IN,android,2024-12-31T00:00:00+00:00
4770,,IN,ios,2024-12-31T00:00:00+00:00
4771,,IN,android,2024-12-31T00:00:00+00:00
4772,,US,ios,2024-12-31T00:00:00+00:00
4773,,IN,ios,2024-12-31T00:00:00+00:00
4774,,IN,ios,2024-12-31T00:00:00+00:00
4775,,IN,android,2024-12-31T00:00:00+00:00
4776,,US,android,2024-12-31T00:00:00+00:00
4777,,GB,android,2024-12-31T00:00:00+00:00
4778,,GB,android,2024-12-31T00:00:00+00:00
4779,,US,android,2024-12-31T00:00:00+00:00
4780,2025-03-11,AU,ios,2024-12-31T00:00:00+00:00
4781,,US,android,2024-12-31T00:00:00+00:00
4782,,IN,android,2024-12-31T00:00:00+00:00
4783,,GB,ios,2024-12-31T00:00:00+00:00
4784,,IN,android,2024-12-31T00:00:00+00:00
4785,,GB,android,2024-12-31T00:00:00+00:00
4786,2025-01-25,IN,ios,2024-12-31T00:00:00+00:00
4787,,US,ios,2024-12-31T00:00:00+00:00
4788,,IN,android,2024-12-31T00:00:00+00:00
4789,,GB,android,2024-12-31T00:00:00+00:00
4790,,IN,ios,2024-12-31T00:00:00+00:00
4791,,US,ios,2024-12-31T00:00:00+00:00
4792,,IN,android,2024-12-31T00:00:00+00:00
4793,,US,ios,2024-12-31T00:00:00+00:00
4794,,IN,android,2024-12-31T00:00:00+00:00
4795,2025-03-30,GB,android,2024-12-31T00:00:00+00:00
4796,,US,ios,2024-12-31T00:00:00+00:00
4797,,IN,android,2024-12-31T00:00:00+00:00
4798,2025-03-19,IN,android,2024-12-31T00:00:00+00:00
4799,2025-03-20,US,android,2024-12-31T00:00:00+00:00
4800,,US,ios,2024-12-31T00:00:00+00:00
4801,,IN,android,2024-12-31T00:00:00+00:00
4802,,AU,android,2024-12-31T00:00:00+00:00
4803,,IN,android,2024-12-31T00:00:00+00:00
4804,,IN,android,2024-12-31T00:00:00+00:00
4805,,US,android,2024-12-31T00:00:00+00:00
4806,2025-02-18,GB,ios,2024-12-31T00:00:00+00:00
4807,,US,android,2024-12-31T00:00:00+00:00
4808,,IN,android,2024-12-31T00:00:00+00:00
4809,,IN,android,2024-12-31T00:00:00+00:00
4810,,IN,android,2024-12-31T00:00:00+00:00
4811,2025-01-22,GB,ios,2024-12-31T00:00:00+00:00
4812,,IN,android,2024-12-31T00:00:00+00:00
4813,,US,android,2024-12-31T00:00:00+00:00
4814,,IN,ios,2024-12-31T00:00:00+00:00
4815,,IN,ios,2024-12-31T00:00:00+00:00
4816,,US,android,2024-12-31T00:00:00+00:00
4817,,IN,android,2024-12-31T00:00:00+00:00
4818,,IN,android,2024-12-31T00:00:00+00:00
4819,,US,ios,2024-12-31T00:00:00+00:00
4820,,GB,ios,2024-12-31T00:00:00+00:00
4821,,IN,android,2024-12-31T00:00:00+00:00
4822,,GB,android,2024-12-31T00:00:00+00:00
4823,,CA,android,2024-12-31T00:00:00+00:00
4824,,GB,android,2024-12-31T00:00:00+00:00
4825,,IN,ios,2024-12-31T00:00:00+00:00
4826,2025-03-15,GB,android,2024-12-31T00:00:00+00:00
4827,,IN,android,2024-12-31T00:00:00+00:00
4828,,GB,android,2024-12-31T00:00:00+00:00
4829,,US,android,2024-12-31T00:00:00+00:00
4830,,US,android,2024-12-31T00:00:00+00:00
4831,,US,ios,2024-12-31T00:00:00+00:00
4832,2025-01-27,US,android,2024-12-31T00:00:00+00:00
4833,2025-02-09,IN,android,2024-12-31T00:00:00+00:00
4834,,US,ios,2024-12-31T00:00:00+00:00
4835,,CA,ios,2024-12-31T00:00:00+00:00
4836,,GB,android,2024-12-31T00:00:00+00:00
4837,,IN,android,2024-12-31T00:00:00+00:00
4838,,IN,android,2024-12-31T00:00:00+00:00
4839,,US,android,2024-12-31T00:00:00+00:00
4840,2025-03-26,US,ios,2024-12-31T00:00:00+00:00
4841,,IN,android,2024-12-31T00:00:00+00:00
4842,,US,ios,2024-12-31T00:00:00+00:00
4843,2025-01-19,US,android,2024-12-31T00:00:00+00:00
4844,,IN,ios,2024-12-31T00:00:00+00:00
4845,,IN,android,2024-12-31T00:00:00+00:00
4846,,US,android,2024-12-31T00:00:00+00:00
4847,,GB,ios,2024-12-31T00:00:00+00:00
4848,,US,ios,2024-12-31T00:00:00+00:00
4849,,CA,ios,2024-12-31T00:00:00+00:00
4850,,IN,android,2024-12-31T00:00:00+00:00
4851,,CA,android,2024-12-31T00:00:00+00:00
4852,,IN,ios,2024-12-31T00:00:00+00:00
4853,,IN,android,2024-12-31T00:00:00+00:00
4854,,IN,android,2024-12-31T00:00:00+00:00
4855,,IN,android,2024-12-31T00:00:00+00:00
4856,2025-02-15,US,android,2024-12-31T00:00:00+00:00
4857,,US,android,2024-12-31T00:00:00+00:00
4858,,IN,android,2024-12-31T00:00:00+00:00
4859,,IN,ios,2024-12-31T00:00:00+00:00
4860,2025-01-29,IN,android,2024-12-31T00:00:00+00:00
4861,,GB,android,2024-12-31T00:00:00+00:00
4862,,IN,android,2024-12-31T00:00:00+00:00
4863,,US,ios,2024-12-31T00:00:00+00:00
4864,,IN,android,2024-12-31T00:00:00+00:00
4865,,GB,android,2024-12-31T00:00:00+00:00
4866,2025-03-09,GB,android,2024-12-31T00:00:00+00:00
4867,2025-02-12,IN,android,2024-12-31T00:00:00+00:00
4868,,IN,android,2024-12-31T00:00:00+00:00
4869,,US,ios,2024-12-31T00:00:00+00:00
4870,,AU,ios,2024-12-31T00:00:00+00:00
4871,,GB,android,2024-12-31T00:00:00+00:00
4872,,IN,android,2024-12-31T00:00:00+00:00
4873,,AU,android,2024-12-31T00:00:00+00:00
4874,2025-02-06,IN,ios,2024-12-31T00:00:00+00:00
4875,,US,ios,2024-12-31T00:00:00+00:00
4876,,IN,ios,2024-12-31T00:00:00+00:00
4877,,US,ios,2024-12-31T00:00:00+00:00
4878,,IN,android,2024-12-31T00:00:00+00:00
4879,2025-03-29,IN,android,2024-12-31T00:00:00+00:00
4880,,GB,ios,2024-12-31T00:00:00+00:00
4881,,AU,android,2024-12-31T00:00:00+00:00
4882,,US,android,2024-12-31T00:00:00+00:00
4883,,US,android,2024-12-31T00:00:00+00:00
4884,,US,ios,2024-12-31T00:00:00+00:00
4885,2025-03-06,US,android,2024-12-31T00:00:00+00:00
4886,,IN,ios,2024-12-31T00:00:00+00:00
4887,,IN,android,2024-12-31T00:00:00+00:00
4888,2025-03-28,IN,android,2024-12-31T00:00:00+00:00
4889,2025-03-06,US,android,2024-12-31T00:00:00+00:00
4890,,IN,android,2024-12-31T00:00:00+00:00
4891,,US,android,2024-12-31T00:00:00+00:00
4892,,US,ios,2024-12-31T00:00:00+00:00
4893,,US,android,2024-12-31T00:00:00+00:00
4894,,IN,android,2024-12-31T00:00:00+00:00
4895,,GB,android,2024-12-31T00:00:00+00:00
4896,,US,ios,2024-12-31T00:00:00+00:00
4897,,CA,android,2024-12-31T00:00:00+00:00
4898,,US,android,2024-12-31T00:00:00+00:00
4899,2025-02-04,US,android,2024-12-31T00:00:00+00:00
4900,,IN,android,2024-12-31T00:00:00+00:00
4901,,IN,android,2024-12-31T00:00:00+00:00
4902,,GB,android,2024-12-31T00:00:00+00:00
4903,,US,android,2024-12-31T00:00:00+00:00
4904,,IN,android,2024-12-31T00:00:00+00:00
4905,,IN,android,2024-12-31T00:00:00+00:00
4906,,US,android,2024-12-31T00:00:00+00:00
4907,,IN,ios,2024-12-31T00:00:00+00:00
4908,,IN,ios,2024-12-31T00:00:00+00:00
4909,,GB,ios,2024-12-31T00:00:00+00:00
4910,,US,android,2024-12-31T00:00:00+00:00
4911,,IN,android,2024-12-31T00:00:00+00:00
4912,,US,ios,2024-12-31T00:00:00+00:00
4913,,GB,ios,2024-12-31T00:00:00+00:00
4914,,US,ios,2024-12-31T00:00:00+00:00
4915,,US,ios,2024-12-31T00:00:00+00:00
4916,,AU,ios,2024-12-31T00:00:00+00:00
4917,2025-02-28,US,android,2024-12-31T00:00:00+00:00
4918,,IN,android,2024-12-31T00:00:00+00:00
4919,,IN,android,2024-12-31T00:00:00+00:00
4920,,IN,android,2024-12-31T00:00:00+00:00
4921,2025-03-20,US,android,2024-12-31T00:00:00+00:00
4922,,GB,android,2024-12-31T00:00:00+00:00
4923,,IN,ios,2024-12-31T00:00:00+00:00
4924,,IN,android,2024-12-31T00:00:00+00:00
4925,,AU,android,2024-12-31T00:00:00+00:00
4926,,CA,android,2024-12-31T00:00:00+00:00
4927,,GB,android,2024-12-31T00:00:00+00:00
4928,,AU,android,2024-12-31T00:00:00+00:00
4929,,US,android,2024-12-31T00:00:00+00:00
4930,2025-03-12,AU,android,2024-12-31T00:00:00+00:00
4931,,IN,ios,2024-12-31T00:00:00+00:00
4932,,IN,android,2024-12-31T00:00:00+00:00
4933,2025-02-24,US,android,2024-12-31T00:00:00+00:00
4934,,GB,ios,2024-12-31T00:00:00+00:00
4935,2025-02-20,US,android,2024-12-31T00:00:00+00:00
4936,,IN,android,2024-12-31T00:00:00+00:00
4937,,US,android,2024-12-31T00:00:00+00:00
4938,2025-03-16,IN,android,2024-12-31T00:00:00+00:00
4939,,CA,android,2024-12-31T00:00:00+00:00
4940,2025-03-27,US,android,2024-12-31T00:00:00+00:00
4941,2025-01-19,IN,ios,2024-12-31T00:00:00+00:00
4942,,US,android,2024-12-31T00:00:00+00:00
4943,,IN,ios,2024-12-31T00:00:00+00:00
4944,2025-02-27,IN,android,2024-12-31T00:00:00+00:00
4945,,IN,android,2024-12-31T00:00:00+00:00
4946,2025-03-20,GB,android,2024-12-31T00:00:00+00:00
4947,2025-02-02,CA,android,2024-12-31T00:00:00+00:00
4948,,US,android,2024-12-31T00:00:00+00:00
4949,2025-01-15,US,android,2024-12-31T00:00:00+00:00
4950,,IN,ios,2024-12-31T00:00:00+00:00
4951,,IN,ios,2024-12-31T00:00:00+00:00
4952,,US,android,2024-12-31T00:00:00+00:00
4953,,GB,android,2024-12-31T00:00:00+00:00
4954,,CA,ios,2024-12-31T00:00:00+00:00
4955,,GB,ios,2024-12-31T00:00:00+00:00
4956,,IN,android,2024-12-31T00:00:00+00:00
4957,2025-03-27,US,ios,2024-12-31T00:00:00+00:00
4958,2025-01-21,GB,ios,2024-12-31T00:00:00+00:00
4959,,IN,android,2024-12-31T00:00:00+00:00
4960,,IN,android,2024-12-31T00:00:00+00:00
4961,,AU,ios,2024-12-31T00:00:00+00:00
4962,,IN,android,2024-12-31T00:00:00+00:00
4963,2025-01-28,IN,android,2024-12-31T00:00:00+00:00
4964,,IN,ios,2024-12-31T00:00:00+00:00
4965,,AU,android,2024-12-31T00:00:00+00:00
4966,,IN,android,2024-12-31T00:00:00+00:00
4967,,CA,android,2024-12-31T00:00:00+00:00
4968,,IN,ios,2024-12-31T00:00:00+00:00
4969,,IN,ios,2024-12-31T00:00:00+00:00
4970,,GB,android,2024-12-31T00:00:00+00:00
4971,,CA,android,2024-12-31T00:00:00+00:00
4972,,US,ios,2024-12-31T00:00:00+00:00
4973,,CA,ios,2024-12-31T00:00:00+00:00
4974,,IN,ios,2024-12-31T00:00:00+00:00
4975,,US,android,2024-12-31T00:00:00+00:00
4976,,IN,android,2024-12-31T00:00:00+00:00
4977,,US,android,2024-12-31T00:00:00+00:00
4978,,IN,ios,2024-12-31T00:00:00+00:00
4979,,AU,android,2024-12-31T00:00:00+00:00
4980,,GB,ios,2024-12-31T00:00:00+00:00
4981,,IN,android,2024-12-31T00:00:00+00:00
4982,,US,ios,2024-12-31T00:00:00+00:00
4983,,IN,android,2024-12-31T00:00:00+00:00
4984,,US,android,2024-12-31T00:00:00+00:00
4985,,US,ios,2024-12-31T00:00:00+00:00
4986,,IN,ios,2024-12-31T00:00:00+00:00
4987,,CA,ios,2024-12-31T00:00:00+00:00
4988,,IN,ios,2024-12-31T00:00:00+00:00
4989,,GB,ios,2024-12-31T00:00:00+00:00
4990,,GB,ios,2024-12-31T00:00:00+00:00
4991,,US,android,2024-12-31T00:00:00+00:00
4992,2025-02-06,IN,android,2024-12-31T00:00:00+00:00
4993,,IN,android,2024-12-31T00:00:00+00:00
4994,,IN,ios,2024-12-31T00:00:00+00:00
4995,,US,android,2024-12-31T00:00:00+00:00
4996,,IN,android,2024-12-31T00:00:00+00:00
4997,2025-03-17,IN,android,2024-12-31T00:00:00+00:00
4998,,GB,android,2024-12-31T00:00:00+00:00
4999,,US,android,2024-12-31T00:00:00+00:00
5000,,US,android,2024-12-31T00:00:00+00:00
